comment_id,video_id,video_title,channel_title,clean_text,published_at,like_count,candidate_sentiment,candidate_confidence,sentiment
UgwkEx2caTYlZO_e0P54AaABAg,UKWZhpb5vqg,"Delhi&#39;s New EV Policy: Petrol 2-Wheelers Can&#39;t Be Registered From April 1, 2028 | World DNA News",WION,Stupid policy without vision.....not charging more tax on EV is not any deal breaker...ice vehicle will still be cheaper than EV without or without incentive to buy...EV mandate is necessary,2026-04-13T14:36:21Z,0,Negative,0.6211003065109253,Negative
Ugx-H9MZur8zMx1eaCR4AaABAg,Y2rMYyfbhx8,DELHI EV POLICY 2026 EXPLAINED!!,Prabhjot Speaks,Seedhi baat kha par petrol pumps ha whi par EV charging stations bna do,2026-07-01T14:19:53Z,663,Neutral,0.8337237238883972,Neutral
UgxyQt2YgMLpfpm5ka14AaABAg,Y2rMYyfbhx8,DELHI EV POLICY 2026 EXPLAINED!!,Prabhjot Speaks,One good decision by rekha... but only if Proper charging network,2026-07-01T14:58:41Z,273,Positive,0.736766517162323,Positive
UgxbpJrvdMSW_9Skd2R4AaABAg,Y2rMYyfbhx8,DELHI EV POLICY 2026 EXPLAINED!!,Prabhjot Speaks,Very good decision of Rekha Gupta CM because pollution sabse badi problem hai delhi me but ev charging station develop karne honge fastly 😊😊🎉,2026-07-01T15:53:44Z,0,Positive,0.9291479587554932,Positive
UgyvjSCDs0X2tv5BOyB4AaABAg,Y2rMYyfbhx8,DELHI EV POLICY 2026 EXPLAINED!!,Prabhjot Speaks,Agar har jagah EV charging station banaye to ekdum perfect idea hai....❤😊,2026-07-02T07:20:14Z,0,Positive,0.9685382843017578,Positive
UgzI65lnnUgT2hFaMkJ4AaABAg,Y2rMYyfbhx8,DELHI EV POLICY 2026 EXPLAINED!!,Prabhjot Speaks,"That's good, but the government needs to work on changing the infrastructure.",2026-07-02T03:30:43Z,0,Neutral,0.5501164197921753,Neutral
UgxrByvHTqD2DCg7ax54AaABAg,Y2rMYyfbhx8,DELHI EV POLICY 2026 EXPLAINED!!,Prabhjot Speaks,EV subsidy form kaise bharte hain us par ek video bana do please.,2026-07-11T18:25:20Z,0,Neutral,0.8609400987625122,Neutral
UgxJdDJBNFnkuMS6qGV4AaABAg,Y2rMYyfbhx8,DELHI EV POLICY 2026 EXPLAINED!!,Prabhjot Speaks,But they should atleast give some benefits for 4 wheelers also.,2026-07-01T18:47:06Z,0,Neutral,0.7985101938247681,Neutral
Ugy9JYQb5J9rGbzW0Ep4AaABAg,Y2rMYyfbhx8,DELHI EV POLICY 2026 EXPLAINED!!,Prabhjot Speaks,"I have a plan for speed up or boost charging station all over Delhi You don't have to do anything else. Just do this: if the deadline is set as April 1, 2028, then make a rule that applies to all petrol and CNG stations as well. Every petrol and CNG station must have at least one EV charging station capable of charging a minimum of one four-wheeler and two two-wheelers at the same time.",2026-07-05T16:01:20Z,1,Neutral,0.7220879793167114,Neutral
UgwR92On3rKVdmp-wxJ4AaABAg,Y2rMYyfbhx8,DELHI EV POLICY 2026 EXPLAINED!!,Prabhjot Speaks,2 way participation can actually make it happen. If the government develops sufficient infrastructure then people will be more cooperative because of the ease,2026-07-05T11:19:22Z,0,Positive,0.6669464707374573,Positive
Ugw0D-ASHLrkxx0K1uJ4AaABAg,Y2rMYyfbhx8,DELHI EV POLICY 2026 EXPLAINED!!,Prabhjot Speaks,Bhai isiliye 2028 tak date dia he i think taki tab tak Ev ka charging infrastructure behtar kar sake .,2026-07-04T13:17:16Z,0,Neutral,0.8336778283119202,Neutral
UgzRU2NIp0GcGcGTGmR4AaABAg,Y2rMYyfbhx8,DELHI EV POLICY 2026 EXPLAINED!!,Prabhjot Speaks,Government should also take more steps •making more charging station •subsidised ev vehicles and reduce taxes in ev,2026-07-01T16:15:09Z,0,Neutral,0.7251675128936768,Neutral
UgyUQiJpL4EXIMOBLlB4AaABAg,Y2rMYyfbhx8,DELHI EV POLICY 2026 EXPLAINED!!,Prabhjot Speaks,New rules for common people,2026-07-03T16:18:22Z,0,Neutral,0.7859646081924438,Neutral
UgzJkz69_2KSxY3K_cF4AaABAg,Y2rMYyfbhx8,DELHI EV POLICY 2026 EXPLAINED!!,Prabhjot Speaks,But in a video i saw that someone stole the charging cable of charging stations,2026-07-02T01:20:54Z,0,Negative,0.5111439824104309,Negative
Ugw7j_lgyiKWOftIgPZ4AaABAg,Y2rMYyfbhx8,DELHI EV POLICY 2026 EXPLAINED!!,Prabhjot Speaks,Ek hi party ke do neta do alag alag technologies promote kar re hain.. delhi ke liye EV kharido aur dusre state me Ethanol compliant vehicle,2026-07-02T05:30:27Z,0,Neutral,0.8809545040130615,Neutral
UgxWb3R0C7inl_jYn-x4AaABAg,Y2rMYyfbhx8,DELHI EV POLICY 2026 EXPLAINED!!,Prabhjot Speaks,Bhaiya agar UP mein agar ev two wheeler kharidenge to use per bhi sab subsidy milegi pls bataye,2026-07-01T15:22:41Z,0,Neutral,0.7669554948806763,Neutral
UgxLuYcLRSjDCjMHSWh4AaABAg,Y2rMYyfbhx8,DELHI EV POLICY 2026 EXPLAINED!!,Prabhjot Speaks,Most of the govt 4 wheeler are massively petrol and disel,2026-07-01T18:40:43Z,0,Negative,0.601626455783844,Negative
UgxyR6PTWEBz0WAgMnR4AaABAg,Y2rMYyfbhx8,DELHI EV POLICY 2026 EXPLAINED!!,Prabhjot Speaks,But the problem is that we don't have fast charging infrastructure and india produces most of its electricity with the help of coal,2026-07-02T03:33:02Z,0,Negative,0.7998202443122864,Negative
UgwmVcp8bgd7mX5IJL14AaABAg,Y2rMYyfbhx8,DELHI EV POLICY 2026 EXPLAINED!!,Prabhjot Speaks,"Govt should implement 1. zero tax upto 5years, 2. Providing long lasting battery atleast 5 years mandatory for companies , 3. Modified petrol pump with ev charging points, 4 . Give a loan with zero interest to buy ev vehicles",2026-07-02T04:48:25Z,0,Neutral,0.7867767214775085,Neutral
UgyxpmBQMufw4QIzt1N4AaABAg,Y2rMYyfbhx8,DELHI EV POLICY 2026 EXPLAINED!!,Prabhjot Speaks,Logo ko thodi dikkat hogi lekin Delhi jesi jagah ke liye strict rules aane jaroori h 👍,2026-07-02T02:26:04Z,0,Neutral,0.746163010597229,Neutral
Ugy7_N9R9Y9vHaO3pCR4AaABAg,Y2rMYyfbhx8,DELHI EV POLICY 2026 EXPLAINED!!,Prabhjot Speaks,Tata ko bolo charging station lagane ke liye,2026-07-02T02:30:57Z,0,Neutral,0.7684935331344604,Neutral
UgyTE8HHMeAkBCUcuYd4AaABAg,Y2rMYyfbhx8,DELHI EV POLICY 2026 EXPLAINED!!,Prabhjot Speaks,Policy success ho na ho...Bijli ke rates 100 rs tak ya us se bhi upar ho jayega,2026-07-01T15:30:05Z,0,Neutral,0.8004261255264282,Neutral
UgzVKni_5_CvePNFNpZ4AaABAg,Y2rMYyfbhx8,DELHI EV POLICY 2026 EXPLAINED!!,Prabhjot Speaks,The govt must focus on the following 1. Better EV battery (solid state battery) 2. Ban stubble burning 3. Charging infra.,2026-07-05T09:44:51Z,0,Neutral,0.6441587805747986,Neutral
UgyuKU84Rf3y980vuXp4AaABAg,Y2rMYyfbhx8,DELHI EV POLICY 2026 EXPLAINED!!,Prabhjot Speaks,Our West Bengal Double engine government is filling air in 🚆 train wheel,2026-08-11T12:40:00Z,0,Neutral,0.6185835599899292,Neutral
UgzI56lZhGQv-j9o7aV4AaABAg,Y2rMYyfbhx8,DELHI EV POLICY 2026 EXPLAINED!!,Prabhjot Speaks,"Best policy hai only new vehicle registration will be stop All old vehicle can continue to operate,aso subsidy hai to log EV buy kar lenge specially in two vehicles",2026-07-02T04:23:29Z,0,Neutral,0.5753054022789001,Neutral
Ugyi5F-Dm26ScWOVf8x4AaABAg,Y2rMYyfbhx8,DELHI EV POLICY 2026 EXPLAINED!!,Prabhjot Speaks,Ghanta. Subsidity atti hai chor hai sab. Pehle bhi electric tempu aur scooty li bola tha 2 months me subsidy ayegi . 3 saal hogaye kuch nai ayaa 😂 sab gapla Hai .,2026-07-02T20:53:03Z,1,Neutral,0.6401708126068115,Neutral
UgxoT8TK3h0FtVdjYqB4AaABAg,Y2rMYyfbhx8,DELHI EV POLICY 2026 EXPLAINED!!,Prabhjot Speaks,Aab gatkari jii ka kya hoga road tax maaf kar diya to 😂😂,2026-07-02T01:52:11Z,0,Neutral,0.6472137570381165,Neutral
UgzZTNz9dzAIiT45Cn94AaABAg,Y2rMYyfbhx8,DELHI EV POLICY 2026 EXPLAINED!!,Prabhjot Speaks,Parli nam ki bhi chig bhi dehli m efkt dal ti hai usse bhi dekhle dehli govt,2026-07-07T16:28:36Z,0,Neutral,0.7877434492111206,Neutral
UgwmO1PrvSHPNzQ-15V4AaABAg,Y2rMYyfbhx8,DELHI EV POLICY 2026 EXPLAINED!!,Prabhjot Speaks,Yes because you only made a Video of showing how Delhi government is boasting charging stations in Delhi,2026-07-02T06:47:52Z,0,Neutral,0.7175715565681458,Neutral
UgyeLdSu6caeFpHRACB4AaABAg,Y2rMYyfbhx8,DELHI EV POLICY 2026 EXPLAINED!!,Prabhjot Speaks,"The government has done a good job out of many evils and corruptions, but some more improvement is needed. Now I don't know how long it will be fully implemented, because Ethanol Gadkari has already achieved the 2030 milestone in 2025. 😂",2026-07-02T07:28:46Z,0,Positive,0.5680306553840637,Positive
UgyzfTRSJKE1-vh_yyN4AaABAg,Y2rMYyfbhx8,DELHI EV POLICY 2026 EXPLAINED!!,Prabhjot Speaks,"BJP government ka Policy hai bhai! Kab successful hua hai, jo aaj hoga?... Hamesha jabardasti, jaldbazi! Kyu nehi successful hoga:- 1) Aap logo ko lagta hai, Nitin Gadkari yeh hone denge...Toh yeh project bhi dead ho Jayega aur koi baat bhi nehi hoga! 2) Charging Station banane ke bad karta toh bhi log motivated hota! 3) What about longdrive bikers? Bike to Ladakh, Chitkul etc. 4) What about Bike related other businesses? Karolbagh Market! 5) Speed decline will surely demotivate customers to buy EV Bike... We need more updated Bikes! Till then Govt. should have waited for it!",2026-07-01T19:43:53Z,1,Neutral,0.5654572248458862,Neutral
UgyH_256pOhC57giCTd4AaABAg,Y2rMYyfbhx8,DELHI EV POLICY 2026 EXPLAINED!!,Prabhjot Speaks,Range de do 500 km perfect tb to lenge bhi. Warna faltu mai policy la rhe ho,2026-07-01T17:05:42Z,0,Neutral,0.812289834022522,Neutral
Ugyi0Nn7pFreedtZJyd4AaABAg,Y2rMYyfbhx8,DELHI EV POLICY 2026 EXPLAINED!!,Prabhjot Speaks,Bahi law ane te de abhi mai hamre pass uska bhi jugad hai delhi mai ban hai na 2028 mai Gurgaon or noida mai to nahi na 😂 le jo karana hai kar lo ham tu gaddi bhi chalenge delhi mai hi kya kar loge 😂😂,2026-07-01T14:40:43Z,0,Neutral,0.7651738524436951,Neutral
UgyBKm0aQ-PzijNdnLp4AaABAg,Y2rMYyfbhx8,DELHI EV POLICY 2026 EXPLAINED!!,Prabhjot Speaks,"According to Indian government pollution sirf vechiles se hota h !! What about factories, ahhhhh ethanol factories",2026-07-01T14:39:51Z,3,Negative,0.7465584874153137,Negative
UgzO4fbPzWPa9aj-3tt4AaABAg,Y2rMYyfbhx8,DELHI EV POLICY 2026 EXPLAINED!!,Prabhjot Speaks,Wesa mai bjp govt ko pasand nhe karta par es baar mai pighal gya thanks delhi cm madam,2026-07-08T16:28:32Z,0,Neutral,0.6598097681999207,Neutral
UgytURn_ZN9mEvV1BXB4AaABAg,Y2rMYyfbhx8,DELHI EV POLICY 2026 EXPLAINED!!,Prabhjot Speaks,Nitin gadkari ki direct ev nhi de rahe hai purani bike jinke pass hai unke liye acha hai this policy is good ✅✅👍👍,2026-07-01T14:49:44Z,2,Positive,0.8355739712715149,Positive
UgwEQRysZQWqBNYYbRN4AaABAg,Y2rMYyfbhx8,DELHI EV POLICY 2026 EXPLAINED!!,Prabhjot Speaks,Ghanta subsidy milegi aaj 2 sal ho gye TVS icube scoter liye hua .. koi subsidy nhi ati,2026-07-02T08:17:25Z,0,Neutral,0.6266403794288635,Neutral
UgwQXFI0kjvEUed0DEB4AaABAg,Y2rMYyfbhx8,DELHI EV POLICY 2026 EXPLAINED!!,Prabhjot Speaks,Dalal govt factory kon band Kara ga,2026-07-01T18:27:13Z,0,Neutral,0.728989839553833,Neutral
Ugwr7VI24tCoELdciWJ4AaABAg,Y2rMYyfbhx8,DELHI EV POLICY 2026 EXPLAINED!!,Prabhjot Speaks,"Bullshit policy, everyone in position of power is absolute morons, without proper infrastructure this ev push will cause enormous fire hazards, powergrid failure is eminent and the charging grid issue is another problem. Delhi is going to crumple soon.",2026-07-01T19:14:25Z,0,Negative,0.9331331849098206,Negative
Ugz1X3NXaNJ0GHdcJxp4AaABAg,Y2rMYyfbhx8,DELHI EV POLICY 2026 EXPLAINED!!,Prabhjot Speaks,Bjp hi totally failed govt hai Toh policy kaise success hogi And even all are one we are in pieces,2026-07-02T03:51:30Z,0,Negative,0.9234592914581299,Negative
UgwX2XffSdOnQlkhvap4AaABAg,Y2rMYyfbhx8,DELHI EV POLICY 2026 EXPLAINED!!,Prabhjot Speaks,Policy successful ho naho Gotala Pakka hai😂 1500 cr ka😂,2026-07-01T14:25:48Z,0,Neutral,0.6612632274627686,Neutral
UgyiDNzAyL2Jh1Hxj-t4AaABAg,cy7IrPOXdZo,Big News for Delhi! CM Rekha Gupta Announces New EV Policy #ev #delhievpolicy2026 #cmrekhagupta,India Today,Good step but please Gadkari jii ko yeh gaadiyo ko kharab karne se roko warna bahut kuch ho skta hai public outrage jis din badha na us din poori govt. Badalni padegi,2026-07-02T05:53:40Z,4,Neutral,0.6076608300209045,Neutral
UgwkqAs4t10kpEe11r94AaABAg,cy7IrPOXdZo,Big News for Delhi! CM Rekha Gupta Announces New EV Policy #ev #delhievpolicy2026 #cmrekhagupta,India Today,"This is a confused government, few days back the inaugurated e85 petrol in petrol pump than inaugurated flex fuel bike and next day ban fuel 2wheelers , are they confusing the manufacturers and public?",2026-07-03T05:12:39Z,3,Negative,0.7820255756378174,Negative
UgzTxB0L9Rb-ZOb4nE14AaABAg,cy7IrPOXdZo,Big News for Delhi! CM Rekha Gupta Announces New EV Policy #ev #delhievpolicy2026 #cmrekhagupta,India Today,I purchased an ev ola in oct 24 but still haven't received any Subsidy,2026-07-30T11:14:18Z,0,Negative,0.5292785167694092,Negative
UgzEMUbAyABziXZ5Gn14AaABAg,cy7IrPOXdZo,Big News for Delhi! CM Rekha Gupta Announces New EV Policy #ev #delhievpolicy2026 #cmrekhagupta,India Today,"I purchased an EV scooter in November 2024, but I am still unable to apply for the Delhi government EV subsidy. I have contacted the EV scooter dealership in Delhi many times, but they have told me that they have not received any updates or information from the Delhi Government regarding subsidy applications for vehicles purchased in November 2024. I also had to pay the registration fee and road tax. Could you please let me know why the subsidy application is still not available? When will the application process open for vehicles purchased in November 2024? It is now July 2026. Why has it taken so long, and when can I expect to receive an update?",2026-07-02T06:22:19Z,2,Negative,0.6803398728370667,Negative
Ugz8lZ-yVcUkxCpVRDB4AaABAg,cy7IrPOXdZo,Big News for Delhi! CM Rekha Gupta Announces New EV Policy #ev #delhievpolicy2026 #cmrekhagupta,India Today,Sab Fake News Hai Abhi Dealer ke pas Aisa Koi Subsidy plan Nahi Bheja hai Delhi Government ne Main Gaya Tha Purchase ke liye,2026-07-06T05:36:00Z,0,Neutral,0.576657772064209,Neutral
UgztupAiI6Gh17mJHTV4AaABAg,cy7IrPOXdZo,Big News for Delhi! CM Rekha Gupta Announces New EV Policy #ev #delhievpolicy2026 #cmrekhagupta,India Today,"EV scooter ka rate badhado phir subsidy dedo ,isko kehte hai polotics",2026-07-02T17:14:57Z,1,Neutral,0.64322429895401,Neutral
UgwJQH8893lwQqscgYB4AaABAg,E4FVzFbrwTA,Delhi EV Policy 2026: No New Petrol Two-Wheelers from 2028? | Current Affairs | Drishti IAS,Drishti IAS,Phle hi rate double kr do phir subsidy de do mantriyo ka commission to automobile company mil hi gya hoga,2026-07-09T14:44:30Z,1,Neutral,0.7526842951774597,Neutral
UgwaSTfbjPNrbe3J0Cl4AaABAg,E4FVzFbrwTA,Delhi EV Policy 2026: No New Petrol Two-Wheelers from 2028? | Current Affairs | Drishti IAS,Drishti IAS,Charging station par work kare,2026-07-05T06:42:50Z,0,Neutral,0.8261433839797974,Neutral
Ugy67SeOlVegab3xjiZ4AaABAg,E4FVzFbrwTA,Delhi EV Policy 2026: No New Petrol Two-Wheelers from 2028? | Current Affairs | Drishti IAS,Drishti IAS,The government should Implement this policy to all states ( with flexibility in the north east),2026-07-02T15:56:17Z,0,Neutral,0.7477383017539978,Neutral
UgzIaQE1FDu85Wxmzbh4AaABAg,ON0ESOiXeOM,Delhi EV Policy Won’t Stop Petrol Bike Sales. Car Guru Explains.,DoubleCheck By Sanket Upadhyay,"On one hand the government has given clearance for cutting of lakhs of trees in Hasdeo Forest of Chattisgarh for coal mining, on the other side they are talking about ethanol blending and EVs... what a hypocrisy 🤔",2026-07-03T13:44:27Z,1,Negative,0.6201097369194031,Negative
UgxVkOsRIx8y7qRk59Z4AaABAg,ON0ESOiXeOM,Delhi EV Policy Won’t Stop Petrol Bike Sales. Car Guru Explains.,DoubleCheck By Sanket Upadhyay,"Nobody talks about that is ev vehicle really reducing pollution and carbon footprint...,.if we look at entire manufacturing of ev vehicle, battery and it's carbon footprint is higher than petrol vehcile ...Also who will guarantee the replacement battery will hv same life span as that of original battery....What is the policy for dumping and processing of battery waste ....",2026-07-04T15:01:31Z,0,Negative,0.5760835409164429,Negative
UgyNEiPWRTy3pbAo_w94AaABAg,ON0ESOiXeOM,Delhi EV Policy Won’t Stop Petrol Bike Sales. Car Guru Explains.,DoubleCheck By Sanket Upadhyay,Yeh bhai pakka govt ko hola dega ev or ethonl se,2026-07-04T05:09:57Z,0,Neutral,0.8226909041404724,Neutral
UgzEbwngD_wxvh-7bwJ4AaABAg,ON0ESOiXeOM,Delhi EV Policy Won’t Stop Petrol Bike Sales. Car Guru Explains.,DoubleCheck By Sanket Upadhyay,Delhi ev policy❌ Pardhan mantri har ghar dhamaka yojna ✅,2026-07-04T01:21:34Z,0,Neutral,0.8946328163146973,Neutral
Ugy49136CVxcczZ6wx94AaABAg,ON0ESOiXeOM,Delhi EV Policy Won’t Stop Petrol Bike Sales. Car Guru Explains.,DoubleCheck By Sanket Upadhyay,"मेरा 1,75,000 रुपए की ola electric scooter 2.5 साल में ही 15000 km चलने के बाद खुद ही scrap हो गया। 😢 ना ही आज तक subsidy मिली 😢 कोई free के भाव भी पूछने वाला नहीं 😢 अब idea 💡 आया इसे ही scrap कराने ले जाता हूं 😢 और इसकी video बनाकर इसके बदले पेट्रोल स्कूटर ले लेता हूं। ताकि लोगो को पता चले कि Ev कितनी घटिया और बेकार है।",2026-07-07T18:18:32Z,0,Neutral,0.627275824546814,Neutral
UgynccWNZgvaSB1P-qR4AaABAg,np25v4-Vq2Y,"Automobile Expert, Gagan Choudhary: &#39;EV Policy Could&#39;ve Roped In CNG Bikes As An Option&#39; | Exclusive",The Indian Express,Pahle petrol pumps jitne asani se mil jaye utne charging stations to lagao...fir lana aisi fuddu policy,2026-07-02T11:23:38Z,32,Negative,0.5241796970367432,Negative
Ugy78tyxlmQY4uwYeMV4AaABAg,np25v4-Vq2Y,"Automobile Expert, Gagan Choudhary: &#39;EV Policy Could&#39;ve Roped In CNG Bikes As An Option&#39; | Exclusive",The Indian Express,"If you ride 30/40 km per month then you should go for Cycle or E-cycle, it would be better for those. Ev Policy should come with cheap universal charging facilities with single rate.",2026-07-02T06:51:47Z,23,Neutral,0.6314995884895325,Neutral
Ugy1iEiQRlpbq-HnRGt4AaABAg,np25v4-Vq2Y,"Automobile Expert, Gagan Choudhary: &#39;EV Policy Could&#39;ve Roped In CNG Bikes As An Option&#39; | Exclusive",The Indian Express,"This rule is not good.. let me explain when delhi reduced alowed limit on diesel cars, we saw reduced sale in all over nation. and infact manufacturers stopped selling diesel altogether. India is a massive manufacturer and exporter of 2 wheelers and when primary market gets low sales its an overall impact on the development cycle too. Also why targetting 2 wheeler, why not govt trucks and buses first.. if you replace one bus, you reduce polution of upto 20 cars and 100 bikes.",2026-07-02T11:48:32Z,9,Negative,0.7457083463668823,Negative
UgyOUhxXLHXJS_KK2OV4AaABAg,np25v4-Vq2Y,"Automobile Expert, Gagan Choudhary: &#39;EV Policy Could&#39;ve Roped In CNG Bikes As An Option&#39; | Exclusive",The Indian Express,"Simple Solution make lanes For normal cycles and e-cycles, end Hawking culture! System needs to stop hafta culture from root both Citizens and Govt to change situation! I respect our Government however things need to change Gradually! China made it possible because corruption is not encouraged ! However no country is 100% corruption free! Still even with 90% of the good people in the government Offices can change the situation!",2026-07-02T05:44:18Z,7,Neutral,0.5812704563140869,Neutral
UgxaA_FRdhvyJqikgux4AaABAg,np25v4-Vq2Y,"Automobile Expert, Gagan Choudhary: &#39;EV Policy Could&#39;ve Roped In CNG Bikes As An Option&#39; | Exclusive",The Indian Express,"Improve electric charging infrastructure..other countries use fines on polluters and taxes on fossil fuels to pay for public infrastructure. I think Gagan is missing the big picture, in many countries EVs are at price parity or even cheaper than fossil fuel vehicles... He should ask why it is not cheaper in India.. Entire perspective of our society needs to change on how to increase electrification t reduce dependence on expensive imported fuels",2026-07-02T13:56:37Z,2,Neutral,0.648857831954956,Neutral
UgzmhwaE9rqHrWpx1d54AaABAg,np25v4-Vq2Y,"Automobile Expert, Gagan Choudhary: &#39;EV Policy Could&#39;ve Roped In CNG Bikes As An Option&#39; | Exclusive",The Indian Express,How much pollution is caused due to manufacturing of batteries?,2026-07-06T04:07:38Z,0,Negative,0.5827713012695312,Negative
Ugywqh3-7s6VmakPG_J4AaABAg,np25v4-Vq2Y,"Automobile Expert, Gagan Choudhary: &#39;EV Policy Could&#39;ve Roped In CNG Bikes As An Option&#39; | Exclusive",The Indian Express,Mr gagan : since beginning you are saying ev is failure..... Now see the numbers..... Who took ev once ... Can't buy petrol Or diesel.... Ev is rocket... And talk about ev infra... Too many chargers available now...,2026-07-03T09:25:47Z,0,Negative,0.7111228108406067,Negative
Ugw_FdNbcM0c76OwVW94AaABAg,np25v4-Vq2Y,"Automobile Expert, Gagan Choudhary: &#39;EV Policy Could&#39;ve Roped In CNG Bikes As An Option&#39; | Exclusive",The Indian Express,West bengal never do this. They don't have any interest to take this type of things. They are just doing politics. Not doing anything to encourage ev buyers. In west bengal a hero vida vx2 plus is costing 115k ex showroom with 5k subsidy. If i am not wrong in delhi the same can be at 85k with subsidy,2026-07-05T06:56:52Z,0,Negative,0.6357755064964294,Negative
Ugyuvf1fSX6feXK0J9x4AaABAg,np25v4-Vq2Y,"Automobile Expert, Gagan Choudhary: &#39;EV Policy Could&#39;ve Roped In CNG Bikes As An Option&#39; | Exclusive",The Indian Express,"The journalist didn't even prepare well - what about battery degradation, breakeven km, global best practices to curb pollution, present state of infra for charging, parking spaces to allow for charging for two wheeler in public parking, battery cell import impact on forex, why not allow high end bikes and tax them heavily, allowing for resale of two wheeler in states other than ncr with incentives and scraping ones with incentives, how EV safety could be included like no ignition without helmet - for all around policy, towing infra in case of battery depletion, workshops other than company owner and maintenance modules and part for right to self repair, flooding in the areas and EVs, battery depletion in extreme high temperature of delhi, will govt be investing in power storage solution to control the intermittancy if renewable in the increase power requirement, NCR areas two wheeler movement restrictions, will the incentives be one time and assured time in which one recieves, insurance cost differnece - come on, I read this paper, ask in detail - it's not a brief note",2026-07-01T18:05:55Z,1,Negative,0.5653066635131836,Negative
UgxmsTLgGL8S4-M1dpJ4AaABAg,nJaHI4lnY18,"Delhi News | Delhi Approves New EV Policy, Rs 15,000 Crore Push for Electric Vehicles",NDTV,"Sabse pehle government apni fleet kyu change nahi karti? Tab inko samajh ayega charging issues jo public face kar rahi hai. Buses to bus depot me charge hoti hai magar aam public ke liye kya facility hai abhi tak. Target 2030 ka tha to 2026 me bina infra ke kyu launch ki hai? CNG ka unfra 20 saal me establish hua aur ab ev pe switch Petrol me ethanol mix, cng me bio gas mix, diesel me isobutanol mix aur ev ke charger hai nahi. Dimag se khali hai sarkar aur unke mantri.",2026-06-29T15:29:32Z,0,Neutral,0.7000110745429993,Neutral
UgzjK8ARK6n_ZRvkltV4AaABAg,nJaHI4lnY18,"Delhi News | Delhi Approves New EV Policy, Rs 15,000 Crore Push for Electric Vehicles",NDTV,Kya drama hai…. Road tax to phale se lagta hi nahi tha 😂,2026-07-01T03:02:39Z,0,Neutral,0.6984883546829224,Neutral
UgyPkgvsWDXWwlGUith4AaABAg,AsIZi_ff7_4,"Delhi&#39;s New EV Policy: Petrol 2-wheelers Can&#39;t Be Registered From April 1, 2028 | WION News",WION,"Delhi removed the taxes on EV vehicles. On thr other hand karnataka just added taxes on EV vehicles making them more expensive and u affordable. Let alone giving subsidy, citizens can't even pay the showroom price and get the car.",2026-04-13T03:26:11Z,22,Negative,0.5866867303848267,Negative
UgyFiseTiDceIHQvB314AaABAg,AsIZi_ff7_4,"Delhi&#39;s New EV Policy: Petrol 2-wheelers Can&#39;t Be Registered From April 1, 2028 | WION News",WION,News is related to Delhi and you are using foreign charging station videos 😂😂,2026-04-13T17:19:08Z,18,Negative,0.4965299367904663,Negative
Ugybqd2GNq_sZ2cUvmR4AaABAg,AsIZi_ff7_4,"Delhi&#39;s New EV Policy: Petrol 2-wheelers Can&#39;t Be Registered From April 1, 2028 | WION News",WION,indian government already figured out how to rob indians with this nautanki 🤣🤣🤣,2026-04-14T03:24:38Z,10,Negative,0.7471052408218384,Negative
UgwfsYWrf0JyDopyAOR4AaABAg,AsIZi_ff7_4,"Delhi&#39;s New EV Policy: Petrol 2-wheelers Can&#39;t Be Registered From April 1, 2028 | WION News",WION,"No one is addressing the problem of range anxiety. If fast DC chargers deployed in offices and housing societies parkings, half of the problem will solve. Mandatory DC EV chargers in Commercial business parks and buildings, will solve the problem. Unified 2W charging socket too.",2026-04-13T10:27:49Z,10,Neutral,0.5600824952125549,Neutral
UgyjFNSl1RGeqOWfuJt4AaABAg,AsIZi_ff7_4,"Delhi&#39;s New EV Policy: Petrol 2-wheelers Can&#39;t Be Registered From April 1, 2028 | WION News",WION,"What about charging infrastructure, breakdown roadside assistant?",2026-04-14T06:35:36Z,5,Neutral,0.6425963640213013,Neutral
UgzvAwHF0LBRb_qSsJF4AaABAg,AsIZi_ff7_4,"Delhi&#39;s New EV Policy: Petrol 2-wheelers Can&#39;t Be Registered From April 1, 2028 | WION News",WION,What about policy for ev chargers in societies as many do not allow it as there is no infrastructure,2026-04-13T06:19:58Z,5,Negative,0.6921005845069885,Negative
UgyoCGhx2u2PG4nKUqN4AaABAg,AsIZi_ff7_4,"Delhi&#39;s New EV Policy: Petrol 2-wheelers Can&#39;t Be Registered From April 1, 2028 | WION News",WION,"Go green is a scam because 1. plastic is not banned but ask users to stop buying 2. Industrial pollution is more than 5% vehicle pollution , even then people are asked to change their vehicles which are priced higher than normal vehicles 3. government work for industries they are brand ambassadors of Corporate companies",2026-04-14T10:36:34Z,4,Negative,0.779350757598877,Negative
UgzYc6ZKpDR1LrJFG0V4AaABAg,AsIZi_ff7_4,"Delhi&#39;s New EV Policy: Petrol 2-wheelers Can&#39;t Be Registered From April 1, 2028 | WION News",WION,"Road tax kya ,toll tax htao to mane",2026-04-12T17:28:44Z,0,Neutral,0.7537285089492798,Neutral
UgyEBSTJNfC_fIl8ZG94AaABAg,AsIZi_ff7_4,"Delhi&#39;s New EV Policy: Petrol 2-wheelers Can&#39;t Be Registered From April 1, 2028 | WION News",WION,Good they are waiving tax but who will pay for the scooter when people can barely afford replacing tail light bulb of their current 100cc bike?,2026-04-13T11:37:02Z,1,Neutral,0.48534291982650757,Neutral
Ugy9oXska4mZDreaezt4AaABAg,AsIZi_ff7_4,"Delhi&#39;s New EV Policy: Petrol 2-wheelers Can&#39;t Be Registered From April 1, 2028 | WION News",WION,what about the extra cost for ev vs petrol ? subsidy dont make the price even lower or similar to petrol variant so how will even lower middle class family afford such prices,2026-04-13T04:46:05Z,0,Negative,0.7137206792831421,Negative
UgxLe9-D9L9s20pinpJ4AaABAg,AsIZi_ff7_4,"Delhi&#39;s New EV Policy: Petrol 2-wheelers Can&#39;t Be Registered From April 1, 2028 | WION News",WION,i have a idea...to encourage people to adopt ev...remove gst an road tax...completely from ev...,2026-04-13T06:54:19Z,0,Neutral,0.7453258633613586,Neutral
UgwsgIS4Axs1NxhQykB4AaABAg,AsIZi_ff7_4,"Delhi&#39;s New EV Policy: Petrol 2-wheelers Can&#39;t Be Registered From April 1, 2028 | WION News",WION,"Pollution tax should be put on all Petrol, diesel, cng cars, buses and trucks. 10% of the value of the cars when purchased.",2026-04-13T14:17:24Z,0,Neutral,0.49692219495773315,Neutral
UgySllTIsheeGiedXh94AaABAg,AsIZi_ff7_4,"Delhi&#39;s New EV Policy: Petrol 2-wheelers Can&#39;t Be Registered From April 1, 2028 | WION News",WION,"In Bengaluru, we’re now proudly moving towards paying road tax for EVs — because clearly what we needed wasn’t better charging infrastructure, but more payments. Why match states like Kerala, Andhra Pradesh, or Telangana in planning chargers when we can instead offer a premium experience of hunting for one? And of course, let’s not forget the city’s signature feature — dust. Who needs clean roads when you can enjoy cinematic slow-motion dust clouds while riding your fossil burning cars with windows down? Bengaluru isn’t just a tech hub anymore — it’s an adventure sport.😄",2026-04-13T12:05:40Z,0,Neutral,0.5047973990440369,Neutral
UgyNzvmLvV5JAW3zYxV4AaABAg,AsIZi_ff7_4,"Delhi&#39;s New EV Policy: Petrol 2-wheelers Can&#39;t Be Registered From April 1, 2028 | WION News",WION,This is stupidity. Forcing people to ditch their two wheelers which by the way have more mileage per liter of petrol consumed. Why does not govt introduce property tax on car ownership instead and bring law to charge cars a daily pass fee to ply on the roads?,2026-04-13T23:50:35Z,0,Negative,0.8444891571998596,Negative
UgyjuLHi-7KNknAA60V4AaABAg,AsIZi_ff7_4,"Delhi&#39;s New EV Policy: Petrol 2-wheelers Can&#39;t Be Registered From April 1, 2028 | WION News",WION,Government must not charge gst and other taxes if they really want to promote Enviorment 🙏,2026-04-27T12:24:52Z,0,Neutral,0.6502171158790588,Neutral
UgwYpoyuCgxdi-uB0Oh4AaABAg,AsIZi_ff7_4,"Delhi&#39;s New EV Policy: Petrol 2-wheelers Can&#39;t Be Registered From April 1, 2028 | WION News",WION,In contrast Karnataka Govt implemented new Road tax for 4 wheeler EVs,2026-04-15T11:25:29Z,0,Neutral,0.83893883228302,Neutral
Ugwu8uNRiBNvhftCvpl4AaABAg,AsIZi_ff7_4,"Delhi&#39;s New EV Policy: Petrol 2-wheelers Can&#39;t Be Registered From April 1, 2028 | WION News",WION,Why not Industries be fully green ... why only Cars and 2 wheelers because govt get tax amount when every user in india buy electric car leaving their petrol and diesel cars...,2026-04-14T10:34:20Z,0,Neutral,0.5863862633705139,Neutral
UgxTkoFTORQ7D8P5xF54AaABAg,AsIZi_ff7_4,"Delhi&#39;s New EV Policy: Petrol 2-wheelers Can&#39;t Be Registered From April 1, 2028 | WION News",WION,"Don't ever purchase ev, you all will be screwing your life. Toll are based on satellite, you will be charged, ev can have kill witch and subscription model can be fitted into ev. Your life will be a mess. avoid all this crap and ev are not less polluting, as it is sold in the market. They will find ways to suck taxes out indrectly. May ev, digital id, digital cash and all absurd laws collapse soon.Thathasthu",2026-04-15T05:43:54Z,1,Negative,0.9018803238868713,Negative
Ugw5GZBb1Dwz15Cn39R4AaABAg,AsIZi_ff7_4,"Delhi&#39;s New EV Policy: Petrol 2-wheelers Can&#39;t Be Registered From April 1, 2028 | WION News",WION,If government really want to move to EV they should lower the price of EV equal to petrol cars all the money which will be saved from petrol is collected upfront by company and car don't have any resale value to,2026-04-14T08:39:30Z,0,Neutral,0.5956524610519409,Neutral
Ugxscvr43d44Uv1q5jJ4AaABAg,AsIZi_ff7_4,"Delhi&#39;s New EV Policy: Petrol 2-wheelers Can&#39;t Be Registered From April 1, 2028 | WION News",WION,Dum hai to Punjab and Haryana ke Kisaano ka Crop burning band karwakar dikhao.provide alternate solutions Aap bus Tax payer ke armaano ki lanka lagaao. What is this BJP delhi?,2026-04-12T21:33:01Z,0,Negative,0.6889238357543945,Negative
UgxJGocBCSNVqzcAimJ4AaABAg,AsIZi_ff7_4,"Delhi&#39;s New EV Policy: Petrol 2-wheelers Can&#39;t Be Registered From April 1, 2028 | WION News",WION,"Delhi pollution is due to factories surrounding delhi. Ev cars and bike are great and all but that wont solve any problem. Infact that will create more problems because once ev fails then what? You will need more electricity to support all the vehicles, which we dont have everywhere. Only certain areas in India has 24/7 electricity. I will not buy a ev vehicles until we have proper charging stations and the vehicles can be repaired by everybody.",2026-04-14T04:28:17Z,0,Negative,0.7471015453338623,Negative
UgyqFUO7Bufys4hdFQt4AaABAg,AsIZi_ff7_4,"Delhi&#39;s New EV Policy: Petrol 2-wheelers Can&#39;t Be Registered From April 1, 2028 | WION News",WION,It will be disaster if this policy will be implemented. It will be a stupid mistake.,2026-04-16T14:08:47Z,0,Negative,0.9074538946151733,Negative
UgwXW_w-Qv0VwNK47yF4AaABAg,AsIZi_ff7_4,"Delhi&#39;s New EV Policy: Petrol 2-wheelers Can&#39;t Be Registered From April 1, 2028 | WION News",WION,Thankgod for the BJP govt. Doing things on ground. Much needed,2026-04-13T10:09:11Z,0,Positive,0.9639614224433899,Positive
UgxO8nuCaa_WSwbdQrR4AaABAg,AsIZi_ff7_4,"Delhi&#39;s New EV Policy: Petrol 2-wheelers Can&#39;t Be Registered From April 1, 2028 | WION News",WION,"Well done BJP government. You are doing best works in Delhi. From roads, footpaths to events.",2026-04-16T07:53:25Z,0,Positive,0.9758042693138123,Positive
Ugykuuw2G1txXH06S_F4AaABAg,JFBpD_AkFy4,Delhi EV Policy 2026: क्या है दिल्ली की नई EV पॉलिसी ? CM Rekha Gupta | Pollution Free Delhi,IndiaTV,Oct 2023 ki 2 wheeler tvs iqube ki subsidy delhi govt. Kab degi?,2026-07-01T02:43:57Z,0,Neutral,0.849559485912323,Neutral
UgxT-Uct-gAYNNStauV4AaABAg,JFBpD_AkFy4,Delhi EV Policy 2026: क्या है दिल्ली की नई EV पॉलिसी ? CM Rekha Gupta | Pollution Free Delhi,IndiaTV,Abhi tak purani policy ki subsidy logo ke khate me nhi ayi hai and dealer ne subsidy dene se mana Kar diya,2026-06-30T09:19:40Z,2,Neutral,0.5866942405700684,Neutral
Ugxj-5pdyUK2bIdiK9x4AaABAg,JFBpD_AkFy4,Delhi EV Policy 2026: क्या है दिल्ली की नई EV पॉलिसी ? CM Rekha Gupta | Pollution Free Delhi,IndiaTV,2023 ki subsidy abhi tak Mili nahin e rikshaw ki pepar or news me hi dikhta hai bs ki subsidy mili,2026-06-30T13:57:02Z,3,Neutral,0.7134537100791931,Neutral
UgxvgdSLigfILlA5GA54AaABAg,JFBpD_AkFy4,Delhi EV Policy 2026: क्या है दिल्ली की नई EV पॉलिसी ? CM Rekha Gupta | Pollution Free Delhi,IndiaTV,"Rta office under hills,delhi govt ka name lete h ki delhi govt nhi de rhi h subsidy.",2026-07-01T02:45:08Z,2,Neutral,0.7896689176559448,Neutral
Ugw5GlS91A2OKOSikY54AaABAg,JFBpD_AkFy4,Delhi EV Policy 2026: क्या है दिल्ली की नई EV पॉलिसी ? CM Rekha Gupta | Pollution Free Delhi,IndiaTV,Electric vahical ke price bhi kam karne chahiye ji companies ko ji Tab jakar ye policy successful hogi ji,2026-06-30T13:18:13Z,2,Neutral,0.7759514451026917,Neutral
UgyOMBwc7RuGcPJ4K-F4AaABAg,JFBpD_AkFy4,Delhi EV Policy 2026: क्या है दिल्ली की नई EV पॉलिसी ? CM Rekha Gupta | Pollution Free Delhi,IndiaTV,"Car manufacturers ko government ke taraf se servicing ka ya maintenance ka pura dabab dena hoga, aur charging station bananaa hoga lot number me.",2026-07-01T02:59:33Z,0,Neutral,0.6139894127845764,Neutral
UgwtGbKCNE85iuA_eS14AaABAg,JFBpD_AkFy4,Delhi EV Policy 2026: क्या है दिल्ली की नई EV पॉलिसी ? CM Rekha Gupta | Pollution Free Delhi,IndiaTV,Isme govt kaha se invest kr rahi hai???,2026-06-30T05:05:06Z,0,Neutral,0.8047996163368225,Neutral
Ugx5UeLY_-CNS2vlpxh4AaABAg,JFBpD_AkFy4,Delhi EV Policy 2026: क्या है दिल्ली की नई EV पॉलिसी ? CM Rekha Gupta | Pollution Free Delhi,IndiaTV,Ev registration only for 15 years like petrol,2026-07-01T07:08:07Z,0,Neutral,0.7821690440177917,Neutral
Ugy6YuTx9T-KVumnDc54AaABAg,JFBpD_AkFy4,Delhi EV Policy 2026: क्या है दिल्ली की नई EV पॉलिसी ? CM Rekha Gupta | Pollution Free Delhi,IndiaTV,रजत जी सरकार कोबसन्देश दो की पुरानी गाड़ियों को भी ev में बदकने की policy लाये नहीं तो गाड़ियों का load बहुत हो जायेगा,2026-07-01T06:33:54Z,0,Neutral,0.7701889872550964,Neutral
UgxY12R10yVWsVA-77d4AaABAg,tCFit6Sx6vo,"हज़ारों-लाखों की बचत वाली Delhi Electric Vehicle EV Policy से EV Car, EV Bike खरीदने में मज़े ही मज़े",The Lallantop,And karnataka increased roadtax to 5-8% on all EVs..,2026-04-11T14:41:44Z,37,Neutral,0.749184787273407,Neutral
Ugxk-dWVsjxjWu2s0kB4AaABAg,tCFit6Sx6vo,"हज़ारों-लाखों की बचत वाली Delhi Electric Vehicle EV Policy से EV Car, EV Bike खरीदने में मज़े ही मज़े",The Lallantop,"Saare politicians ko electric car use krni chahiye, it must be a strict rule for every politician to use electric vehicle. It will inspire the public.",2026-04-12T07:20:05Z,12,Neutral,0.6257686614990234,Neutral
Ugyg4puvE_Rl1rgTnwx4AaABAg,tCFit6Sx6vo,"हज़ारों-लाखों की बचत वाली Delhi Electric Vehicle EV Policy से EV Car, EV Bike खरीदने में मज़े ही मज़े",The Lallantop,Great step. Pls also build ev charging infrastructure.,2026-04-12T00:30:25Z,7,Positive,0.9526565670967102,Positive
UgwpVeMqHJM-G1QzVLd4AaABAg,tCFit6Sx6vo,"हज़ारों-लाखों की बचत वाली Delhi Electric Vehicle EV Policy से EV Car, EV Bike खरीदने में मज़े ही मज़े",The Lallantop,Puc challan applied by traffic police,2026-04-11T14:14:08Z,18,Neutral,0.6218984723091125,Neutral
UgyuGvZJFZCyloN5aWt4AaABAg,tCFit6Sx6vo,"हज़ारों-लाखों की बचत वाली Delhi Electric Vehicle EV Policy से EV Car, EV Bike खरीदने में मज़े ही मज़े",The Lallantop,ev manufacturers ko bhi bolo.. har 10 unit sell karne par wo ek dc charging station lagaaye.. aisa nhi karne par unpe fine lagaaye,2026-04-12T03:21:17Z,4,Neutral,0.7660488486289978,Neutral
UgyFhtL0hzEUFQ2ixD94AaABAg,tCFit6Sx6vo,"हज़ारों-लाखों की बचत वाली Delhi Electric Vehicle EV Policy से EV Car, EV Bike खरीदने में मज़े ही मज़े",The Lallantop,Inhone abhi tk mere scooty pr subsidy nahe di 2 saal ho gye liye,2026-04-11T14:17:00Z,0,Neutral,0.7761127352714539,Neutral
Ugyfa_sHcsxQ-GtD7iF4AaABAg,tCFit6Sx6vo,"हज़ारों-लाखों की बचत वाली Delhi Electric Vehicle EV Policy से EV Car, EV Bike खरीदने में मज़े ही मज़े",The Lallantop,"Govt. gave anticipated reduction in pollution data, for forgot to give estimates of rise in electricity demand and how govt. is going to tackle it?",2026-04-11T16:20:49Z,0,Neutral,0.6715320348739624,Neutral
Ugwcyu-USZqWN3I1wxh4AaABAg,tCFit6Sx6vo,"हज़ारों-लाखों की बचत वाली Delhi Electric Vehicle EV Policy से EV Car, EV Bike खरीदने में मज़े ही मज़े",The Lallantop,kya isme koi Quota bhi hai? mera already UP ki subsidy k chakar me 1 lakh ka nuksan ho chuka hai kyuki saari formalitis and document submit karne k baad bola gaya quota pura ho gaya hai,2026-04-13T10:32:05Z,0,Neutral,0.6643884778022766,Neutral
UgxGbQ0YrjsTkb3wkvh4AaABAg,tCFit6Sx6vo,"हज़ारों-लाखों की बचत वाली Delhi Electric Vehicle EV Policy से EV Car, EV Bike खरीदने में मज़े ही मज़े",The Lallantop,We all are aware of the intention of this government.. They will never give even Air for free.😂 Let's wait and watch,2026-04-11T14:10:23Z,14,Negative,0.5344880819320679,Negative
UgzrlCJHDvmEOSe3LVp4AaABAg,tCFit6Sx6vo,"हज़ारों-लाखों की बचत वाली Delhi Electric Vehicle EV Policy से EV Car, EV Bike खरीदने में मज़े ही मज़े",The Lallantop,agar car 20 days pehle li hai 28 lakh ki. tou kya woh 1 lakh ka benefit milega,2026-04-11T16:27:35Z,0,Neutral,0.8262282013893127,Neutral
UgztpFyVGZKsP-SXxKh4AaABAg,tCFit6Sx6vo,"हज़ारों-लाखों की बचत वाली Delhi Electric Vehicle EV Policy से EV Car, EV Bike खरीदने में मज़े ही मज़े",The Lallantop,Delhi government did fantastic decision!,2026-04-13T14:42:04Z,2,Positive,0.983320415019989,Positive
UgzAPeN6OmfWOTJZ8-l4AaABAg,tCFit6Sx6vo,"हज़ारों-लाखों की बचत वाली Delhi Electric Vehicle EV Policy से EV Car, EV Bike खरीदने में मज़े ही मज़े",The Lallantop,Sirf 2 year ke liye ....jab bohot sare log kharid leg tab tax laga diya jayega 2x...,2026-04-11T14:35:40Z,0,Neutral,0.769596517086029,Neutral
Ugy654HxQRx1OjcuppV4AaABAg,tCFit6Sx6vo,"हज़ारों-लाखों की बचत वाली Delhi Electric Vehicle EV Policy से EV Car, EV Bike खरीदने में मज़े ही मज़े",The Lallantop,This is a tactic to fight pollution in Delhi once there are enough EVs in Delhi then they will impose tax again 😂,2026-04-12T07:00:18Z,1,Neutral,0.48702916502952576,Neutral
UgwLv5k2aJuL59BCLbx4AaABAg,tCFit6Sx6vo,"हज़ारों-लाखों की बचत वाली Delhi Electric Vehicle EV Policy से EV Car, EV Bike खरीदने में मज़े ही मज़े",The Lallantop,EV ke naam pe 1 se 2 lakh toh jada lehi raheho toh kya hu fayada road tax free kar ke 😂😂😂😂😂,2026-04-11T15:22:03Z,1,Neutral,0.6878212690353394,Neutral
Ugy1rCaQH7azTkexrZt4AaABAg,tCFit6Sx6vo,"हज़ारों-लाखों की बचत वाली Delhi Electric Vehicle EV Policy से EV Car, EV Bike खरीदने में मज़े ही मज़े",The Lallantop,Mp government ko bhi krna chahiye,2026-04-13T05:15:26Z,0,Neutral,0.681506872177124,Neutral
UgyouZTYOc4UzS_UMF54AaABAg,tCFit6Sx6vo,"हज़ारों-लाखों की बचत वाली Delhi Electric Vehicle EV Policy से EV Car, EV Bike खरीदने में मज़े ही मज़े",The Lallantop,No Charging station ???,2026-04-11T16:54:35Z,0,Neutral,0.5789178609848022,Neutral
UgzQaiSNOPPIIEo3NNV4AaABAg,tCFit6Sx6vo,"हज़ारों-लाखों की बचत वाली Delhi Electric Vehicle EV Policy से EV Car, EV Bike खरीदने में मज़े ही मज़े",The Lallantop,Nahi milta 2023 mai ola li thi ab tak nahi aai subsidy,2026-04-13T03:46:57Z,0,Neutral,0.8184629082679749,Neutral
Ugw1MSadGbJ7W444QUZ4AaABAg,tCFit6Sx6vo,"हज़ारों-लाखों की बचत वाली Delhi Electric Vehicle EV Policy से EV Car, EV Bike खरीदने में मज़े ही मज़े",The Lallantop,Moving to positive governance. Very good policy.,2026-04-11T20:11:45Z,0,Positive,0.9550199508666992,Positive
UgwC9lMnnzptVHc-ZY54AaABAg,tCFit6Sx6vo,"हज़ारों-लाखों की बचत वाली Delhi Electric Vehicle EV Policy से EV Car, EV Bike खरीदने में मज़े ही मज़े",The Lallantop,Tax installment pe dia jaega aur usme 12 prarishat byaaj rahega. Agar koi admin nahi depaye to uski gadi aur aur uske paribar par kanooni karbayi kiya jayega.😂😂😂😂,2026-04-11T14:32:23Z,0,Neutral,0.6202662587165833,Neutral
UgyEfCgJdwadNAEhk4F4AaABAg,tCFit6Sx6vo,"हज़ारों-लाखों की बचत वाली Delhi Electric Vehicle EV Policy से EV Car, EV Bike खरीदने में मज़े ही मज़े",The Lallantop,Its should be our choice whether to buy 2 wheeler ev or not . Makichu is govt ki,2026-04-11T14:21:35Z,0,Neutral,0.7587066292762756,Neutral
UgyIlG1hRtWq1EZFOsl4AaABAg,tCFit6Sx6vo,"हज़ारों-लाखों की बचत वाली Delhi Electric Vehicle EV Policy से EV Car, EV Bike खरीदने में मज़े ही मज़े",The Lallantop,"We must learn from China , our foreign policy faces so many difficulties due to crude oil import , let us reduce dependency on crude oil by any means ❤❤",2026-04-14T03:39:21Z,0,Negative,0.6094476580619812,Negative
UgyKwAivGoyI3NKrXhF4AaABAg,tCFit6Sx6vo,"हज़ारों-लाखों की बचत वाली Delhi Electric Vehicle EV Policy से EV Car, EV Bike खरीदने में मज़े ही मज़े",The Lallantop,Same policy pure ncr me or all metro city or capital of the state me lagu honi chahiye,2026-04-13T10:57:52Z,0,Neutral,0.7617297172546387,Neutral
UgxLNS4EkzbR4RPw_814AaABAg,tCFit6Sx6vo,"हज़ारों-लाखों की बचत वाली Delhi Electric Vehicle EV Policy से EV Car, EV Bike खरीदने में मज़े ही मज़े",The Lallantop,Neighbouring Country Nepal Is Rank Second In EV Sales Market In Entire World After Norway.Action Speak More Than Words.We Should Learn From Nepal EV Policy.Shame On Us It's Now Or Never.😊😊,2026-04-13T13:52:10Z,0,Neutral,0.5040997266769409,Neutral
UgyZPrX0CKmejE05-r14AaABAg,tCFit6Sx6vo,"हज़ारों-लाखों की बचत वाली Delhi Electric Vehicle EV Policy से EV Car, EV Bike खरीदने में मज़े ही मज़े",The Lallantop,Koi faida nahi hai jab tak EV Power station intrastation bhout bhout power hai abhi hmare pass sirf 15000 power station hai our hume abhi current me chhaye -15 lac kase future hua abhi EV bhar le jate hai to schna padta hai KI Power station milega ki nahi Jha bhi jana hai EV cars apne ap bikti rhei govt me EV infra ko mazubat krnachhaye hume 2029 tak 39 lac power station zarurt hai our jase chal rhe haI hum sirf 1 lac tak hi phoch paynge,2026-04-12T16:31:20Z,0,Neutral,0.7974340319633484,Neutral
Ugxz1_R2EtZcdAc5u2N4AaABAg,tCFit6Sx6vo,"हज़ारों-लाखों की बचत वाली Delhi Electric Vehicle EV Policy से EV Car, EV Bike खरीदने में मज़े ही मज़े",The Lallantop,"Comment section shows , if government is doing anything good they will still criticise it no matter what! I hope they find wisdom in what they are comprehending about anything!",2026-04-11T16:09:53Z,5,Negative,0.5700108408927917,Negative
UgxQNQ6wV3DZ7U4X_ZB4AaABAg,tCFit6Sx6vo,"हज़ारों-लाखों की बचत वाली Delhi Electric Vehicle EV Policy से EV Car, EV Bike खरीदने में मज़े ही मज़े",The Lallantop,"3:33 sarkaar pagal hai, totally free karna chahiye bina price limit k, agar koi 50 lakh ki fortuner le raha tha vo ev BMW le lega agar tax na ho, chances hain....",2026-04-12T11:50:10Z,0,Neutral,0.7727609872817993,Neutral
UgxEOse3QLLW4fr9yBN4AaABAg,tCFit6Sx6vo,"हज़ारों-लाखों की बचत वाली Delhi Electric Vehicle EV Policy से EV Car, EV Bike खरीदने में मज़े ही मज़े",The Lallantop,Sarkar bewakoof banane kitne tarike apnati hai... Ev car pe road tax free. Is hath le dusre hath le... Jo janta inke trap mein faste hai... Woh desh barbaad karne ki rah chun chuke hai,2026-04-18T06:11:38Z,0,Neutral,0.7199996113777161,Neutral
UgzZo8fDIc2D-PrTXSt4AaABAg,tCFit6Sx6vo,"हज़ारों-लाखों की बचत वाली Delhi Electric Vehicle EV Policy से EV Car, EV Bike खरीदने में मज़े ही मज़े",The Lallantop,GST should be removed from Electric cars. Road tax doesn't make that much sense. Because it doesn't add as much value as GST in the on-road price.,2026-04-12T07:16:49Z,0,Negative,0.7124142050743103,Negative
UgxyTW5ajRmx9Aq-uaZ4AaABAg,tCFit6Sx6vo,"हज़ारों-लाखों की बचत वाली Delhi Electric Vehicle EV Policy से EV Car, EV Bike खरीदने में मज़े ही मज़े",The Lallantop,Arvind kejriwal ki schemes 😅😅,2026-04-11T20:07:39Z,0,Neutral,0.6819912195205688,Neutral
Ugz_lBxqGbJB4jmomYV4AaABAg,tCFit6Sx6vo,"हज़ारों-लाखों की बचत वाली Delhi Electric Vehicle EV Policy से EV Car, EV Bike खरीदने में मज़े ही मज़े",The Lallantop,👌😊 excellent policy for China India's biggest enemy 😢 to buy Chinese Battery Equipments and Components to fund their anti India activities 😢 which would also help Spying and Surveillance for China😢,2026-04-15T07:20:00Z,0,Negative,0.6914203763008118,Negative
UgxHVBAkbPrhVk7DKYh4AaABAg,tCFit6Sx6vo,"हज़ारों-लाखों की बचत वाली Delhi Electric Vehicle EV Policy से EV Car, EV Bike खरीदने में मज़े ही मज़े",The Lallantop,Must applicable in every state,2026-04-11T18:15:25Z,0,Neutral,0.6581103205680847,Neutral
UgwHiDTlTv1FuzExGqd4AaABAg,tCFit6Sx6vo,"हज़ारों-लाखों की बचत वाली Delhi Electric Vehicle EV Policy से EV Car, EV Bike खरीदने में मज़े ही मज़े",The Lallantop,"हाँ, आपका सोचना बिल्कुल सही है! Delhi EV Policy 1.0 (जो 2020 में आई थी) में भी इलेक्ट्रिक गाड़ियों पर Road Tax और Registration Fee पूरी तरह से माफ़ (100% Exempted) थी। ​तो फिर EV Policy 2.0 (2026) में नया क्या है? सरकार ने इस बार नियमों में कुछ बड़े बदलाव किए हैं, जिन्हें आपको गाड़ी खरीदने से पहले जान लेना चाहिए: ​1. ₹30 लाख की लिमिट (नया नियम) ​पहले (Policy 1.0): आप कितनी भी महंगी इलेक्ट्रिक कार खरीदें (चाहे ₹15 लाख की हो या ₹60 लाख की), रोड टैक्स पूरी तरह माफ़ था। ​अब (Policy 2.0): रोड टैक्स और रजिस्ट्रेशन फीस की 100% छूट केवल उन्हीं इलेक्ट्रिक कारों पर मिलेगी जिनकी एक्स-शोरूम कीमत ₹30 लाख से कम है। अगर कार ₹30 लाख से ऊपर की है, तो आपको नॉर्मल टैक्स देना पड़ सकता है। ​2. डायरेक्ट परचेज सब्सिडी बंद, अब केवल स्क्रैपेज पर फोकस ​पहले (Policy 1.0): जब यह पॉलिसी शुरू हुई थी, तब नई इलेक्ट्रिक कार खरीदने पर बिना किसी पुरानी कार को बदले भी ₹1.5 लाख तक की सीधी सब्सिडी (Incentive) मिलती थी (जो बाद में कार्स के लिए बंद हो गई थी)। ​अब (Policy 2.0): अब सरकार ने साफ कर दिया है कि अगर आपको ₹1 लाख का बड़ा कैश बेनेफिट चाहिए, तो वो केवल पुरानी गाड़ी को स्क्रैप (कबाड़ में देने) पर ही मिलेगा। यानी सीधे नई गाड़ी खरीदने पर वो पुरानी सब्सिडी नहीं मिलेगी, जो आपके केस में आपकी Tiago को स्क्रैप करने पर काम आएगी।",2026-06-29T13:50:15Z,0,Neutral,0.6905525326728821,Neutral
UgyuVEtn4Jyh2NXCh1x4AaABAg,JdNjlZiUFuI,"Delhi EV Policy 2026: दिल्ली में नई EV Policy लागू, EV गाड़ी खरीदने पर मिलेगा क्या फायदा? CM Rekha",Amar Ujala,Government should provide 70% subsidy on home use solar pannel in dheli and create solar ev charging center in dheli,2026-06-29T13:24:30Z,2,Neutral,0.828305721282959,Neutral
UgwaSMJTdEoUxQSalTp4AaABAg,JdNjlZiUFuI,"Delhi EV Policy 2026: दिल्ली में नई EV Policy लागू, EV गाड़ी खरीदने पर मिलेगा क्या फायदा? CM Rekha",Amar Ujala,Rekha Gupta Ji Se kiye ola ki service per bhi Dhyan den Jaikur ki service theek Na Ho registration band kar de,2026-06-29T13:28:04Z,1,Neutral,0.87845778465271,Neutral
Ugzwp4lkMyqnJsIVBnl4AaABAg,JdNjlZiUFuI,"Delhi EV Policy 2026: दिल्ली में नई EV Policy लागू, EV गाड़ी खरीदने पर मिलेगा क्या फायदा? CM Rekha",Amar Ujala,First of all government should take step to change Delhi police vehicle from petrol to EV then other government vehicle 🚗 That will appreciate to the government and as well as People.,2026-06-30T06:35:06Z,1,Neutral,0.6444295048713684,Neutral
UgysSehQOu4kCVzvZD14AaABAg,JdNjlZiUFuI,"Delhi EV Policy 2026: दिल्ली में नई EV Policy लागू, EV गाड़ी खरीदने पर मिलेगा क्या फायदा? CM Rekha",Amar Ujala,"SUNO SUNO BHAI JOBLESS 35 CRORES YOUNG PEOPLE SEARCH NOW AAPKO EK AUR PROBLEM DEGI BHARAT KI NDA GOVERNMENT MAIN MILEGI JI ❓ LEKIN DHEERE AAPKO EV VILHCHE PER BHI SCHEME SE FREE TAX KI SUPPORT BHI MILEGI JEE ❓ WOMEN PEOPLE SUPPORT SALARY NAHI EV SCOOTER HI DENA CHAHIYE JEE ❓ REKHA DIDI HUMNE SOCHA THA PER ABHI BUDGET NAHI BANA HAIN JEE ❓ PRICES BADI HUI HAAN ❓ RICHEST FAMILY KI CAR , SCOOTER DEKH KAR YEHI FEELING AA RAHI HAIN AAPNI HAIN JI ❓ CRIMINALS PEOPLE WAAH KYA JOB DEMANDS MILI HAIN JI ❓ ZINDAGI KA MAAZA AA GAYA HAIN ❓ MODI JI ZINDABAD ZINDABAD RETIREMENT KAB HOGI BHAI HAAN BHI HAAN KAB TAK ❓ BOYCOTT NOW 🐱",2026-06-30T15:57:54Z,1,Neutral,0.7869068384170532,Neutral
UgzGKP4OUao148TB4DZ4AaABAg,zbf9myEeaSQ,"Delhi Electric Vehicle Policy 2026 | EV Car, Bike सब्सिडी और Tax Free Benefits Explained",News 24,Phele jinhone le rakhe hai unke subsidy to do wo aaj tak nahi mile,2026-07-01T15:08:07Z,0,Neutral,0.7823225259780884,Neutral
UgyfMD1JJj3CMNpvjet4AaABAg,zbf9myEeaSQ,"Delhi Electric Vehicle Policy 2026 | EV Car, Bike सब्सिडी और Tax Free Benefits Explained",News 24,jo 30 lakh ki gadi le sakta hai uske liye 1lakh ka discount na bhi do to kya fark padta hai aur jo chhoti gadi lena chahta hai usko koi discount nhi kya policy hai,2026-07-19T06:09:51Z,0,Neutral,0.7557705044746399,Neutral
Ugwjc31lg5UgZ8GjW4l4AaABAg,zbf9myEeaSQ,"Delhi Electric Vehicle Policy 2026 | EV Car, Bike सब्सिडी और Tax Free Benefits Explained",News 24,I love this policy,2026-06-30T14:46:29Z,1,Positive,0.9620752334594727,Positive
UgwGun8jiYrhFeWkThd4AaABAg,zbf9myEeaSQ,"Delhi Electric Vehicle Policy 2026 | EV Car, Bike सब्सिडी और Tax Free Benefits Explained",News 24,Kya drama hai…. Road Tax to lagta hi nahi tha 😂😂,2026-07-01T03:00:48Z,0,Neutral,0.6684882044792175,Neutral
UgzIo7QD0SE4DWdKRqt4AaABAg,zbf9myEeaSQ,"Delhi Electric Vehicle Policy 2026 | EV Car, Bike सब्सिडी और Tax Free Benefits Explained",News 24,Side side 100% made in india par 50% ki subsidy dene se companya Bharat me hi 100% parts banane ki kosis karegi pure desh me 100% Bharat mein hi banenge to 50% subsidy Dena bhi ghate ka Sauda nahin,2026-08-09T16:49:25Z,0,Neutral,0.7945588827133179,Neutral
UgxIjCZjhVgYIqd4Qcp4AaABAg,zbf9myEeaSQ,"Delhi Electric Vehicle Policy 2026 | EV Car, Bike सब्सिडी और Tax Free Benefits Explained",News 24,"Rto free policy for vehicles upto 25 kmphr is ridiculous,this is the speed of a normal pedaling cycle,why one would pay for e vehicle for this,the real limits for Ecycle should be 50/60 kmphr,govt always earns for every component ,too much squeezing of commonmen is unjustified, everyone is saying, people are talking. Secondly normal cycle should be made affordable to all,it should be subsidized to the extent that ordinary cycle sells at 2 th and superior quality around 3th, if cyclists number increases, country's health will be better,tyre price will go down as number of cycles increase, marketing personnel and social science scholars are saying, people are talking.",2026-07-06T16:53:01Z,0,Negative,0.4801149070262909,Negative
Ugy6HbaO5DT2c0mTyfh4AaABAg,kQbT7W_mGqA,India&#39;s New EV Policy Aims To Boost Local Manufacturing &amp; Attract Global Automakers | N18V,CNBC-TV18,"Only manufacturing must be supported not, importing in India",2025-06-05T08:58:07Z,1,Neutral,0.7413850426673889,Neutral
UgwKZXdYqwwDW7LNAux4AaABAg,-HEO_-8wcUY,Is India Ready For An EV-Only Future? Delhi EV Policy Sparks Big Auto Industry Debate,NDTV Profit,"For a sub 5 % EV adoption rate currently there is charging infra. You can't expect charging stations to be ready in every place and then wait for the EVs to arrive. Just like you can't have shop keepers in an area before the residents move in. This is where everyone including Hormazd get it wrong. The amount of electricity wasted during the day from solar can charge 30% EV adoption rates. The offices, commercial establishments can have charging facilities to tap the excess power generated during mid day. The fact of the matter is 90% of the population including Hormazd don't want to switch to EVs for whatever strange reasons. Of all the options currently only EV ticks all the boxes ...",2026-07-02T08:22:27Z,0,Negative,0.5070816874504089,Negative
Ugyq6sv_uYno2ukH69l4AaABAg,-HEO_-8wcUY,Is India Ready For An EV-Only Future? Delhi EV Policy Sparks Big Auto Industry Debate,NDTV Profit,There is no way EV's are going to work in India until we have enough electricity and charging infrastructure. Currently rural areas don't even have 24 hour electricity,2026-07-02T17:03:08Z,0,Negative,0.8112645149230957,Negative
UgwNpsPDfrewFHxgF3t4AaABAg,-HEO_-8wcUY,Is India Ready For An EV-Only Future? Delhi EV Policy Sparks Big Auto Industry Debate,NDTV Profit,"Make it mandatory for offices to offer EV charging in their parking lots. Make it easier for people to install AC chargers in their homes. Accelerate generation of electricity from cleaner, renewable and abundantly available sources such as wind and solar. Make it mandatory for all new residential and office buildings being built to use solar panels. Continue giving monetary incentives for EVs. All of this will help in EV adoption. However, the biggest problem with EV adoption is the reliance on China for the tech. Need to solve that.",2026-07-05T00:36:00Z,0,Neutral,0.7335173487663269,Neutral
UgwmpjUzfdiD669DEBZ4AaABAg,-HEO_-8wcUY,Is India Ready For An EV-Only Future? Delhi EV Policy Sparks Big Auto Industry Debate,NDTV Profit,Yes govt should force ev And this NTDV is bloody news channel,2026-07-05T06:24:55Z,0,Negative,0.847091555595398,Negative
UgxSeKs0iTUuqgn69x54AaABAg,-HEO_-8wcUY,Is India Ready For An EV-Only Future? Delhi EV Policy Sparks Big Auto Industry Debate,NDTV Profit,EV charging don’t come free. Add - Time spent in charging on road (vs 5 min in a petrol pump). Add - cost of battery replacement when our roads are waterlogged thanks to our monumental success in building infra over decades and battery goes kaput in that mess. Add - highways with no chargers. So much for Tughlaq-i reforms,2026-07-02T12:17:54Z,1,Negative,0.772764265537262,Negative
UgzTisYVds5lypzq9MN4AaABAg,-HEO_-8wcUY,Is India Ready For An EV-Only Future? Delhi EV Policy Sparks Big Auto Industry Debate,NDTV Profit,"70% of elecrricity is produced from Coal in India. We cannot go fully EV. Govt should infact encourage 3 Options CNG, Hybrid Petrol Cars and EVs so that there is a Balance.",2026-07-02T08:57:46Z,1,Negative,0.5473672151565552,Negative
UgxDlNJFqv6pRLXrqPJ4AaABAg,nSkbaaviOmQ,What Delhi&#39;s New EV Policy Means for You? | World Business Watch | WION News,WION,"Good thing there is no subsidy for hybrid, EV is the best way forward",2026-06-30T06:25:56Z,1,Positive,0.7634996175765991,Positive
UgzWjxayJKXd5Es_Vgd4AaABAg,nSkbaaviOmQ,What Delhi&#39;s New EV Policy Means for You? | World Business Watch | WION News,WION,"No ones talking about the infra to support these , the new load and sustained load on the grid ..... everyones going be charging them at home at nights ggs . Fewer charging stations , n with slow charging speeds they will always be filled ..., And the biggest of them all ....... facilities to manage the new incoming used batteries . I know what they re gonna do just dig a hole n dump em . N pollute the soil n destroy the public health.",2026-06-30T07:13:43Z,0,Negative,0.6687659621238708,Negative
Ugz6_i8fS4TBtWLHU314AaABAg,bZ39mMBgWNQ,"EV Policy 2026: Delhi में EV पर Big Tax Exemptions, 30 Lakh तक Cars को राहत| Delhi News | Auto News",News Nation,Can anyone tell . When delhi govt. Wil apply 2026 ev policy 2.0,2026-06-12T18:30:44Z,0,Neutral,0.9238276481628418,Neutral
UgwP2EToUDZ9RvOc4IF4AaABAg,AZgC_CZRM2I,"दिल्ली में Petrol Bike की बिक्री पर कब से लग रहा बैन, EV Policy से Hybrid Cars को क्यों लगा झटका?",Indian Express Hindi,Good decision delhi government,2026-06-30T11:42:27Z,5,Positive,0.9249314069747925,Positive
UgxT6ro1kl7AYPbdss14AaABAg,AZgC_CZRM2I,"दिल्ली में Petrol Bike की बिक्री पर कब से लग रहा बैन, EV Policy से Hybrid Cars को क्यों लगा झटका?",Indian Express Hindi,gaziabad se registration karvakar delhi me chala sakte hain kya ?,2026-07-14T17:26:33Z,0,Neutral,0.9202404022216797,Neutral
UgxL8bPkY2n0XmOcmrR4AaABAg,AZgC_CZRM2I,"दिल्ली में Petrol Bike की बिक्री पर कब से लग रहा बैन, EV Policy से Hybrid Cars को क्यों लगा झटका?",Indian Express Hindi,Meri ev ki subsidy abhi tak nahi ayi 4 saal ho gaye hero altima ki,2026-06-30T08:16:48Z,3,Neutral,0.8306137323379517,Neutral
UgwRrsYhugZnOqjWFG94AaABAg,AZgC_CZRM2I,"दिल्ली में Petrol Bike की बिक्री पर कब से लग रहा बैन, EV Policy से Hybrid Cars को क्यों लगा झटका?",Indian Express Hindi,Bina sar paer aur dimaag ke policy banate hai,2026-06-30T04:23:50Z,4,Neutral,0.6941003799438477,Neutral
UgwKg5tq1AW6lnUfVFd4AaABAg,AZgC_CZRM2I,"दिल्ली में Petrol Bike की बिक्री पर कब से लग रहा बैन, EV Policy से Hybrid Cars को क्यों लगा झटका?",Indian Express Hindi,China me basic EV bike ya scooty 19 000 me mil jati hai itni to yha total subsidy hoti hai 1.6 lac pr 😂😂😂,2026-06-30T04:29:18Z,16,Negative,0.49216943979263306,Negative
UgzTfpooWL8R7qyyNXN4AaABAg,AZgC_CZRM2I,"दिल्ली में Petrol Bike की बिक्री पर कब से लग रहा बैन, EV Policy से Hybrid Cars को क्यों लगा झटका?",Indian Express Hindi,Koi na kuch v kar lo ....next time 1000 rs ka law le aane pr vote sb inko hi de denge,2026-06-30T06:05:34Z,2,Neutral,0.6857424974441528,Neutral
UgwMpDG6cYsQ_o7xrHt4AaABAg,AZgC_CZRM2I,"दिल्ली में Petrol Bike की बिक्री पर कब से लग रहा बैन, EV Policy से Hybrid Cars को क्यों लगा झटका?",Indian Express Hindi,"Kai showroom wale to kah rahe hain Sarkar Ne subsidy band kar di, aur kuchh 5000 tak ki hi subsidy de rahe hain",2026-06-30T04:49:19Z,0,Neutral,0.816361129283905,Neutral
UgwmOKdaS5KiyK07xD14AaABAg,AZgC_CZRM2I,"दिल्ली में Petrol Bike की बिक्री पर कब से लग रहा बैन, EV Policy से Hybrid Cars को क्यों लगा झटका?",Indian Express Hindi,Pehle wali subsidy toh wapis abhi tak nahi ayaa... kya scam hai ye,2026-06-30T05:53:21Z,1,Neutral,0.5316901803016663,Neutral
UgwI-_T1Z5DoBzDufeh4AaABAg,AZgC_CZRM2I,"दिल्ली में Petrol Bike की बिक्री पर कब से लग रहा बैन, EV Policy से Hybrid Cars को क्यों लगा झटका?",Indian Express Hindi,Government mental hospital jana zarurat hai 😂,2026-07-01T06:02:44Z,1,Neutral,0.696193516254425,Neutral
Ugz7rIa2loT0BnbusC14AaABAg,AZgC_CZRM2I,"दिल्ली में Petrol Bike की बिक्री पर कब से लग रहा बैन, EV Policy से Hybrid Cars को क्यों लगा झटका?",Indian Express Hindi,"This one is a good policy and we don't have any option. The only important thing is that they have to ensure proper , planned and responsible execution.",2026-06-30T06:06:15Z,0,Positive,0.6036020517349243,Positive
UgyAhJIiBnoruy5eN454AaABAg,AZgC_CZRM2I,"दिल्ली में Petrol Bike की बिक्री पर कब से लग रहा बैन, EV Policy से Hybrid Cars को क्यों लगा झटका?",Indian Express Hindi,"Sab se pehle Delhi Government ke Officer or Rekha Gupta aaj se hi ye Order apne Upar Implement kare *""aaj se hi""* 😤",2026-06-30T08:09:01Z,0,Negative,0.6344097852706909,Negative
Ugw2s0nvBZSCThB1D254AaABAg,AZgC_CZRM2I,"दिल्ली में Petrol Bike की बिक्री पर कब से लग रहा बैन, EV Policy से Hybrid Cars को क्यों लगा झटका?",Indian Express Hindi,Strong hybrid tax free karo ismein polution bahut kam hota Hai jab petrol ki jarurat hogi jab bhi petrol per chalegi jab Tak ke battery per chalao isko launch karvane ke bad Sarkar ko subsidy bhi Dena chahie kyunki yah petrol aur battery donon se chalti Hai,2026-07-01T04:35:34Z,0,Neutral,0.7104125022888184,Neutral
Ugx485e0KZSs_LGPtxh4AaABAg,AZgC_CZRM2I,"दिल्ली में Petrol Bike की बिक्री पर कब से लग रहा बैन, EV Policy से Hybrid Cars को क्यों लगा झटका?",Indian Express Hindi,What about industries waste..😅 What about chargers..😅,2026-06-30T06:01:50Z,0,Neutral,0.5669758319854736,Neutral
UgzfpeIlFyav9X4H7X54AaABAg,AZgC_CZRM2I,"दिल्ली में Petrol Bike की बिक्री पर कब से लग रहा बैन, EV Policy से Hybrid Cars को क्यों लगा झटका?",Indian Express Hindi,Under-construction and broken basic infrastructure is the big contributor in pollution but the government has to act on it that is the reason why they do not talk about it.,2026-06-30T11:03:58Z,0,Negative,0.8342192769050598,Negative
UgzlPBEFI6MFsXuSV-R4AaABAg,AZgC_CZRM2I,"दिल्ली में Petrol Bike की बिक्री पर कब से लग रहा बैन, EV Policy से Hybrid Cars को क्यों लगा झटका?",Indian Express Hindi,"Maine abhi 27 may ko book ki, or 9 June 2026 Koi electric bike Li Hai Revolt blaze x ki, mujhe to 5000 ki hi subsidy mili Hai, showroom se",2026-06-30T04:48:22Z,2,Neutral,0.9223676323890686,Neutral
Ugy_YX6JD7j_OGOwpWR4AaABAg,AZgC_CZRM2I,"दिल्ली में Petrol Bike की बिक्री पर कब से लग रहा बैन, EV Policy से Hybrid Cars को क्यों लगा झटका?",Indian Express Hindi,Govt ev bike de rahi h kya free me,2026-07-01T02:58:58Z,0,Neutral,0.7862167954444885,Neutral
UgwYGVmbhoUdD-bJx194AaABAg,AZgC_CZRM2I,"दिल्ली में Petrol Bike की बिक्री पर कब से लग रहा बैन, EV Policy से Hybrid Cars को क्यों लगा झटका?",Indian Express Hindi,"The Society of Indian Automobile Manufacturers (SIAM) has urged the Delhi government to reconsider its proposal to stop registrations of new petrol-powered two-wheelers from April 2028, arguing that the move would have a limited impact on air quality and hurt consumers dependent on such vehicles for daily mobility.SIAM said cleaner alternatives such as flex-fuel vehicles, compressed biogas and compressed natural gas should also be promoted as part of a broader green mobility strategy. “Policy should enable all green technologies, avoiding an unsustainable burden on the government exchequer.”",2026-07-07T19:22:42Z,0,Neutral,0.7620545625686646,Neutral
UgxX2adHVson9EqVT5h4AaABAg,AZgC_CZRM2I,"दिल्ली में Petrol Bike की बिक्री पर कब से लग रहा बैन, EV Policy से Hybrid Cars को क्यों लगा झटका?",Indian Express Hindi,"Sahi kha,subsidy bolte hai,dete nhi.bebakuf bnate hai.hmne do baar ola li.hme bola account mai subsidy chli jayegi.aaj tk nhi mili",2026-07-01T11:45:57Z,0,Neutral,0.6289613246917725,Neutral
UgxGO4uku0pC4FqaZbp4AaABAg,AZgC_CZRM2I,"दिल्ली में Petrol Bike की बिक्री पर कब से लग रहा बैन, EV Policy से Hybrid Cars को क्यों लगा झटका?",Indian Express Hindi,"Beta gadia chalta hi band kr do q policy la rhe sb paidal hi chalenge, ek tarfa policy ka kya matlab jime industries, manufacturing hub wali company pe koo action ni woh eco friendly h sara pollution motor vehicle hi h na wahh",2026-06-30T04:30:46Z,0,Neutral,0.6772879362106323,Neutral
Ugy7ly0xbkZn7RKVakB4AaABAg,AZgC_CZRM2I,"दिल्ली में Petrol Bike की बिक्री पर कब से लग रहा बैन, EV Policy से Hybrid Cars को क्यों लगा झटका?",Indian Express Hindi,Government ke neta ko bhi ev gaadi leni chahiye phir,2026-07-01T03:12:13Z,0,Neutral,0.6445452570915222,Neutral
UgyWT90Sca4fXAWr0DZ4AaABAg,AZgC_CZRM2I,"दिल्ली में Petrol Bike की बिक्री पर कब से लग रहा बैन, EV Policy से Hybrid Cars को क्यों लगा झटका?",Indian Express Hindi,EV pe subsidy to do,2026-06-30T09:00:13Z,0,Neutral,0.7129725217819214,Neutral
UgwDyMRhgOIj9H6Y9HN4AaABAg,AZgC_CZRM2I,"दिल्ली में Petrol Bike की बिक्री पर कब से लग रहा बैन, EV Policy से Hybrid Cars को क्यों लगा झटका?",Indian Express Hindi,Bijli k Rate bad jaaynge kamai Govt ki bad jaaygi.,2026-07-02T10:11:22Z,0,Negative,0.6985030174255371,Negative
UgwpPHkLp3E97Y4IpIN4AaABAg,AZgC_CZRM2I,"दिल्ली में Petrol Bike की बिक्री पर कब से लग रहा बैन, EV Policy से Hybrid Cars को क्यों लगा झटका?",Indian Express Hindi,only government and car manufacturer profits public loss,2026-08-01T13:03:39Z,0,Negative,0.6807894706726074,Negative
UgwVorKMr3OsDZ1XCmR4AaABAg,AZgC_CZRM2I,"दिल्ली में Petrol Bike की बिक्री पर कब से लग रहा बैन, EV Policy से Hybrid Cars को क्यों लगा झटका?",Indian Express Hindi,"Sabko mota paisa mila hai EV companies se iska pollution se koi relation nahi hai, kyunki EV companies ki tadat toh bahut tezi se badi hai Indian market mein but unko abhi tak utna response/Sales nahi mila Indian Market se, plus govt. Ko apne foreign investors ko bhi khush rakhna hai, beurocrates and Politicians ne mota paisa khaya hua hai In badi badi companies se Bharat ek ghani abadi wala desh hai., aur humare yaha khapat bahut zyada hai har cheez ki",2026-06-30T05:00:12Z,0,Neutral,0.6086625456809998,Neutral
UgwqMrLZ2jdIw-dJox14AaABAg,AZgC_CZRM2I,"दिल्ली में Petrol Bike की बिक्री पर कब से लग रहा बैन, EV Policy से Hybrid Cars को क्यों लगा झटका?",Indian Express Hindi,Jab hissedari jada h toh pollution bhi toh jada hi hoga. Kya bakwaas h government ki.,2026-07-09T08:55:16Z,0,Neutral,0.5976592898368835,Neutral
UgyE0sQD-hTZaBlHJeV4AaABAg,AZgC_CZRM2I,"दिल्ली में Petrol Bike की बिक्री पर कब से लग रहा बैन, EV Policy से Hybrid Cars को क्यों लगा झटका?",Indian Express Hindi,India needs Uniform EV charger Sockets and Plugs which can be used by any brands of Electric Vehicles either it from any EV Companies doesn't matter,2026-06-30T03:57:06Z,0,Neutral,0.7634217739105225,Neutral
UgwuG5nYbax_MX2pez14AaABAg,AZgC_CZRM2I,"दिल्ली में Petrol Bike की बिक्री पर कब से लग रहा बैन, EV Policy से Hybrid Cars को क्यों लगा झटका?",Indian Express Hindi,Is sarkaar ke har drame vali policies sirf aam janta ke paise Kharch karane aur khud ki Jeb Bharne ki hoti h,2026-07-01T05:33:02Z,0,Neutral,0.7771714925765991,Neutral
UgzeSEi8Zg4dbjAvGBd4AaABAg,AZgC_CZRM2I,"दिल्ली में Petrol Bike की बिक्री पर कब से लग रहा बैन, EV Policy से Hybrid Cars को क्यों लगा झटका?",Indian Express Hindi,"Tax badha do agar nahi kharidna dena chahte to, ban krna to galat baat hai",2026-06-30T11:38:35Z,0,Neutral,0.5558371543884277,Neutral
Ugw8VWdzHTIN5Fi5NlJ4AaABAg,AZgC_CZRM2I,"दिल्ली में Petrol Bike की बिक्री पर कब से लग रहा बैन, EV Policy से Hybrid Cars को क्यों लगा झटका?",Indian Express Hindi,If everyone will take EV then govt will not be able to provide proper electricity supply to charge them,2026-06-30T06:42:34Z,0,Negative,0.5324627161026001,Negative
Ugxu0-lGvi4CHcCJWJt4AaABAg,AZgC_CZRM2I,"दिल्ली में Petrol Bike की बिक्री पर कब से लग रहा बैन, EV Policy से Hybrid Cars को क्यों लगा झटका?",Indian Express Hindi,Yeh bhi temporary policy hai Koi long solution nhi hai Har 5 saal baad policy chnge ho jaayegi or hamari gaadi kabada ho jaayegi,2026-06-30T05:02:13Z,0,Neutral,0.6933094263076782,Neutral
Ugx4P8J9v3q2fGV7Kn54AaABAg,AZgC_CZRM2I,"दिल्ली में Petrol Bike की बिक्री पर कब से लग रहा बैन, EV Policy से Hybrid Cars को क्यों लगा झटका?",Indian Express Hindi,Ye sarkar rahegi 2028 tak jumlebaaz hai ye sarkar. Is policy se kitna scam kamayegi,2026-06-30T17:00:39Z,0,Neutral,0.53599613904953,Neutral
UgwgmO1hpc3j0qjWr_l4AaABAg,AZgC_CZRM2I,"दिल्ली में Petrol Bike की बिक्री पर कब से लग रहा बैन, EV Policy से Hybrid Cars को क्यों लगा झटका?",Indian Express Hindi,Gadakari itna ethenol ethenol kr rhe to electric kyu ethenol policy lao,2026-06-30T10:51:11Z,0,Neutral,0.7675846815109253,Neutral
Ugy4T6hbMOrBAaH6-t14AaABAg,AZgC_CZRM2I,"दिल्ली में Petrol Bike की बिक्री पर कब से लग रहा बैन, EV Policy से Hybrid Cars को क्यों लगा झटका?",Indian Express Hindi,Yahi sb data dikha ke aam admi ko marna hai data create karna too govt me hath me hai,2026-06-30T09:16:02Z,0,Neutral,0.8404430747032166,Neutral
UgzBwxh_lOq2nqkyhnp4AaABAg,AZgC_CZRM2I,"दिल्ली में Petrol Bike की बिक्री पर कब से लग रहा बैन, EV Policy से Hybrid Cars को क्यों लगा झटका?",Indian Express Hindi,Abhi to bhot dur hai jab tak to sarkaar hi change ho jayegi agar aisa naa bhi hua to trump modi ko gali dega aur kanoon dobaara aa jayega petrol vehicle rule,2026-06-30T05:23:12Z,0,Neutral,0.787139892578125,Neutral
Ugwg91xhZyCSdhFbP8t4AaABAg,AZgC_CZRM2I,"दिल्ली में Petrol Bike की बिक्री पर कब से लग रहा बैन, EV Policy से Hybrid Cars को क्यों लगा झटका?",Indian Express Hindi,good work by Delhi govt,2026-06-30T07:53:27Z,2,Positive,0.9398539066314697,Positive
UgyAbilS5RnUe7MqEux4AaABAg,AZgC_CZRM2I,"दिल्ली में Petrol Bike की बिक्री पर कब से लग रहा बैन, EV Policy से Hybrid Cars को क्यों लगा झटका?",Indian Express Hindi,Ghatiya Policy,2026-06-30T06:07:23Z,0,Neutral,0.7850545644760132,Neutral
UgxcyRlDqesoyCMXetV4AaABAg,AZgC_CZRM2I,"दिल्ली में Petrol Bike की बिक्री पर कब से लग रहा बैन, EV Policy से Hybrid Cars को क्यों लगा झटका?",Indian Express Hindi,"EV COMPANIES ने मोटा कमीशन दिया होगा तभी सरकार ऐसी घटिया POLICY लेकर आ रही है ।क्या दिल्ली ,क्या देश, भाजपा ने सब बर्बाद कर दिया ।चीन के एजेंट बन कर मोदी सरकार काम कर रही है",2026-06-30T06:05:27Z,0,Neutral,0.7179927229881287,Neutral
UgxAuW4ZAkoghubcHhV4AaABAg,AZgC_CZRM2I,"दिल्ली में Petrol Bike की बिक्री पर कब से लग रहा बैन, EV Policy से Hybrid Cars को क्यों लगा झटका?",Indian Express Hindi,Kese log h ek to government acha kr rhi h usme bhi log khus nhi h pollution kam hoga,2026-06-30T04:52:50Z,0,Neutral,0.7031806707382202,Neutral
Ugy6psMy6Q0nH_6Qtrt4AaABAg,f_fVAw1kqTQ,Delhi Approves India&#39;s Biggest EV Policy | Ankit Agrawal Study IQ,StudyIQ IAS,"Since delhi is capital, delhi government ko aase log jo delhi me kuda falate hai unpar heavy fine laga chaea",2026-06-30T09:43:32Z,284,Neutral,0.7167649865150452,Neutral
UgzOSt7-XMF-cXHWHzd4AaABAg,f_fVAw1kqTQ,Delhi Approves India&#39;s Biggest EV Policy | Ankit Agrawal Study IQ,StudyIQ IAS,It’s good decision and govt should promote charging stations in all over the country,2026-06-30T09:39:14Z,199,Positive,0.8999024629592896,Positive
UgyFUHtASOJi88Voa_J4AaABAg,f_fVAw1kqTQ,Delhi Approves India&#39;s Biggest EV Policy | Ankit Agrawal Study IQ,StudyIQ IAS,This is what GOOD Governance Incentives look like..and not like forcefully implemented orders of Gadbadi💯✅,2026-06-30T10:40:42Z,134,Positive,0.7816168069839478,Positive
UgxxKnkWCM1I0_E7mIl4AaABAg,f_fVAw1kqTQ,Delhi Approves India&#39;s Biggest EV Policy | Ankit Agrawal Study IQ,StudyIQ IAS,Well done Delhi Government. India's one of the most significant policy.,2026-06-30T10:00:50Z,97,Positive,0.9765353798866272,Positive
UgxeQ_ztXJKH4i-wbOB4AaABAg,f_fVAw1kqTQ,Delhi Approves India&#39;s Biggest EV Policy | Ankit Agrawal Study IQ,StudyIQ IAS,"Our cars should be taken by the companies and make them EV compatable fully on our government's cost , I will be very happy if EV revolution happens",2026-06-30T10:47:04Z,18,Positive,0.8506937026977539,Positive
UgztA2lGbrWMyNyxHzJ4AaABAg,f_fVAw1kqTQ,Delhi Approves India&#39;s Biggest EV Policy | Ankit Agrawal Study IQ,StudyIQ IAS,"Good Decision, there are multiple benefits of this like economic, environmental, public health etc. It should be imposed all over the country.",2026-06-30T11:20:29Z,2,Positive,0.9450188279151917,Positive
UgxVF15wk1AG9HJ7XQZ4AaABAg,f_fVAw1kqTQ,Delhi Approves India&#39;s Biggest EV Policy | Ankit Agrawal Study IQ,StudyIQ IAS,It's sad to see these have to happen with incentive from govt..what a educated india...,2026-06-30T19:17:02Z,1,Negative,0.9027416706085205,Negative
UgxkbU_8W4PLnPJ-TyF4AaABAg,f_fVAw1kqTQ,Delhi Approves India&#39;s Biggest EV Policy | Ankit Agrawal Study IQ,StudyIQ IAS,Parking Place at every commercial complex should compulsory of 20% of parking places should be EV charging stations,2026-06-30T10:47:34Z,1,Neutral,0.7944819927215576,Neutral
UgyV1YrHSJ0mCoSI_LR4AaABAg,f_fVAw1kqTQ,Delhi Approves India&#39;s Biggest EV Policy | Ankit Agrawal Study IQ,StudyIQ IAS,what about other states. log noida ya haryana mai jaake 2 wheeler kharidenge. wahan ka registration lenge.,2026-06-30T09:55:19Z,2,Neutral,0.6952863335609436,Neutral
Ugx4OwI_LBGN5t6VhMl4AaABAg,f_fVAw1kqTQ,Delhi Approves India&#39;s Biggest EV Policy | Ankit Agrawal Study IQ,StudyIQ IAS,The electric 2 wheeler can go and avg upto 100km in one charge. Also it takes few hours to charge even if you try to charge in charging station. Specially in cities like delhi or any other major city the distance you can easily travel more than 100km in a day. Plus if you want to go outside the city then it is not convenient. So may be it is good for the people who can stay within the city and do not go over 100km. Also EV is still not that much trusted like petrol bikes. EVs breakdown easily specially during rainy seasons. The government should focus on battery change stations not just charging stations. It will be much better to travel with EV then.,2026-06-30T10:43:59Z,2,Neutral,0.615537166595459,Neutral
UgytNh5RPT5TJGmDcUV4AaABAg,f_fVAw1kqTQ,Delhi Approves India&#39;s Biggest EV Policy | Ankit Agrawal Study IQ,StudyIQ IAS,Two wheeler charger 🔌 too should be like as in car same charger for all two wheelers so that that can be charged at any hotel on highway,2026-06-30T11:40:04Z,1,Neutral,0.8492904901504517,Neutral
UgzhB0BRnO2rvz7jgy54AaABAg,f_fVAw1kqTQ,Delhi Approves India&#39;s Biggest EV Policy | Ankit Agrawal Study IQ,StudyIQ IAS,Govt. Should make 1 app for all the charging app,2026-06-30T11:32:17Z,0,Neutral,0.7996760606765747,Neutral
Ugx-oOB3r97F3eeobpF4AaABAg,f_fVAw1kqTQ,Delhi Approves India&#39;s Biggest EV Policy | Ankit Agrawal Study IQ,StudyIQ IAS,timeline of implementation is still long--looking at the AQI n crude--this shld be implemented ASAP,2026-06-30T12:17:46Z,0,Neutral,0.6804621815681458,Neutral
Ugz3PrismObSAyMH2JF4AaABAg,f_fVAw1kqTQ,Delhi Approves India&#39;s Biggest EV Policy | Ankit Agrawal Study IQ,StudyIQ IAS,Sabse jyada polution to factories karti unke liye bhi policy banni chahiye,2026-06-30T15:46:45Z,0,Neutral,0.7375778555870056,Neutral
Ugxk0fuZ4quEd5BEO454AaABAg,f_fVAw1kqTQ,Delhi Approves India&#39;s Biggest EV Policy | Ankit Agrawal Study IQ,StudyIQ IAS,What about charging stations,2026-06-30T09:56:26Z,0,Neutral,0.8223597407341003,Neutral
Ugwz9CsSPOL3ikswTw14AaABAg,f_fVAw1kqTQ,Delhi Approves India&#39;s Biggest EV Policy | Ankit Agrawal Study IQ,StudyIQ IAS,Personal use ki car par subsidy nahi hai matlab ?,2026-06-30T14:02:53Z,0,Neutral,0.8145334720611572,Neutral
UgztrIRhz1c1qqMYZ614AaABAg,f_fVAw1kqTQ,Delhi Approves India&#39;s Biggest EV Policy | Ankit Agrawal Study IQ,StudyIQ IAS,ankit sir make video on forceful e20 implementation without sufficient research..,2026-07-01T06:28:16Z,0,Negative,0.5487057566642761,Negative
Ugz5c5MNSKzLHh58eVB4AaABAg,f_fVAw1kqTQ,Delhi Approves India&#39;s Biggest EV Policy | Ankit Agrawal Study IQ,StudyIQ IAS,Registration to phle se hi nhi tha,2026-06-30T09:54:42Z,1,Neutral,0.8100775480270386,Neutral
UgyxskZG14anF9EEkyV4AaABAg,f_fVAw1kqTQ,Delhi Approves India&#39;s Biggest EV Policy | Ankit Agrawal Study IQ,StudyIQ IAS,Ethanol is better than ev in terms of dependence on foreign suppliers and also cost of ownership.,2026-06-30T18:56:04Z,1,Neutral,0.5726554989814758,Neutral
UgxCFLdwl9u5Jq4TwjV4AaABAg,f_fVAw1kqTQ,Delhi Approves India&#39;s Biggest EV Policy | Ankit Agrawal Study IQ,StudyIQ IAS,But battery vehicle ki range plus charging station do jyada se jyada,2026-06-30T14:32:11Z,0,Neutral,0.8315292000770569,Neutral
Ugz6k6Cx6YvXB-dQisZ4AaABAg,f_fVAw1kqTQ,Delhi Approves India&#39;s Biggest EV Policy | Ankit Agrawal Study IQ,StudyIQ IAS,is there any subsidy on four wheeler vehicle ?,2026-06-30T17:54:54Z,0,Neutral,0.9169605374336243,Neutral
UgxdUW-SoObIdHdq_3B4AaABAg,f_fVAw1kqTQ,Delhi Approves India&#39;s Biggest EV Policy | Ankit Agrawal Study IQ,StudyIQ IAS,This should be applied to all over india,2026-07-02T03:57:31Z,1,Neutral,0.6904817819595337,Neutral
UgwEvvnXkuXU8y6co254AaABAg,f_fVAw1kqTQ,Delhi Approves India&#39;s Biggest EV Policy | Ankit Agrawal Study IQ,StudyIQ IAS,Charging station ka kya ???,2026-06-30T10:33:58Z,2,Neutral,0.8853063583374023,Neutral
UgwYCb3miUcTacD15P14AaABAg,f_fVAw1kqTQ,Delhi Approves India&#39;s Biggest EV Policy | Ankit Agrawal Study IQ,StudyIQ IAS,Ek video delhi govt main hue health department scam pe bhi bnaao,2026-06-30T14:20:37Z,0,Negative,0.599264919757843,Negative
UgywOYL2rGT1_eTcNCl4AaABAg,f_fVAw1kqTQ,Delhi Approves India&#39;s Biggest EV Policy | Ankit Agrawal Study IQ,StudyIQ IAS,Charging station kab banaoge. Waha cng se bhi badi line hogi,2026-06-30T15:03:26Z,0,Negative,0.5121918320655823,Negative
Ugz2OIhusr4XdxW3WGx4AaABAg,f_fVAw1kqTQ,Delhi Approves India&#39;s Biggest EV Policy | Ankit Agrawal Study IQ,StudyIQ IAS,Government cars ev kab hoga,2026-06-30T11:15:32Z,0,Neutral,0.7121939659118652,Neutral
UgxzNTMlyLpXY23MK5t4AaABAg,f_fVAw1kqTQ,Delhi Approves India&#39;s Biggest EV Policy | Ankit Agrawal Study IQ,StudyIQ IAS,"To promote EVs, firstly govt should improve charging infrastructure across every roads just like petrol pumps...",2026-06-30T18:49:56Z,1,Neutral,0.6290965676307678,Neutral
UgxKpf0_mK1dHPcBOHp4AaABAg,f_fVAw1kqTQ,Delhi Approves India&#39;s Biggest EV Policy | Ankit Agrawal Study IQ,StudyIQ IAS,Charging station and infrastructure???,2026-06-30T10:14:41Z,0,Neutral,0.8481795191764832,Neutral
Ugwh0IPmTpbelfh36mF4AaABAg,f_fVAw1kqTQ,Delhi Approves India&#39;s Biggest EV Policy | Ankit Agrawal Study IQ,StudyIQ IAS,Jo electricity ki demand badhegi wo to thermal power plant se hi pura hoga na... Kayi petrol pump charging station bna lenge with generator... Us case ko bhi consider karna chahiye...,2026-07-01T10:06:16Z,0,Neutral,0.6839318871498108,Neutral
Ugzr1fUFK6HvezsjSJl4AaABAg,f_fVAw1kqTQ,Delhi Approves India&#39;s Biggest EV Policy | Ankit Agrawal Study IQ,StudyIQ IAS,Good policy.. hope it's implemented well.,2026-06-30T13:36:00Z,0,Positive,0.9521255493164062,Positive
UgyJ2BeFc1txymw_M754AaABAg,f_fVAw1kqTQ,Delhi Approves India&#39;s Biggest EV Policy | Ankit Agrawal Study IQ,StudyIQ IAS,The problem with ev vehicles are charging facility in India. Plus even after charging stations are present then also it takes minimum 30 minutes to charge. The best option for a place like India is hybrid vehicle and 2 Weller for small distance. Although in a place like Delhi and other planned city this should not be that big of a problem,2026-07-01T01:31:05Z,0,Negative,0.6993856430053711,Negative
UgyiVilscmFMnuWEusF4AaABAg,f_fVAw1kqTQ,Delhi Approves India&#39;s Biggest EV Policy | Ankit Agrawal Study IQ,StudyIQ IAS,"Policy on paper achi lag rahi hai lets see ground reality kesi hoti hai. Public Charging stations, charging docks, charging time, and charging cost are the most important things. Haar koi public Charging station pe charge karte time khana afford nahi kar sakta. It's better to provide fast charging.",2026-06-30T11:20:27Z,0,Neutral,0.7240951061248779,Neutral
UgwUwR8dOAIibrdeB_Z4AaABAg,f_fVAw1kqTQ,Delhi Approves India&#39;s Biggest EV Policy | Ankit Agrawal Study IQ,StudyIQ IAS,As pas ke state main registration kar lenge aur petrol vehicles chalta rehega 😊,2026-07-02T03:26:45Z,0,Neutral,0.8215247392654419,Neutral
Ugz5qTdy-uZi6yy4ErN4AaABAg,f_fVAw1kqTQ,Delhi Approves India&#39;s Biggest EV Policy | Ankit Agrawal Study IQ,StudyIQ IAS,We have good policies but the implemention is the problem,2026-07-01T03:28:07Z,1,Negative,0.569779634475708,Negative
UgxrGlPSq-jbYL5RqU14AaABAg,f_fVAw1kqTQ,Delhi Approves India&#39;s Biggest EV Policy | Ankit Agrawal Study IQ,StudyIQ IAS,Jaise jio ne free karke bad me recharge badhaya waise hi ev bike sab le lo bad me confirm road tax lagega 3 se 4 saal bad,2026-06-30T09:46:56Z,0,Negative,0.7041257619857788,Negative
UgxJDoUAZSGAuDE9hNV4AaABAg,f_fVAw1kqTQ,Delhi Approves India&#39;s Biggest EV Policy | Ankit Agrawal Study IQ,StudyIQ IAS,What initiatives is the Delhi government taking to reduce air and water pollution caused by industries and construction activities?,2026-06-30T09:47:26Z,0,Neutral,0.8333566188812256,Neutral
UgzyragooCoEvUBYsjB4AaABAg,f_fVAw1kqTQ,Delhi Approves India&#39;s Biggest EV Policy | Ankit Agrawal Study IQ,StudyIQ IAS,Pehli wali ev policy par 4 wheeler par Rs.5000 per kWh subsidy milti thi ab nyi wali policy mai sirf road tax par subsidy hai joki bhot kam hai approx 10000,2026-06-30T17:04:27Z,0,Neutral,0.7548501491546631,Neutral
UgzqF5WgNjiWLqQqVr94AaABAg,f_fVAw1kqTQ,Delhi Approves India&#39;s Biggest EV Policy | Ankit Agrawal Study IQ,StudyIQ IAS,Pahli baar koi long term achhi policy hai,2026-06-30T12:33:24Z,0,Neutral,0.7659026980400085,Neutral
UgxGlPKeIQlSMtxl8794AaABAg,f_fVAw1kqTQ,Delhi Approves India&#39;s Biggest EV Policy | Ankit Agrawal Study IQ,StudyIQ IAS,This rule can be implemented in all capitals of every state of India.,2026-06-30T12:59:26Z,0,Neutral,0.7691080570220947,Neutral
Ugz6tSU5AB86FG17V3d4AaABAg,f_fVAw1kqTQ,Delhi Approves India&#39;s Biggest EV Policy | Ankit Agrawal Study IQ,StudyIQ IAS,Apne offer m bhi nyi policy lao,2026-06-30T17:16:36Z,0,Neutral,0.7473387122154236,Neutral
UgyLmRezUHHoqe8oBrV4AaABAg,f_fVAw1kqTQ,Delhi Approves India&#39;s Biggest EV Policy | Ankit Agrawal Study IQ,StudyIQ IAS,The truth is Electric vehicle companies lobbying govt to do this..coz NO (I mean very less approx 25%)one is interested in buying Ev two wheelers...and even four wheelers...who says only US has lobbying...now India has it too..,2026-06-30T09:33:10Z,3,Negative,0.5031526684761047,Negative
Ugyt1QGD2a6oL1Rkrqp4AaABAg,f_fVAw1kqTQ,Delhi Approves India&#39;s Biggest EV Policy | Ankit Agrawal Study IQ,StudyIQ IAS,Pehle charging stations toh banao 😂,2026-06-30T13:49:39Z,1,Neutral,0.7883972525596619,Neutral
UgybNQqcNxivcYOS-BB4AaABAg,f_fVAw1kqTQ,Delhi Approves India&#39;s Biggest EV Policy | Ankit Agrawal Study IQ,StudyIQ IAS,2028 April is still too far although it is welcoming.Govt must make regulatory mechanism for compulsory battery cooling system for all 2 wheelers for fire safety compliance.,2026-06-30T16:39:26Z,0,Neutral,0.7204360365867615,Neutral
UgwGmB0lYtsxyxRXhwJ4AaABAg,f_fVAw1kqTQ,Delhi Approves India&#39;s Biggest EV Policy | Ankit Agrawal Study IQ,StudyIQ IAS,Implement strict traffic rules heavy fines. Nobody stops on red lights not monitored by camera. All encroach on pedestrian paths.,2026-07-01T17:50:52Z,0,Negative,0.7162148952484131,Negative
UgztWujSFUuqc7KraZx4AaABAg,f_fVAw1kqTQ,Delhi Approves India&#39;s Biggest EV Policy | Ankit Agrawal Study IQ,StudyIQ IAS,Corruption in state subsidy is also important. I have not received my state subsidy of 20k even after submitting all documents. No answer was given.,2026-07-01T02:11:33Z,0,Negative,0.8620686531066895,Negative
UgxSEU6XoDFJvSAmX0N4AaABAg,f_fVAw1kqTQ,Delhi Approves India&#39;s Biggest EV Policy | Ankit Agrawal Study IQ,StudyIQ IAS,Jo Delhi ka nehi hai aur Delhi me job karta hai kya usko yeh subsidy milegi?,2026-07-02T17:28:33Z,0,Neutral,0.814913809299469,Neutral
UgwCw4roocJ1zUCPCjl4AaABAg,f_fVAw1kqTQ,Delhi Approves India&#39;s Biggest EV Policy | Ankit Agrawal Study IQ,StudyIQ IAS,That subsidy would deduct or not deduct from the exshroom price....,2026-06-30T16:19:09Z,0,Neutral,0.77010178565979,Neutral
UgwUyOp18NKjhfnEGDF4AaABAg,f_fVAw1kqTQ,Delhi Approves India&#39;s Biggest EV Policy | Ankit Agrawal Study IQ,StudyIQ IAS,Registration charges to vese bhi ni lgte the bhai EVs pr phle se hi... Sirf insurance hi hoti hai,2026-06-30T10:33:02Z,0,Neutral,0.8231510519981384,Neutral
UgzjnaZ22e094jR_nsV4AaABAg,f_fVAw1kqTQ,Delhi Approves India&#39;s Biggest EV Policy | Ankit Agrawal Study IQ,StudyIQ IAS,Is subsidy me gaye paiso ko petrol/deisel wale jada pollution karne wale vehicles pe tax badha ke lena chahiye,2026-07-01T06:56:09Z,0,Neutral,0.6346771717071533,Neutral
UgxzL67Dc8ztdcXYDCd4AaABAg,f_fVAw1kqTQ,Delhi Approves India&#39;s Biggest EV Policy | Ankit Agrawal Study IQ,StudyIQ IAS,Good decision by government but subsidy must be imposed,2026-06-30T11:54:33Z,0,Positive,0.6198325753211975,Positive
Ugz-3xbZZxhcleXv7YV4AaABAg,f_fVAw1kqTQ,Delhi Approves India&#39;s Biggest EV Policy | Ankit Agrawal Study IQ,StudyIQ IAS,Delhi ke brick bhatto and industrial fumes ko regulation krna chahiye Itna high density hai population ka to industry bahr honi chahiye ya fir greenery maintain krne ke baad hi allow krna chahiye!!vehicles ko Ev convery achcha hai but complete solution nhi hai,2026-06-30T21:08:46Z,0,Neutral,0.6570466160774231,Neutral
UgxF2iBhup1UxvKhiwZ4AaABAg,f_fVAw1kqTQ,Delhi Approves India&#39;s Biggest EV Policy | Ankit Agrawal Study IQ,StudyIQ IAS,But what about industrial pollution and agriculture stubble burning....how is government going to handle it ? It's 50% of total pollution.,2026-06-30T15:55:16Z,0,Negative,0.7794802188873291,Negative
UgzR1RqG2T8yY1kqqpB4AaABAg,f_fVAw1kqTQ,Delhi Approves India&#39;s Biggest EV Policy | Ankit Agrawal Study IQ,StudyIQ IAS,"Industrial use of water should be taxed 4 times of their consumption,as they polluting river and atmosphere . Utilising more resource.",2026-07-01T15:49:15Z,0,Neutral,0.49208706617355347,Neutral
Ugy0tRGZDH0fXl3q9M54AaABAg,f_fVAw1kqTQ,Delhi Approves India&#39;s Biggest EV Policy | Ankit Agrawal Study IQ,StudyIQ IAS,Not only RTO if your intent are clear GST and Excise duty should also be reduced so that the vehicle become cheap and fast charging units should be available all over no petrol no disel it is one time replacement for India also pollution and other problems will be resolved,2026-06-30T16:03:49Z,0,Neutral,0.648675799369812,Neutral
Ugy_W56fWeOHWO8FFLx4AaABAg,f_fVAw1kqTQ,Delhi Approves India&#39;s Biggest EV Policy | Ankit Agrawal Study IQ,StudyIQ IAS,If UP Haryana Rajasthan registration drive in Delhi,2026-07-02T14:11:46Z,0,Neutral,0.9373518228530884,Neutral
UgzQKbW--Jdu9pC-1494AaABAg,f_fVAw1kqTQ,Delhi Approves India&#39;s Biggest EV Policy | Ankit Agrawal Study IQ,StudyIQ IAS,Neighbouring states se registration log kar lenge,2026-07-01T15:06:03Z,0,Neutral,0.8495486974716187,Neutral
UgzC3q5QFlKp7LddUX94AaABAg,f_fVAw1kqTQ,Delhi Approves India&#39;s Biggest EV Policy | Ankit Agrawal Study IQ,StudyIQ IAS,"Ek tarf se ganne ka juice or dusri taraf se battery, and great thing is dono k manufacturing mein traffic pollution se jyda pollution hota hai 😂",2026-07-02T10:06:15Z,0,Positive,0.6293731331825256,Positive
UgyLRcSq6Cmk_0QEFxV4AaABAg,f_fVAw1kqTQ,Delhi Approves India&#39;s Biggest EV Policy | Ankit Agrawal Study IQ,StudyIQ IAS,WOO! 20salo mai delhi government ka pehla sahi decision!,2026-06-30T17:20:32Z,0,Positive,0.7414371371269226,Positive
UgwIqDO5MhddeH5l0dR4AaABAg,f_fVAw1kqTQ,Delhi Approves India&#39;s Biggest EV Policy | Ankit Agrawal Study IQ,StudyIQ IAS,"banning of new registrations of non ev two wheelers is such a bad move. people will have to travel far to get those vehicles, also slowly the service centers for such vehicles won't be easy and creating problems for owners of such vehicles. even if you want to do this, it needs to be done at least 7-8 years later, so that public actually can plan clearly, these things are a long term purchases for most of the consumers and not something which they keep buying and selling every other day",2026-06-30T19:53:30Z,0,Negative,0.8286499977111816,Negative
Ugzy4bXY1eMz4ge3IXN4AaABAg,f_fVAw1kqTQ,Delhi Approves India&#39;s Biggest EV Policy | Ankit Agrawal Study IQ,StudyIQ IAS,Delhi policy ki waja se i lost lakhs of rupees .. i got indco lx at the @ of 2.5 lakhs 2 year second hand diesel in 2008.. after new policy i lost five year of drive when policy said disel car has only 10 year life .. i sold car in 40 thousend as scape after 8 year ..no policy to return the balence period value by govt ..,2026-07-01T15:27:05Z,0,Negative,0.7964544296264648,Negative
UgzIAkUS03GjHbJavZd4AaABAg,f_fVAw1kqTQ,Delhi Approves India&#39;s Biggest EV Policy | Ankit Agrawal Study IQ,StudyIQ IAS,if this is implemented properly without being forced then its going to benefit,2026-07-01T05:05:39Z,0,Positive,0.6348781585693359,Positive
UgwHAvxiP7njy2YxIMN4AaABAg,f_fVAw1kqTQ,Delhi Approves India&#39;s Biggest EV Policy | Ankit Agrawal Study IQ,StudyIQ IAS,"Main 2.5 Delhi me (4-03-2024) Saal se OLA Scooter Chala raha hoon, meri FAME 2 subsidy abhi tk to aai nahi (01-07-2026), Bs New Schemes nikalte raho logo ko bewakoof banane ke liye... Charging Points hai nahi, Pehle khud kuch karo uske baad tanashahi laao... Ola Jese Brand ko lagam lagani chahiye jo bs Sale pr dihan deti hai, Ola jesi brand ko esi hi govt ne pass kia hoga. na parts milte na warranty claim kr sakte and parts ke price 4 to 5 times higher hote hai, yaha sudhar laao...",2026-07-01T08:27:12Z,0,Neutral,0.8008778095245361,Neutral
UgyDVOCm2KpSV_M0Qp94AaABAg,f_fVAw1kqTQ,Delhi Approves India&#39;s Biggest EV Policy | Ankit Agrawal Study IQ,StudyIQ IAS,Sabhi petrol car ko ev me convert krane ke liye government ko 90% contribution Krna chahiye,2026-06-30T10:31:03Z,0,Neutral,0.7804158926010132,Neutral
UgyxjCwfZCOVbFvP-Ul4AaABAg,f_fVAw1kqTQ,Delhi Approves India&#39;s Biggest EV Policy | Ankit Agrawal Study IQ,StudyIQ IAS,This same thing should be applied to 4 wheeler vehicle,2026-07-02T03:43:14Z,0,Neutral,0.7652486562728882,Neutral
UgwA6bmMsMKL7KHrQdp4AaABAg,f_fVAw1kqTQ,Delhi Approves India&#39;s Biggest EV Policy | Ankit Agrawal Study IQ,StudyIQ IAS,if 100% of registration and road taxes are exempted then this is really good.,2026-06-30T12:39:34Z,0,Positive,0.9120945334434509,Positive
UgxJmgIb_d91F1SP7d94AaABAg,f_fVAw1kqTQ,Delhi Approves India&#39;s Biggest EV Policy | Ankit Agrawal Study IQ,StudyIQ IAS,Desh ke pass lithium jyada hai nhi pr ev pe jaa rhe hain 😒phle sodium battery ev achee se desh me aane to do 😢😢 Or iske jgh govt. Hybrid model pr focus kyo nhi kr rhi jisme petrol ki jgh sea weeds fuel le legaa😢,2026-06-30T11:22:46Z,0,Negative,0.70551997423172,Negative
UgzwvjxO_eAOrqhq_z14AaABAg,f_fVAw1kqTQ,Delhi Approves India&#39;s Biggest EV Policy | Ankit Agrawal Study IQ,StudyIQ IAS,It's actually not a bad policy as far as I can see😮,2026-06-30T15:20:53Z,0,Positive,0.685690701007843,Positive
UgyxdNovkyPuv3l7RR14AaABAg,f_fVAw1kqTQ,Delhi Approves India&#39;s Biggest EV Policy | Ankit Agrawal Study IQ,StudyIQ IAS,"Now I feel all data can be fabricated according to anyone's need whatever policies they need to implement. How the emissions are not coming from industry, minings, and what about the ev electricity is totally dependent on thermal power plants 😂 khana ye side se khao ya vo side se its the same thing according to me",2026-06-30T11:34:46Z,0,Neutral,0.5637665390968323,Neutral
Ugw-5QzJ3JBAHmD_NtB4AaABAg,f_fVAw1kqTQ,Delhi Approves India&#39;s Biggest EV Policy | Ankit Agrawal Study IQ,StudyIQ IAS,Why govt isn't working in mission mode for EV adoption. We are moving like sloth.,2026-07-04T09:37:00Z,0,Negative,0.7008587718009949,Negative
UgyJIwXnaf857Eqs1Z94AaABAg,f_fVAw1kqTQ,Delhi Approves India&#39;s Biggest EV Policy | Ankit Agrawal Study IQ,StudyIQ IAS,Atleast such type of policy should be implemented in all metro cities.,2026-06-30T16:12:13Z,5,Neutral,0.7822908163070679,Neutral
Ugz4519lfvNggCVCCUJ4AaABAg,f_fVAw1kqTQ,Delhi Approves India&#39;s Biggest EV Policy | Ankit Agrawal Study IQ,StudyIQ IAS,Sahi h bhai china ki trha india ko bhi 50 ℅ ev policy lani paregi,2026-07-01T09:17:03Z,0,Neutral,0.8099817037582397,Neutral
UgyztvEVSXGYvb_HQXl4AaABAg,f_fVAw1kqTQ,Delhi Approves India&#39;s Biggest EV Policy | Ankit Agrawal Study IQ,StudyIQ IAS,Government pese dakar sakte h,2026-07-02T15:05:51Z,0,Neutral,0.7373335361480713,Neutral
Ugwjwn-1O9NwBjOmb894AaABAg,f_fVAw1kqTQ,Delhi Approves India&#39;s Biggest EV Policy | Ankit Agrawal Study IQ,StudyIQ IAS,"Is it possible in india, because every three months later, new law comes to existence.",2026-07-01T15:02:48Z,0,Neutral,0.8546587228775024,Neutral
UgzEE70M8Ys3C5m3uGR4AaABAg,f_fVAw1kqTQ,Delhi Approves India&#39;s Biggest EV Policy | Ankit Agrawal Study IQ,StudyIQ IAS,EV infrastructure mein 20 sal lgege bnane mein Sarkar policy Abhi bna Di. EV battery causes more damage to environment,2026-07-01T11:33:16Z,0,Negative,0.6674195528030396,Negative
UgysZbE0jGeCizAmbs94AaABAg,f_fVAw1kqTQ,Delhi Approves India&#39;s Biggest EV Policy | Ankit Agrawal Study IQ,StudyIQ IAS,No one benefitted . 😂 When you comes to dealer they directly denied all claims . This the reality,2026-06-30T09:23:52Z,1,Negative,0.8328096270561218,Negative
UgxtwxbEOKpk9MwseLB4AaABAg,f_fVAw1kqTQ,Delhi Approves India&#39;s Biggest EV Policy | Ankit Agrawal Study IQ,StudyIQ IAS,"The current central government's vehicle policies are completely flawed. It is essential to ensure the proper disposal of citizens' old vehicles and subsequently provide incentives for purchasing new electric vehicles. The costs associated with old vehicles and the purchase price of new ones disrupt the common man's monthly budget. Doesn't the government feel it is necessary to seek public opinion before imposing such decisions? (e.g., the launch of the e20 in 2023).",2026-07-01T05:34:09Z,0,Negative,0.795474648475647,Negative
UgzgD2lF9OpJBHJ6rBl4AaABAg,f_fVAw1kqTQ,Delhi Approves India&#39;s Biggest EV Policy | Ankit Agrawal Study IQ,StudyIQ IAS,From all these extreme initiatives one thing is confirmed that our country people or say the government is the dummest from mind that exist irrespective of the party.,2026-06-30T12:22:16Z,0,Negative,0.8321199417114258,Negative
UgzHJFSsalomvoseB954AaABAg,f_fVAw1kqTQ,Delhi Approves India&#39;s Biggest EV Policy | Ankit Agrawal Study IQ,StudyIQ IAS,🇳🇵🇳🇵🇳🇵🇳🇵🇳🇵 why the gupta government targeting the poor? Why 2 wheeler ? Stat from your side. Why did you not start from banning diesel SUV ?,2026-07-02T12:24:56Z,0,Negative,0.8458702564239502,Negative
UgwXOMmIxu34ZHTkKq14AaABAg,f_fVAw1kqTQ,Delhi Approves India&#39;s Biggest EV Policy | Ankit Agrawal Study IQ,StudyIQ IAS,Elect a clown expect circus💩 How many rules did she made to control industrial pollution (main constituent of pollution in Delhi),2026-06-30T11:31:19Z,2,Negative,0.8586741089820862,Negative
UgwaSoeA7wAef71hOnJ4AaABAg,f_fVAw1kqTQ,Delhi Approves India&#39;s Biggest EV Policy | Ankit Agrawal Study IQ,StudyIQ IAS,Delhi government ko pata hai infrastructure nahi hai ev ka to koi ev lega nahi or ek dusre ko thank you kehe masterstroke keh denge😂,2026-06-30T12:14:19Z,0,Positive,0.4819434881210327,Positive
UgwvA8iM36u4Wa4_4g54AaABAg,f_fVAw1kqTQ,Delhi Approves India&#39;s Biggest EV Policy | Ankit Agrawal Study IQ,StudyIQ IAS,Why this scheme only for Delhi? It should be implemented in all top cities throughout India,2026-06-30T18:21:09Z,0,Neutral,0.7310536503791809,Neutral
UgwCgAQBSQxoDsl8a_J4AaABAg,f_fVAw1kqTQ,Delhi Approves India&#39;s Biggest EV Policy | Ankit Agrawal Study IQ,StudyIQ IAS,"Election ane do, sare rules ki dhajiya ud jayengi 😂😂 or madam cm ko bolo 5000 doe to RtO wale register krke hath me dekar jayenge petrol gadi 😂😂",2026-06-30T10:00:07Z,0,Neutral,0.7290979027748108,Neutral
UgwbEEFIBAUhP2F6k7B4AaABAg,f_fVAw1kqTQ,Delhi Approves India&#39;s Biggest EV Policy | Ankit Agrawal Study IQ,StudyIQ IAS,This policy will definitely a failure,2026-06-30T17:56:28Z,2,Negative,0.8993036150932312,Negative
UgwuG8ro_1aIBiakLSl4AaABAg,f_fVAw1kqTQ,Delhi Approves India&#39;s Biggest EV Policy | Ankit Agrawal Study IQ,StudyIQ IAS,Jayda Subsidy deni chahiye thi new 4 wheeler lene walo ko ye bekar policy hai,2026-06-30T17:23:04Z,0,Neutral,0.7743743658065796,Neutral
Ugy9LsFh5-anR4XaeX94AaABAg,f_fVAw1kqTQ,Delhi Approves India&#39;s Biggest EV Policy | Ankit Agrawal Study IQ,StudyIQ IAS,Great Decision but What about 700 crore medical scam by Delhi Govt under Rekha Gupta.??,2026-06-30T10:47:02Z,0,Negative,0.5901736617088318,Negative
UgwBOgvRMgmWmruPQD94AaABAg,f_fVAw1kqTQ,Delhi Approves India&#39;s Biggest EV Policy | Ankit Agrawal Study IQ,StudyIQ IAS,Not only Delhi but whole India do not have sufficient infrastructure for EV charging station. How government is assuming people will going to charge their vehicles. This is total nonsense decision same like providing only E20 petrol with no choice to consumer,2026-06-30T14:56:53Z,0,Negative,0.8200320601463318,Negative
Ugyf3kIKdWbQg3m5aTB4AaABAg,f_fVAw1kqTQ,Delhi Approves India&#39;s Biggest EV Policy | Ankit Agrawal Study IQ,StudyIQ IAS,"Government ko maanese kia hoga, janata accept karenge to tavi hoga na. Ek patrol bike 1.2 - 4 lakhs tak jate hai aur usko scrap karne se 10000 ????😅 What a joke🤦🤦 pehle to direct patrol bike showroom se empty kariye aur EV ko laiye, uske baad har jageh charging stations lagaiye tavi log accept karenge. Aise to ye logo ke upar government dadagiri kar rahe hai, kuch v rules late aur thop dete hai. Pehle to Government pe rehne wale jine v unke convoy par EV systems kariye",2026-06-30T11:03:10Z,0,Negative,0.5503958463668823,Negative
UgwCQGkpgLT3nzEMdQ94AaABAg,f_fVAw1kqTQ,Delhi Approves India&#39;s Biggest EV Policy | Ankit Agrawal Study IQ,StudyIQ IAS,"Can someone ask these policy makers who is the supplier of EV batteries and EV components 😂😂 The day that country wishes to choke your National Capital's mobility, you're doomed !!",2026-07-01T04:27:37Z,0,Negative,0.8512499928474426,Negative
Ugwuxk-XPjAxz8nBuBV4AaABAg,f_fVAw1kqTQ,Delhi Approves India&#39;s Biggest EV Policy | Ankit Agrawal Study IQ,StudyIQ IAS,Jaise hi jyada log electric vehicle use karenge..... turand tax % lag jayega 😂😂😂😂,2026-07-01T07:35:18Z,0,Neutral,0.6146965026855469,Neutral
UgxzqFMkNIuBzh8nEVx4AaABAg,f_fVAw1kqTQ,Delhi Approves India&#39;s Biggest EV Policy | Ankit Agrawal Study IQ,StudyIQ IAS,Very bad decision .... Bijli toh coal seh hi nikaloge ... More electrify more energy surge ... More surge more coal burning.... More coal burning more pollution.... Bhai first make electricity with renewable sources then apply the rule ... Also m not included the pollution done by making the battery. Literally no logic the govt have ...,2026-06-30T14:07:18Z,0,Negative,0.9061216711997986,Negative
UgyKCsU7-7FN5inU9il4AaABAg,f_fVAw1kqTQ,Delhi Approves India&#39;s Biggest EV Policy | Ankit Agrawal Study IQ,StudyIQ IAS,ye ev bikes strict policy 2028 sirf delhi me lagu hoga ye all over INDIA?,2026-06-30T14:08:26Z,1,Neutral,0.8823843002319336,Neutral
UgzUwYNa4lwmoAHeGyh4AaABAg,f_fVAw1kqTQ,Delhi Approves India&#39;s Biggest EV Policy | Ankit Agrawal Study IQ,StudyIQ IAS,Maharashtra state govt ....when you are going to wake up,2026-06-30T13:01:26Z,0,Neutral,0.7464012503623962,Neutral
UgybjKQ4E002K8akax94AaABAg,f_fVAw1kqTQ,Delhi Approves India&#39;s Biggest EV Policy | Ankit Agrawal Study IQ,StudyIQ IAS,So we are not going to fix the cause of the pollution like industries and also like burning of staples from farmers in the different region of Punjab and Haryana to consumers are here to get exploited so that they can start walking now and are you use Metro listen to the government what they say congratulations to everyone they made it,2026-07-01T08:45:37Z,0,Negative,0.7285743951797485,Negative
UgztXAo1ENp7Qjou6J54AaABAg,f_fVAw1kqTQ,Delhi Approves India&#39;s Biggest EV Policy | Ankit Agrawal Study IQ,StudyIQ IAS,Now Gadkari will blame Delhi Govt as Anti Nationals 🤣😜,2026-06-30T11:41:46Z,0,Negative,0.4946743845939636,Negative
UgzHL_ZkmvpXC34hzoV4AaABAg,f_fVAw1kqTQ,Delhi Approves India&#39;s Biggest EV Policy | Ankit Agrawal Study IQ,StudyIQ IAS,Gst and RTO dono remove karo,2026-07-01T13:14:40Z,0,Neutral,0.7967236042022705,Neutral
UgxYlHv11ArnQ5voDWV4AaABAg,f_fVAw1kqTQ,Delhi Approves India&#39;s Biggest EV Policy | Ankit Agrawal Study IQ,StudyIQ IAS,It’s a highly corrupt and Fenku government They do not have the capability to implement anything सिर्फ जानता का नुक़सान होगा और सारा माल लूट लिया जाएगा,2026-07-01T18:19:32Z,0,Negative,0.8748563528060913,Negative
Ugz1Ce0gEMhKIhILAkJ4AaABAg,f_fVAw1kqTQ,Delhi Approves India&#39;s Biggest EV Policy | Ankit Agrawal Study IQ,StudyIQ IAS,Ghante ka ev adoption failure project h,2026-07-05T13:36:16Z,0,Negative,0.7171942591667175,Negative
UgyU7ZCkkf0-1l0oc6d4AaABAg,f_fVAw1kqTQ,Delhi Approves India&#39;s Biggest EV Policy | Ankit Agrawal Study IQ,StudyIQ IAS,😂 araa Delhi balo ka kaya bhoo DL chor kar HR/UP registration karbalagi😂😂😂😂😂😂😂 pura sal delhi par chalayga or ea plan failed hoga notes my words 😂😂😂😂😂,2026-07-01T17:15:17Z,0,Negative,0.5359457731246948,Negative
UgyCD6OWq25IuB3T99t4AaABAg,f_fVAw1kqTQ,Delhi Approves India&#39;s Biggest EV Policy | Ankit Agrawal Study IQ,StudyIQ IAS,Indian govt is on peak to irretate common man,2026-06-30T11:16:10Z,0,Negative,0.7917123436927795,Negative
UgwNp95d2Z24ncIYXnd4AaABAg,f_fVAw1kqTQ,Delhi Approves India&#39;s Biggest EV Policy | Ankit Agrawal Study IQ,StudyIQ IAS,"Ghatiya government ka ghatiya law, yeh government jayegi",2026-06-30T10:10:18Z,0,Neutral,0.6546907424926758,Neutral
UgxJgGoGbCWycLY0Yl94AaABAg,f_fVAw1kqTQ,Delhi Approves India&#39;s Biggest EV Policy | Ankit Agrawal Study IQ,StudyIQ IAS,"PUBLIC use your brain .... what benefiting you are getting... just think one's... ap k pocket se paise nikal ne ki bari hai ... samne punjab and up election are coming... and companies give funds to these politicians to make these kinds of policies... kaya apko apne existing gari se koi problem hai .... why you need this policy... it should be a personal choice either go with petrol, diesel or Evs as per customer preference...",2026-06-30T10:43:15Z,0,Neutral,0.5459566712379456,Neutral
UgxiraDlp-aYL8vTEj14AaABAg,f_fVAw1kqTQ,Delhi Approves India&#39;s Biggest EV Policy | Ankit Agrawal Study IQ,StudyIQ IAS,Fail policy.,2026-06-30T17:02:36Z,0,Negative,0.8678034543991089,Negative
UgyvVVfOU-EMMZU0V6h4AaABAg,f_fVAw1kqTQ,Delhi Approves India&#39;s Biggest EV Policy | Ankit Agrawal Study IQ,StudyIQ IAS,Is govt ko sirf ban karna ata hai,2026-06-30T10:39:51Z,0,Neutral,0.7361723780632019,Neutral
UgxXiRXtIIBoJUnemUR4AaABAg,f_fVAw1kqTQ,Delhi Approves India&#39;s Biggest EV Policy | Ankit Agrawal Study IQ,StudyIQ IAS,Kitni ghatiya policy haa,2026-07-01T13:47:11Z,0,Neutral,0.6252531409263611,Neutral
Ugwc5g5lZa1FgzQWWut4AaABAg,f_fVAw1kqTQ,Delhi Approves India&#39;s Biggest EV Policy | Ankit Agrawal Study IQ,StudyIQ IAS,Nonsense policy,2026-06-30T11:09:40Z,0,Negative,0.7703949809074402,Negative
UgxmijF7fdiwsZCk5Xd4AaABAg,f_fVAw1kqTQ,Delhi Approves India&#39;s Biggest EV Policy | Ankit Agrawal Study IQ,StudyIQ IAS,Too to govt. Ka chaatooo hai.... aandbakht 💩,2026-07-03T13:13:07Z,0,Negative,0.7688606381416321,Negative
UgwKRd_rDvVRqaGm3jB4AaABAg,z-7BFtWz7Bs,Is Delhi’s EV policy the start of the end for ICE bikes? | Deep Drive Podcast Ep.121| Autocar India,Autocar India,"U R right more pollution coming from construction, but pollution culprits are automobile, they hv strict pollution norms bs6 etc .. what's that for. Over 350cc is considered luxury paying more taxes & it dont sell in big number it should be exempted as those who wish can buy as this are mostly considered for touring not local commuting",2026-07-18T06:44:23Z,5,Negative,0.5888116955757141,Negative
Ugw2XgCqbU5dRDBGdSl4AaABAg,z-7BFtWz7Bs,Is Delhi’s EV policy the start of the end for ICE bikes? | Deep Drive Podcast Ep.121| Autocar India,Autocar India,Awesome Content as usual i think mature policies are required not random ones and it should across India and not state wise one rule. And at the same time it should be acceptable and practical and Rightly thought and implemented. No haywire stuff 🤘🏼💯🚗🏍️,2026-07-18T06:19:24Z,0,Positive,0.9124203324317932,Positive
UgxlUb28TBSEUNUeSJd4AaABAg,z-7BFtWz7Bs,Is Delhi’s EV policy the start of the end for ICE bikes? | Deep Drive Podcast Ep.121| Autocar India,Autocar India,How will this ev policy work on BH number,2026-07-18T09:26:24Z,3,Neutral,0.757803738117218,Neutral
UgwawwFEw0L_YvHctR94AaABAg,z-7BFtWz7Bs,Is Delhi’s EV policy the start of the end for ICE bikes? | Deep Drive Podcast Ep.121| Autocar India,Autocar India,"These are the points that should be raised while making the policy, who are even these policy makers , shouldn't they consult these people for their opinions and everything",2026-07-18T15:45:22Z,0,Neutral,0.5833446979522705,Neutral
UgxDjUbPivdCytKJVip4AaABAg,z-7BFtWz7Bs,Is Delhi’s EV policy the start of the end for ICE bikes? | Deep Drive Podcast Ep.121| Autocar India,Autocar India,"A Tata Nano EV priced at 1.5l is the solution to this problem. Standard charging port, standard charging stations. Thank me later",2026-07-18T13:40:27Z,5,Neutral,0.5053372383117676,Neutral
Ugx8dAGJEt_Baz7C3Z94AaABAg,z-7BFtWz7Bs,Is Delhi’s EV policy the start of the end for ICE bikes? | Deep Drive Podcast Ep.121| Autocar India,Autocar India,"Ok just a small number I'm putting here and you understand the absurdness of this policy. They are saying to put up 30000 chargers. Let's say there will be 4 plugs per charger which makes 1.2lakh vehicles to be charged simultaneously. Now look at the data provided by vahan that 5 lakh 2-wheelers are just sold last year and you can see how many of them are even running on the roads. Those ""upcoming"" 30k chargers wont even fulfill a small amount of need majorly because on a petrol pump, you are in and out in max 15min on a crowded pump but you will stay on a charger for at least minimum 20mins. 6:54 This policy was made without giving a proper thought and it is just to squeeze the common hard working person.",2026-07-19T04:36:33Z,0,Negative,0.5453954935073853,Negative
Ugwjwpnbd_0YtVwiCgN4AaABAg,z-7BFtWz7Bs,Is Delhi’s EV policy the start of the end for ICE bikes? | Deep Drive Podcast Ep.121| Autocar India,Autocar India,Only ather has an established charging network which is going to be a big advantage,2026-07-19T03:19:42Z,0,Positive,0.8885869383811951,Positive
UgycuwJ8wc-3DY9EMpN4AaABAg,z-7BFtWz7Bs,Is Delhi’s EV policy the start of the end for ICE bikes? | Deep Drive Podcast Ep.121| Autocar India,Autocar India,A lot of people in India shout in the comments section of youtube videos. Whereas if you have a problem with a policy then go and complain to the policy makers instead.,2026-07-18T12:55:28Z,0,Negative,0.5943921208381653,Negative
UgyDtzXQj-oniljryXB4AaABAg,z-7BFtWz7Bs,Is Delhi’s EV policy the start of the end for ICE bikes? | Deep Drive Podcast Ep.121| Autocar India,Autocar India,"I feel like they will extend the deadline by 1 year when the deadline arrives, then 6 months and then three months and so on and so forth. Then they would just start taxing petrol bikes higher instead of banning them.",2026-07-20T12:30:59Z,0,Neutral,0.6983129382133484,Neutral
Ugy40yeZxNYx89Vx1RR4AaABAg,z-7BFtWz7Bs,Is Delhi’s EV policy the start of the end for ICE bikes? | Deep Drive Podcast Ep.121| Autocar India,Autocar India,"Great episode‼️ It is a huge misconception that hybrids don't enjoy tax sops. Under the GST 2.0 reforms, the central government completely fixed that historical anomaly that paralyzed the small car hybrid segment. In the older regime, all hybrids were taxed a blanket 43% GST (28% + 15% cess) irrespective of their size. This meant that while larger luxury hybrids enjoyed up to a 7% tax advantage, smaller mass-market hybrids had to pay an additional 12% to 14% tax compared to standard small ICE cars‼️ This absolute tax penalty is exactly why this segment was historically non-existent. With GST 2.0, sub-4m hybrids with a petrol engine under 1200cc now cleanly qualify for the entry-level 18% GST slab. Which makes the Series Hybrid architecture a brilliant candidate for urban mobility, delivering phenomenal urban fuel efficiency (25–35 km/l). But engineering can only do so much when toxic air pollution is literally choking our cities, driving up cancer rates, and scaring away long-term global investments. That is why Delhi’s new EV Policy 2.0 deserves massive credit. By setting hard registration deadlines—like transitioning all new three-wheelers by 2027 and two-wheelers by 2028 entirely to pure electric—Delhi is taking the brutal, necessary steps to force a structural shift. While the central government's tax structure gives us the perfect transition tools for passenger cars, Delhi's aggressive framework shows the kind of political will needed to clean our skies. Here’s hoping the rest of the country follows suit and aligns state-level urgency with federal tax incentives to tackle this public health crisis head-on‼️",2026-07-18T07:44:06Z,0,Positive,0.6328585147857666,Positive
UgzZIWEbHanzwmtbD6l4AaABAg,z-7BFtWz7Bs,Is Delhi’s EV policy the start of the end for ICE bikes? | Deep Drive Podcast Ep.121| Autocar India,Autocar India,Delhi is not a remote island. One can easily buy from Gurgaon or Noida. Govt. will extend it for another 10 years until whole NCR becomes fully electric. Or they will backtrack after seeing revenue loss.,2026-07-19T13:06:21Z,1,Neutral,0.7939121723175049,Neutral
UgxbxM3t_5CDOnSZVMF4AaABAg,z-7BFtWz7Bs,Is Delhi’s EV policy the start of the end for ICE bikes? | Deep Drive Podcast Ep.121| Autocar India,Autocar India,"All measures must be taken towards protecting the environment and saving our universe. Nobody is against that, but I believe that automobiles are being unfairly targeted. The Indian auto industry is reeling under the weight of new and newer regulations as also the common motorist who's being forced to bear the cost of loss of mileage and possible damage to his vehicle caused by various blends of fuel. Dare to guess who the elephant in the room is?",2026-07-18T08:27:06Z,0,Negative,0.6028342247009277,Negative
Ugxd-6JEJlxBEqA-Qnp4AaABAg,z-7BFtWz7Bs,Is Delhi’s EV policy the start of the end for ICE bikes? | Deep Drive Podcast Ep.121| Autocar India,Autocar India,"Two wheelers aren't nearly as polluting as the big SUVs, especially diesels. Also, buses and lorries contribute a lot to pollution. The best solution, besides supporting EV adoption, is to electrify the bus fleet and ban lorries within city limits. Have distribution yards on the outskirts so that the lorries only stick to highways and outer limits. Mandate the use of electric goods vehicles of a smaller capacity, like e Vans and e mini trucks for last mile goods delivery. This solves both congestion and pollution, along with traffic incidents to a certain extent.",2026-07-20T11:57:54Z,0,Neutral,0.47249478101730347,Neutral
Ugxf5P_jqyBeRvxBMCh4AaABAg,z-7BFtWz7Bs,Is Delhi’s EV policy the start of the end for ICE bikes? | Deep Drive Podcast Ep.121| Autocar India,Autocar India,"The rules are absolutely rubbish and just diverting tactics. 1) to charge or not charge road tax is ok, but it should be mandatory for any class of EV to require a licence and insurance. 2) Govt wants to just shift responsibility from itself to people by forcing RWA's to set up charging points, consider an average housing society, each flat has designated KW of electric load, based on which it generally has a incoming transformer,. how can a charger be set up in each parking bay when load of these is much more than the sanctioned / installed load? And who will pay for all this extra KW load - new wires, transformers etc 3) You are right, people will just register it outside get it to delhi, even now people who have a option register their cars in HP, UK Gurgaon etc as road tax is lower vs Delhi. 4) multiple truck fleet operators have their vehicles registered in NL but plying in NCR? 5) Diesel trucks / dumpers in pathetic conditions with open top regularly ply across Delhi NCR, wonder why they are not targeted? 6) Real issues, clear the roads, enforce traffic discipline, wrong side driving, 2W on E-way, battery rickshaw on way, juggads (using old M/c some times 2 stroke engines) blowing more smoke than 10 diesel cars regularly ply in Delhi, no control , wonder, why ??",2026-07-20T16:44:46Z,1,Negative,0.7223725914955139,Negative
UgwxTKKR6bOL4_zR0454AaABAg,z-7BFtWz7Bs,Is Delhi’s EV policy the start of the end for ICE bikes? | Deep Drive Podcast Ep.121| Autocar India,Autocar India,I have DL registration Classic 350 2010 73K on odo. Been using XP100. My Bike is perfectly fine. I'm clueless what to do.,2026-07-18T05:36:50Z,4,Neutral,0.6490471959114075,Neutral
UgzITg3g46MbxwwgRdd4AaABAg,z-7BFtWz7Bs,Is Delhi’s EV policy the start of the end for ICE bikes? | Deep Drive Podcast Ep.121| Autocar India,Autocar India,19:00 why charge more? We already pay so much on salaries that dont compare to the rest of the world. Why budge ourselves? Why not push back on such policies?,2026-07-21T10:54:32Z,0,Negative,0.8105764389038086,Negative
Ugz1d5nX31P-x7qP0ll4AaABAg,z-7BFtWz7Bs,Is Delhi’s EV policy the start of the end for ICE bikes? | Deep Drive Podcast Ep.121| Autocar India,Autocar India,"The policy is great. I have been advocating for it since last year. They can do it for cars too. Who who has to buy, will register outside anyway. But OEMs will be under pressure to release new EV models which are literally non-existent in the 2 wheeler segment. Also there is enough time to adopt the change.",2026-07-18T06:11:09Z,13,Positive,0.7950146198272705,Positive
UgzEgX9kLiFXMSq5wrB4AaABAg,z-7BFtWz7Bs,Is Delhi’s EV policy the start of the end for ICE bikes? | Deep Drive Podcast Ep.121| Autocar India,Autocar India,"when 70-80% generation of electricity comes from thermal powerplant, one wonders how EVs are an environmental choice. and not to mention the disposal of toxic substance and the pollution created by mining of minerals. study has also indicated that vehicular pollution is around 10-15 % of the total air pollution affecting delhi. The government doesn't care about systematic tackling of the issue",2026-07-21T23:07:39Z,1,Negative,0.7052176594734192,Negative
UgztKih_w6ZIJJ-61CN4AaABAg,z-7BFtWz7Bs,Is Delhi’s EV policy the start of the end for ICE bikes? | Deep Drive Podcast Ep.121| Autocar India,Autocar India,"Hi, Autocar India Channel and hosts, A self defeating initiate by Delhi Govt., as there is hardly any reliable and sufficient EV charging infrastructure there. It's like shooting in pich dark. Millions of middle. class people lives in buildings/areas where even to park a Two Wheeler is a great challenge itself, forgets about a charging port. As everyone knows, Delhi urban infrastructure is not that of Bombay, majority of people lives in ramshakle shanties, narrow unplanned JJ colonies, unreliable power supply at nights, when majority of Two Wheeler EVs charges. Over the top, does India has developed enough capacity to manufacture EVs? The supply chain, etc. They are hell bound to make people's live more hell, when living in Delhi itself living/surviving in hell. May Almighty God Saves. Good Luck and looking forward to.",2026-07-20T14:54:24Z,0,Negative,0.8073389530181885,Negative
UgwmzMcnq5-EQrw_Smd4AaABAg,z-7BFtWz7Bs,Is Delhi’s EV policy the start of the end for ICE bikes? | Deep Drive Podcast Ep.121| Autocar India,Autocar India,"This is a logical first step. Electric 2 wheelers are very competitive in terms of pricing compared to their ICE counterparts - unlike 4 wheelers which are much more expensive. Also for those who need longer range like commercial users, there are options with swappable batteries. The policy should get extended to cars soon too. No policy decision is going to come without challenges. But that does not mean that things shouldn't move forward. Challenges will get resolved faster when they are current, not when they are in the future.",2026-07-18T09:55:42Z,4,Positive,0.5949614644050598,Positive
UgwLnIXHDVEz0Ub6RkB4AaABAg,z-7BFtWz7Bs,Is Delhi’s EV policy the start of the end for ICE bikes? | Deep Drive Podcast Ep.121| Autocar India,Autocar India,"Actually, its time to Leave Delhi . Because infrastructure isn't ready and policies are being forced upon .",2026-07-18T07:40:45Z,4,Negative,0.8808858394622803,Negative
UgzqYN0q65h_j90i_qV4AaABAg,z-7BFtWz7Bs,Is Delhi’s EV policy the start of the end for ICE bikes? | Deep Drive Podcast Ep.121| Autocar India,Autocar India,Another terrible decision! Why do governments rush into policies without proper precautions and research? 🤬 (E20 is a prime example too) I am absolutely certain this ridiculous idea came from clueless bureaucrats. What about the remaining 80% of pollutants? What about the fleet and commercial sectors? How many of these charging points will actually work? What happens if a hazardous situation occurs in a residential area because of this?,2026-07-18T07:37:38Z,7,Negative,0.9424335956573486,Negative
Ugw9ethFg66BeF9wg4F4AaABAg,z-7BFtWz7Bs,Is Delhi’s EV policy the start of the end for ICE bikes? | Deep Drive Podcast Ep.121| Autocar India,Autocar India,"Common people can ban this government, but two wheelers can't be banned.",2026-07-18T13:46:30Z,0,Negative,0.7607295513153076,Negative
Ugz2wxd2-OjsMTmzLpR4AaABAg,z-7BFtWz7Bs,Is Delhi’s EV policy the start of the end for ICE bikes? | Deep Drive Podcast Ep.121| Autocar India,Autocar India,"It looks good to me. Delhi NCR has a very bad AQI Levels. With millions of EV, in Delhi, removing new registrations of EV 2 Wheelers, will only reduce pollution, and better than doing what they have been doing with Ethanol",2026-07-18T05:42:06Z,7,Negative,0.43933969736099243,Negative
Ugz3N9gweJJSejCu9l54AaABAg,z-7BFtWz7Bs,Is Delhi’s EV policy the start of the end for ICE bikes? | Deep Drive Podcast Ep.121| Autocar India,Autocar India,"For a state which buys electricity, having EV as a policy is showing lack of knowledge and awareness of people who are making this decision. Not to forget that Delhi gets is pollution from peripheral states.",2026-07-18T13:40:30Z,0,Negative,0.6845423579216003,Negative
UgwfUyaIEPCwNoEGytt4AaABAg,z-7BFtWz7Bs,Is Delhi’s EV policy the start of the end for ICE bikes? | Deep Drive Podcast Ep.121| Autocar India,Autocar India,"Mark my words - The 2 wheelers policy will not only be a spectacular failure, this will also sink this CM. You can’t shove a policy onan entire population that is not ready for it.",2026-07-19T15:47:13Z,0,Negative,0.8759592771530151,Negative
Ugy0RjF1PLr66snB8Wd4AaABAg,z-7BFtWz7Bs,Is Delhi’s EV policy the start of the end for ICE bikes? | Deep Drive Podcast Ep.121| Autocar India,Autocar India,"The stupid policy by IAS babu who get fortuner from govt to drive them and fuel money to fill their own tanks Reality is, ev cannot substitute ICE 2 wheelers",2026-09-12T06:23:21Z,0,Negative,0.8202531933784485,Negative
UgxzLKC4ySQyOxCA_EN4AaABAg,z-7BFtWz7Bs,Is Delhi’s EV policy the start of the end for ICE bikes? | Deep Drive Podcast Ep.121| Autocar India,Autocar India,Indian government and their knee jerk reaction based policies.,2026-07-18T16:38:38Z,0,Negative,0.8853306770324707,Negative
UgwlmUBnvJxu9E0gMq94AaABAg,z-7BFtWz7Bs,Is Delhi’s EV policy the start of the end for ICE bikes? | Deep Drive Podcast Ep.121| Autocar India,Autocar India,90% of EV 2wheelers will stall or be stuck at commercial charging stations. GUARANTEE,2026-08-04T11:56:26Z,0,Negative,0.6312523484230042,Negative
Ugz_5ylAqctjaer8zzl4AaABAg,z-7BFtWz7Bs,Is Delhi’s EV policy the start of the end for ICE bikes? | Deep Drive Podcast Ep.121| Autocar India,Autocar India,Government doesn't have balls to ask farmers to stop burning the agricultural waste and stop industrial pollution or construction pollution. This is just to grab attention as if they are caring about pollution problem. Untill they address the bigger factors of pollution causing industries there won't be much results,2026-07-18T08:13:26Z,1,Negative,0.8523294925689697,Negative
UgzQ886Uu2ovgWl0Nft4AaABAg,UwuPqjz--fA,"EV Policy 2026 : सब्सिडी खत्म, तो EV का क्या होगा? समझिए India की नई EV Policy",The Bonus,"Shuvamji ko kya bolun, excellent noble writer and actor! ❤ Lekin unemployment data of engineering students are not satisfied during this tenure of this government results expectations become poor and poor.",2026-07-02T02:05:38Z,0,Negative,0.41886019706726074,Negative
UgzDLN6kI1nB4WWglyZ4AaABAg,UwuPqjz--fA,"EV Policy 2026 : सब्सिडी खत्म, तो EV का क्या होगा? समझिए India की नई EV Policy",The Bonus,Govt ko EV me 2 wheeler 2and etc charger connector seme karne par bhi focus karna hoga.,2026-07-13T07:39:24Z,0,Neutral,0.8175216913223267,Neutral
UgxnisuICQZ13wupTld4AaABAg,UwuPqjz--fA,"EV Policy 2026 : सब्सिडी खत्म, तो EV का क्या होगा? समझिए India की नई EV Policy",The Bonus,Abhi to aapne ek baat boli hi nahi..... Ev scooter sirf ussi company ke charger se hi charge hoga jo ki microchip se locked hai jiss se user bahar market ke charger se charge naa kar sake,2026-07-08T19:18:41Z,1,Neutral,0.7898516654968262,Neutral
UgwbLAeDTbsTj-4IiTd4AaABAg,UwuPqjz--fA,"EV Policy 2026 : सब्सिडी खत्म, तो EV का क्या होगा? समझिए India की नई EV Policy",The Bonus,Government sabhi petrol pump ko ev charger lagana midetory kyo nahi krti ? sabi patrol pump wale 20 crod ka aadmi hota h.woh laga lega Paisa.pump ko patrol dena band kr do pahle 3 charger lagao. Varna petrol nhi milega . tabhi ye problem solve hogi,2026-07-06T21:35:34Z,0,Neutral,0.605826735496521,Neutral
UgwNp7DeoEVRGzXBtld4AaABAg,m-lmh_3L62g,Rekha Gupta-led Delhi Cabinet Approves New EV Policy With BIG Incentives For Citizens | Explained,Mint,Isn't it incentive in the thumbnail?,2026-06-30T04:33:14Z,2,Neutral,0.9001462459564209,Neutral
Ugzi5zV-LenDHyMv7j14AaABAg,m-lmh_3L62g,Rekha Gupta-led Delhi Cabinet Approves New EV Policy With BIG Incentives For Citizens | Explained,Mint,All state govt can reduce the ev car price to tell to car manufacturers company and give offer more and more ev car purchase and charging station increase more and more every place in india,2026-06-30T05:14:32Z,2,Neutral,0.7817522883415222,Neutral
UgzaMJCsrhXGFzvhptV4AaABAg,m-lmh_3L62g,Rekha Gupta-led Delhi Cabinet Approves New EV Policy With BIG Incentives For Citizens | Explained,Mint,What abt. Charging station ?,2026-06-30T04:02:41Z,1,Neutral,0.9499465227127075,Neutral
UgzSlReEfuFzTe4N9fx4AaABAg,m-lmh_3L62g,Rekha Gupta-led Delhi Cabinet Approves New EV Policy With BIG Incentives For Citizens | Explained,Mint,All State Governments should follow.,2026-06-30T03:03:18Z,5,Neutral,0.7392410039901733,Neutral
UgyBTsCfue2xD4jO_9J4AaABAg,m-lmh_3L62g,Rekha Gupta-led Delhi Cabinet Approves New EV Policy With BIG Incentives For Citizens | Explained,Mint,"Without proper charging infrastructure, this EV policy will fail. Plus it is impossible for all the automobile makers to scrap their ICE vehicle plants and vehicles. It will take a decade or two for successful transition. If our government would not so CORRUPT and STUPID, they would take lessons from China on this matter. But no, they have Chinaphobia and Gadkari only wants making more money from EV battery supply.",2026-07-01T03:22:56Z,0,Negative,0.8359686136245728,Negative
UgwhLtN7_CahG8qOp614AaABAg,m-lmh_3L62g,Rekha Gupta-led Delhi Cabinet Approves New EV Policy With BIG Incentives For Citizens | Explained,Mint,"1) And they're sure there's more than adequate capacity in the electric grid to support a rapid upswing in electric vehicle charging? 2) Fire crews have sufficient training to handle a big increase in large-scale battery fires, right? 3) And when the actual reduction in air pollution ends up being negligible because it turns out the VAST majority of air pollution in the Delhi metro area is industrial or agricultural, they'll agree to reverse the policy, right? 4) And since India still receives more than 70% of its power generation from coal, they still think overall air pollution will drop even accounting for the increase in coal burning to support all those fancy golf carts, right?",2026-06-30T04:29:20Z,0,Neutral,0.748528003692627,Neutral
UgxdyGsmILCkmaVzJll4AaABAg,m-lmh_3L62g,Rekha Gupta-led Delhi Cabinet Approves New EV Policy With BIG Incentives For Citizens | Explained,Mint,ADHBHUT MINTWA UT NCT DELHI GOV EV POLICY KUCH DIN PAHELE CRUDE OIL NHAI HIGHWAY MANTRI ETHANOL FLEXI ENGINE E30 E85 E100 USKA KYA HUA UNO INDI INFRA PETROL PUMP DRIVEN ECONOMY JAI HO GO GREEN FATFATEE,2026-06-30T05:16:35Z,0,Neutral,0.7800199389457703,Neutral
Ugw87Q9zVtw8x2XPcN94AaABAg,m-lmh_3L62g,Rekha Gupta-led Delhi Cabinet Approves New EV Policy With BIG Incentives For Citizens | Explained,Mint,"If the electricity is mainly coming from coal plants in North India, this policy will increase pollution, not lower it. Policy should be backed by data not just intuition. I doubt the Government conducted any research to assess the feasibility or success of transitioning new two-wheelers to EVs. Instead of improving the quality and connectivity of public transport, the Government again shifts the responsibility of pollution mitigation onto its citizens.",2026-07-07T05:51:42Z,0,Negative,0.6851615905761719,Negative
Ugy5MiiiK82PdKy-pJt4AaABAg,4ZO3dN3qWn4,Delhi EV Policy: ₹1 Lakh Scrap Bonus + Zero Road Tax on EVs 🚗⚡,Harshit Jain,Aaj bhi jab ye ho jayega tab fayda hoga..aisi policy to hamesha se aati rahi hai paper pr..,2026-04-18T01:39:55Z,2,Neutral,0.7655075192451477,Neutral
Ugx8WQnYZIyOI8O1S1R4AaABAg,4ZO3dN3qWn4,Delhi EV Policy: ₹1 Lakh Scrap Bonus + Zero Road Tax on EVs 🚗⚡,Harshit Jain,Showroom waale mana kar rhe hai incentive dene ko while purchasing new ev 2 wheeler,2026-04-26T09:53:14Z,0,Neutral,0.8738981485366821,Neutral
UgyJ7vqyNbDvV3cMiQJ4AaABAg,4ZO3dN3qWn4,Delhi EV Policy: ₹1 Lakh Scrap Bonus + Zero Road Tax on EVs 🚗⚡,Harshit Jain,Petrol pump should compulsory have working ev charging station,2026-04-18T13:41:33Z,0,Neutral,0.8195925951004028,Neutral
Ugw7qUXVacESq1Vr-4l4AaABAg,4ZO3dN3qWn4,Delhi EV Policy: ₹1 Lakh Scrap Bonus + Zero Road Tax on EVs 🚗⚡,Harshit Jain,Chlo bhai kuch toh buddhi aayi govt mein...AB yeh dekho ki yeh cheez sahi tareeke se implement hoti bhi hai yaa fir yeh plan bhi pehle ki tarah fail hoga,2026-04-18T11:16:45Z,0,Neutral,0.6604219675064087,Neutral
UgyfgzpuRvj1hmkq88V4AaABAg,aA7f3Es9sIk,"Delhi EV Policy 2026 Explained | ₹30,000 Subsidy, Road Tax Free &amp; Petrol Bikes Ban | Full Details",Money9,BUT EV DEALER SHIP PER KOE SUBSIDY NAHI MILL RAHI HAI SIR PLZ CROSS CHECK WITH ANY TWO WHEELERS DEALERSHIP,2026-07-03T06:10:38Z,1,Neutral,0.7399963736534119,Neutral
UgyjQicqNmy0bLecawZ4AaABAg,af0w-V_janc,Is Delhi’s EV Policy a Warning Sign for India’s Auto Industry? | Markets Today #249 ,Upstox,"We should push ev adoption in every state, it will save dollars in oil and create better Aqi.",2026-07-01T05:29:06Z,1,Neutral,0.516732394695282,Neutral
Ugxq2vIjiFOX-PArFQV4AaABAg,8W4Gq1_8h6I,EV खरीदी… अब 5 साल तक नहीं बेच पाओगे! Delhi EV Policy 2.0।EV Resale Ban। Delhi Government |New Rules,News 24,"petrol, diesel, CNG ka sabse achcha substitute hai electric vaahan.use subsidy dekar ghar ghar tak pahunchaao.bade sharm ki baat hai ki e vaahan petrolium vaahan se bahut jyada mahange hain.",2026-05-23T10:45:14Z,1,Neutral,0.5770390033721924,Neutral
Ugyr2_IJexmALgYm5TR4AaABAg,IiajnC5hpvY,Complete Guide to Maharashtra EV Policy | Autoz India,Autoz India,"Firstly most of the Indians prefer petrol and diesel cars over ev cars due to range issues, less charging stations as compared to petrol and diesel pumps, lack of reliability on ev cars as compared to petrol and diesel cars..The sales on ev cars will drop..As the new gst reform would be beneficial for petrol and diesel cars which would directly impact the sales of ev cars... The central and state government should provide subsidies on electric vehicles car so that there would be greater sales and it will boost the ev sector... For example - As the Maharashtra state government provided subsidy for first 10000 private ev cars but later on discontinued(on 21/08/2025).. The government should continue subsidy until the citizens mentality would change and adopt ev cars or till their would be boost in sales of ev cars..",2025-09-03T12:05:54Z,1,Neutral,0.5365117788314819,Neutral
Ugx_m8CTYtzbvWIoThV4AaABAg,IiajnC5hpvY,Complete Guide to Maharashtra EV Policy | Autoz India,Autoz India,kab tak milegi ye Policy ?,2025-08-18T12:15:43Z,0,Neutral,0.8397886753082275,Neutral
UgxHJt8QLu2yBVDHa554AaABAg,IiajnC5hpvY,Complete Guide to Maharashtra EV Policy | Autoz India,Autoz India,Policy Kab se apply ho jayegi? Aur process kya hai ?,2025-05-15T17:07:35Z,0,Neutral,0.876629114151001,Neutral
Ugzabdjf_hSR0yehYNZ4AaABAg,IiajnC5hpvY,Complete Guide to Maharashtra EV Policy | Autoz India,Autoz India,What is portal to apply for subsidy Maharashtra?,2025-06-11T08:46:33Z,0,Neutral,0.8590441346168518,Neutral
Ugw2HL-5Mbk8vlod-F54AaABAg,IiajnC5hpvY,Complete Guide to Maharashtra EV Policy | Autoz India,Autoz India,When is it Starting? Ye EV Policy Shuru kab se hogi ye KOI NAHI BATA RAHA HAI!!,2025-05-18T08:22:25Z,4,Neutral,0.7601357698440552,Neutral
UgzI66rRQ_uqrCifvGx4AaABAg,IiajnC5hpvY,Complete Guide to Maharashtra EV Policy | Autoz India,Autoz India,Does hybrid car also get subsidies like Toyota hyryder and all ?,2025-07-06T07:50:14Z,0,Neutral,0.8899465799331665,Neutral
UgxlLI7aqeZ-0WoSCjh4AaABAg,IiajnC5hpvY,Complete Guide to Maharashtra EV Policy | Autoz India,Autoz India,Kuch chalu hua hai how to get subsidy and RTO tax etc ??,2025-12-08T16:47:29Z,0,Neutral,0.8086074590682983,Neutral
UgwdDRrzSgoVALu907Z4AaABAg,IiajnC5hpvY,Complete Guide to Maharashtra EV Policy | Autoz India,Autoz India,"How to get the subsidy? I have asked the dealer, they said there is no state EV policy",2025-05-14T11:41:36Z,2,Neutral,0.6726504564285278,Neutral
UgwHPqke6LJfOV2csON4AaABAg,IiajnC5hpvY,Complete Guide to Maharashtra EV Policy | Autoz India,Autoz India,"When this EV policy is implemented, No GR, or Circulars or Notification",2025-05-20T18:36:58Z,0,Neutral,0.6240912079811096,Neutral
UgzO1JVS7-addh-l9QF4AaABAg,IiajnC5hpvY,Complete Guide to Maharashtra EV Policy | Autoz India,Autoz India,EV 2.0 policy is not started yet in any of EV car showrooms in MAHARASHTRA,2025-05-18T15:40:49Z,0,Neutral,0.7927548885345459,Neutral
UgxjgC-cEsHVg0MTujB4AaABAg,IiajnC5hpvY,Complete Guide to Maharashtra EV Policy | Autoz India,Autoz India,Gujarat ki ev policy batayiye,2025-05-14T01:56:07Z,0,Neutral,0.7222640514373779,Neutral
Ugzw9YjdbXrCjjAifuB4AaABAg,IiajnC5hpvY,Complete Guide to Maharashtra EV Policy | Autoz India,Autoz India,Bakchodi mat karo...kon sa GR he kaha se apply kare ev ka subsidy lene ke liy,2025-05-14T07:07:31Z,0,Neutral,0.7129898071289062,Neutral
UgyFe4oqqRN2F0J2EA54AaABAg,IiajnC5hpvY,Complete Guide to Maharashtra EV Policy | Autoz India,Autoz India,Where is Maharashtra Government Resolution ?,2025-05-19T06:03:30Z,0,Neutral,0.6725687384605408,Neutral
UgxWTVUfuk84ZKIs0514AaABAg,_eqTGcV3AlQ,नई CAR या BIKE खरीदने वालों के लिए खुशखबरी | Lakshman Roy Explains Delhi&#39;s New EV Policy,CNBC Awaaz.,Ye policy Khali Dilli ke liye hay ya mumbai ko bhi lagu hogl,2026-06-29T13:20:45Z,1,Neutral,0.7820535898208618,Neutral
UgzzHi1McLB1ScdkQyJ4AaABAg,_eqTGcV3AlQ,नई CAR या BIKE खरीदने वालों के लिए खुशखबरी | Lakshman Roy Explains Delhi&#39;s New EV Policy,CNBC Awaaz.,Electric 4 wheeler pe koi incentive nhi h?,2026-06-29T13:18:29Z,1,Neutral,0.8709244728088379,Neutral
Ugx3FaO-GyGb1hes2M14AaABAg,_eqTGcV3AlQ,नई CAR या BIKE खरीदने वालों के लिए खुशखबरी | Lakshman Roy Explains Delhi&#39;s New EV Policy,CNBC Awaaz.,Charging stations nahi hai sheher main,2026-06-29T13:41:54Z,2,Neutral,0.8229612708091736,Neutral
UgyEeBd9_FPKzB8uRv14AaABAg,_eqTGcV3AlQ,नई CAR या BIKE खरीदने वालों के लिए खुशखबरी | Lakshman Roy Explains Delhi&#39;s New EV Policy,CNBC Awaaz.,Is that subsidies money get deducted from the ex-showroom at the time of purchase or not? ...,2026-06-29T15:05:54Z,1,Neutral,0.8061605095863342,Neutral
Ugwg30W4wyU_CZvmJAF4AaABAg,_eqTGcV3AlQ,नई CAR या BIKE खरीदने वालों के लिए खुशखबरी | Lakshman Roy Explains Delhi&#39;s New EV Policy,CNBC Awaaz.,2:40 Car lene par koi incentive nahi hai kya?,2026-06-30T16:57:11Z,0,Neutral,0.9195742011070251,Neutral
Ugy3p9TOSzW6KqXgLt54AaABAg,_eqTGcV3AlQ,नई CAR या BIKE खरीदने वालों के लिए खुशखबरी | Lakshman Roy Explains Delhi&#39;s New EV Policy,CNBC Awaaz.,1st July se cars bhi mehengi ho rahi hai lagta hai ye sarkar or car companies ki strategy hai ki waha subsidy do waha car ke daam badhao,2026-06-29T17:43:50Z,4,Neutral,0.5719584226608276,Neutral
Ugzin7mzZz0k2lPG0EZ4AaABAg,_eqTGcV3AlQ,नई CAR या BIKE खरीदने वालों के लिए खुशखबरी | Lakshman Roy Explains Delhi&#39;s New EV Policy,CNBC Awaaz.,Charger infrastructure sahi nhi hai india mein abhi,2026-06-29T15:03:34Z,1,Neutral,0.8039258718490601,Neutral
UgxdspnMzyKUbLVgKGB4AaABAg,_eqTGcV3AlQ,नई CAR या BIKE खरीदने वालों के लिए खुशखबरी | Lakshman Roy Explains Delhi&#39;s New EV Policy,CNBC Awaaz.,Aisi scheme mp government kyon nhi Lata kya mp cm so rahe hai,2026-06-29T12:40:49Z,3,Neutral,0.8111826181411743,Neutral
Ugx-2TzAH2B3aLFW2WJ4AaABAg,_eqTGcV3AlQ,नई CAR या BIKE खरीदने वालों के लिए खुशखबरी | Lakshman Roy Explains Delhi&#39;s New EV Policy,CNBC Awaaz.,Bangalore they increased road tax and registration .strange,2026-06-29T16:04:59Z,0,Negative,0.6956386566162109,Negative
UgzhxoPFL8BlSse-3Hd4AaABAg,_eqTGcV3AlQ,नई CAR या BIKE खरीदने वालों के लिए खुशखबरी | Lakshman Roy Explains Delhi&#39;s New EV Policy,CNBC Awaaz.,"UP Sarkar, Maanniye Shri Yogi Ji, aap bhi Subsidy announce kar dijiye. 😊",2026-06-30T02:26:48Z,0,Positive,0.6199994087219238,Positive
UgxRgRHMjoAhV0Fe9Al4AaABAg,_eqTGcV3AlQ,नई CAR या BIKE खरीदने वालों के लिए खुशखबरी | Lakshman Roy Explains Delhi&#39;s New EV Policy,CNBC Awaaz.,Why can govt ever simplify things? Kaun hain ye log jo aisi policy banate hai ?,2026-07-02T04:45:27Z,0,Negative,0.7587930560112,Negative
UgzwlqrPZ07UVeuASk94AaABAg,_eqTGcV3AlQ,नई CAR या BIKE खरीदने वालों के लिए खुशखबरी | Lakshman Roy Explains Delhi&#39;s New EV Policy,CNBC Awaaz.,"Sir, very well explained , please clear one thing, if I purchase two wheeler EV on 2nd July 2026, then I will get Rs.30000 subsidy on 1st year Rs.20000 subsidy on 2nd year and Rs.10000 subsidy on 3rd year on same vehicle which I purchased on 2nd July 2026",2026-06-29T12:36:41Z,1,Neutral,0.7180895209312439,Neutral
UgzkD5VvmAT4KodgFPF4AaABAg,_eqTGcV3AlQ,नई CAR या BIKE खरीदने वालों के लिए खुशखबरी | Lakshman Roy Explains Delhi&#39;s New EV Policy,CNBC Awaaz.,pahle old subsidy to clear karwa do... new ka dhokha de rahi hai government,2026-06-30T06:31:45Z,1,Neutral,0.7465384006500244,Neutral
UgzCr-XZ1VBv9cLyl6p4AaABAg,_eqTGcV3AlQ,नई CAR या BIKE खरीदने वालों के लिए खुशखबरी | Lakshman Roy Explains Delhi&#39;s New EV Policy,CNBC Awaaz.,Yah policy Delhi ki gadiyo ke liye keval hai,2026-06-30T04:57:49Z,0,Neutral,0.804684042930603,Neutral
UgyLZuuBKdPRq5STF7J4AaABAg,_eqTGcV3AlQ,नई CAR या BIKE खरीदने वालों के लिए खुशखबरी | Lakshman Roy Explains Delhi&#39;s New EV Policy,CNBC Awaaz.,Kaya EV k liye GOV. Ki terf se infra acha hai. Khi aisa na ho ki le lain fir pachtaye. Ye gov. Kabhi bhi kuch bhi band aur chalu krwa deti hai Kaya hai na Strong Govt. Hai. Janta ki nhi sunegi 😂😂😂,2026-06-29T17:59:26Z,0,Neutral,0.7382817268371582,Neutral
UgxDQgAvpKqyO7EToS14AaABAg,_eqTGcV3AlQ,नई CAR या BIKE खरीदने वालों के लिए खुशखबरी | Lakshman Roy Explains Delhi&#39;s New EV Policy,CNBC Awaaz.,Sirf Delhi mein hi hai yeh scheme. Bihar mein nhi hai.,2026-06-29T13:12:00Z,0,Neutral,0.8430074453353882,Neutral
UgxVxH875vurnJMYwR94AaABAg,_eqTGcV3AlQ,नई CAR या BIKE खरीदने वालों के लिए खुशखबरी | Lakshman Roy Explains Delhi&#39;s New EV Policy,CNBC Awaaz.,Nahi chahiye subsidy modi ko kaho apne paas rahkhe,2026-07-04T16:32:35Z,0,Neutral,0.7880637645721436,Neutral
UgwZp6L52ZfFdfjQ_m14AaABAg,i2DDho0UX6Q,"Delhi EV Policy 2026: पेट्रोल बाइक बंद! जानिए EV सब्सिडी, नियम और बड़े बदलाव",Zee Business,ये rule pure NCR मै implement होना चाहिए,2026-04-16T03:10:42Z,1,Neutral,0.7516782879829407,Neutral
UgyDDC4NHcjXeCAZsc54AaABAg,i2DDho0UX6Q,"Delhi EV Policy 2026: पेट्रोल बाइक बंद! जानिए EV सब्सिडी, नियम और बड़े बदलाव",Zee Business,2 saal se subsidy di hi nahi abhi tak,2026-04-14T01:45:20Z,1,Neutral,0.7800343632698059,Neutral
Ugzv3ZhOt08Wpn-CknZ4AaABAg,i2DDho0UX6Q,"Delhi EV Policy 2026: पेट्रोल बाइक बंद! जानिए EV सब्सिडी, नियम और बड़े बदलाव",Zee Business,Ye Rule only public ke liye h Politician ke nahi,2026-04-15T02:57:58Z,0,Neutral,0.7606022953987122,Neutral
Ugx28hYJb2xULHC1L-J4AaABAg,i2DDho0UX6Q,"Delhi EV Policy 2026: पेट्रोल बाइक बंद! जानिए EV सब्सिडी, नियम और बड़े बदलाव",Zee Business,cylinder may bs 76 Rs subsidy mil rahi hai phelay to 250rs milta tha all subsidy is scam,2026-04-15T09:05:35Z,2,Negative,0.673990786075592,Negative
UgxLPHDf35RBO2TCFcZ4AaABAg,psgPLARtwXs,What Does Delhi&#39;s New EV Policy Mean for You? | WION News,WION,We need charging stations across all over India.,2026-06-30T19:25:43Z,3,Neutral,0.6912010312080383,Neutral
UgzY0jolWtKp_3CAx_x4AaABAg,psgPLARtwXs,What Does Delhi&#39;s New EV Policy Mean for You? | WION News,WION,"Expect electricity rates to go up, to offset the subsidy…",2026-07-01T18:34:59Z,1,Neutral,0.8521209359169006,Neutral
UgwC_hsEq9hVzWOnInN4AaABAg,psgPLARtwXs,What Does Delhi&#39;s New EV Policy Mean for You? | WION News,WION,EV charger station petrol pumps jaise CM 2028 tak kar degi ??,2026-06-30T19:04:44Z,0,Neutral,0.906238853931427,Neutral
UgzvyqhF5fH-NrAi6Xl4AaABAg,psgPLARtwXs,What Does Delhi&#39;s New EV Policy Mean for You? | WION News,WION,Very well done. Best move by BJP government. Only BJP can make such a powerful policy.,2026-07-01T05:52:07Z,1,Positive,0.9765499234199524,Positive
UgzZlKvIS8_eg0y-sFJ4AaABAg,HYcpkJDKJgE,"Delhi EV Policy: नई कार या बाइक खरीदने वालों के लिए खुशखबरी, हो सकता है अब बंपर फायदा",MoneyControl Hindi,Out of Delhi highways par bhi jarori hai charging station aur kahi jagha to highways par kaam hi nahi karte,2026-06-30T10:31:55Z,0,Neutral,0.808441162109375,Neutral
UgxLUNqONHKMAM7r4fl4AaABAg,EVcVecGotNw,Delhi EV Policy 2026: दिल्ली EV पॉलिसी 2026 लॉन्च! जनता को मिलेगा बड़ा फायदा | Pollution Free Delhi,TV9 Bharatvarsh,But dealer subsidy nahi de rahe ....,2026-07-01T09:03:14Z,3,Neutral,0.6241797208786011,Neutral
UgxXTyVWmbXGH2RqDsB4AaABAg,EVcVecGotNw,Delhi EV Policy 2026: दिल्ली EV पॉलिसी 2026 लॉन्च! जनता को मिलेगा बड़ा फायदा | Pollution Free Delhi,TV9 Bharatvarsh,4 wheeler pr subsidy kha h?,2026-06-30T02:19:47Z,0,Neutral,0.7905322909355164,Neutral
UgwZLLsma4UCXQv78F54AaABAg,EVcVecGotNw,Delhi EV Policy 2026: दिल्ली EV पॉलिसी 2026 लॉन्च! जनता को मिलेगा बड़ा फायदा | Pollution Free Delhi,TV9 Bharatvarsh,This policy should be for Delhi NCR area not just Delhi!,2026-07-04T10:06:28Z,0,Neutral,0.7878575325012207,Neutral
UgxiE96gRl5CVBWqNux4AaABAg,EVcVecGotNw,Delhi EV Policy 2026: दिल्ली EV पॉलिसी 2026 लॉन्च! जनता को मिलेगा बड़ा फायदा | Pollution Free Delhi,TV9 Bharatvarsh,"Government is misreading the ground scenario. EVs are unreliable. The batterys often break down, take too long to charge and there is no infrastructure in most part of India. Modi government is acting like Muhammed bin Tughlaq.",2026-07-01T19:07:50Z,2,Negative,0.8973166942596436,Negative
UgzkqhDRavuyVudDsJB4AaABAg,EVcVecGotNw,Delhi EV Policy 2026: दिल्ली EV पॉलिसी 2026 लॉन्च! जनता को मिलेगा बड़ा फायदा | Pollution Free Delhi,TV9 Bharatvarsh,Janta ki jab me khane ke paise nahi chode kya fayda ev policy ka 😂😂😂😂,2026-07-01T15:55:10Z,0,Neutral,0.6103582978248596,Neutral
Ugwx3DAtwfjGJvHqPtJ4AaABAg,EVcVecGotNw,Delhi EV Policy 2026: दिल्ली EV पॉलिसी 2026 लॉन्च! जनता को मिलेगा बड़ा फायदा | Pollution Free Delhi,TV9 Bharatvarsh,Policy bound for failure,2026-07-01T19:00:19Z,0,Negative,0.7648817896842957,Negative
Ugwcu8iMUVfA-lv4b954AaABAg,9I13Qyzu3tU,PM E-DRIVE: New govt scheme for EVs in India. Details here,Business Standard,"Unless govt make it mandatory for builders to install charging point in parking, everything is useless",2024-09-18T16:45:38Z,17,Negative,0.7307441830635071,Negative
UgwoZYbIDR2BXIcKFs54AaABAg,9I13Qyzu3tU,PM E-DRIVE: New govt scheme for EVs in India. Details here,Business Standard,Is i can take subsidy for ola s1x scooter?,2024-09-25T03:29:51Z,5,Neutral,0.8442033529281616,Neutral
UgxUlmOFb3DVBJmY0TZ4AaABAg,9I13Qyzu3tU,PM E-DRIVE: New govt scheme for EVs in India. Details here,Business Standard,"Government should spend on RND for battery technology, at the moment we are dependent on China for battery and induction motors. So why not just import full cars from china?? And instead of making subcidies so complex, just reduce the price of EVs with subcidy.",2024-10-13T18:41:29Z,5,Neutral,0.5369341969490051,Neutral
UgyqC3P_mLJaY4XOY-V4AaABAg,9I13Qyzu3tU,PM E-DRIVE: New govt scheme for EVs in India. Details here,Business Standard,"Does Modi jee held Government offices use E-Cars, 2Wherrers, trucks and buses? No such policy or use. Right?",2024-09-29T06:23:23Z,0,Neutral,0.7854043841362,Neutral
UgzdQjinlrEetsiLmvd4AaABAg,9I13Qyzu3tU,PM E-DRIVE: New govt scheme for EVs in India. Details here,Business Standard,All but no charging stations 😂😂,2024-10-27T05:29:16Z,4,Negative,0.5218223929405212,Negative
UgwrY8p1iZ-_M5tW7rB4AaABAg,9I13Qyzu3tU,PM E-DRIVE: New govt scheme for EVs in India. Details here,Business Standard,Govt should take steps to making charging port universal.,2024-09-21T01:57:49Z,17,Neutral,0.6772472262382507,Neutral
UgyM_6qWRyh4_Jg5T9Z4AaABAg,9I13Qyzu3tU,PM E-DRIVE: New govt scheme for EVs in India. Details here,Business Standard,When you are talking subsidies only for 2 wheeler bus and etruck why is your video editing is full of electric cars..😂,2024-09-14T09:28:21Z,15,Neutral,0.495685875415802,Neutral
UgwDE0ahkKYuOm45J-14AaABAg,9I13Qyzu3tU,PM E-DRIVE: New govt scheme for EVs in India. Details here,Business Standard,Why four wheeler are neglected in this scheme,2024-09-20T04:34:01Z,0,Negative,0.5500606894493103,Negative
UgwiOxBzKlRrEmCW_oV4AaABAg,9I13Qyzu3tU,PM E-DRIVE: New govt scheme for EVs in India. Details here,Business Standard,If government is serious about ev Than why so much restrictions on retro fitting. Like cng fiting there is 18 lakh of tax for every version we want to make ev It means they are serious about selling new cars rather than keeping the old car which can be used as ev in future.,2024-11-26T02:22:59Z,1,Neutral,0.6174020171165466,Neutral
UgygwYIrR5CgjTpTFtJ4AaABAg,9I13Qyzu3tU,PM E-DRIVE: New govt scheme for EVs in India. Details here,Business Standard,The first thing to do is convert government vehicles and public transport to electric first. And importantly the Auto rickshaws which are the major pollutants.,2024-12-21T19:39:48Z,1,Negative,0.5608422160148621,Negative
UgxymIT1BD-1crtTfCV4AaABAg,9I13Qyzu3tU,PM E-DRIVE: New govt scheme for EVs in India. Details here,Business Standard,What is that benefit to consumer about voucher ? Need to wait and see how much worth discount will be passed to consumer while buying in EV,2024-11-26T05:04:55Z,0,Neutral,0.7757440209388733,Neutral
UgxyzKrCM3f3oO_eaV14AaABAg,9I13Qyzu3tU,PM E-DRIVE: New govt scheme for EVs in India. Details here,Business Standard,its not rocket science mandate all high way petrol bunks to have two EV CHARGERS atleast aslo all Restaurnt on Notional highways should have 2 Chargers minimum. All tourist location need ro add EV chargers. Give intrest free loan to them,2024-11-23T05:42:09Z,0,Neutral,0.7695705890655518,Neutral
UgxWiwCcbhQgOXok2rV4AaABAg,9I13Qyzu3tU,PM E-DRIVE: New govt scheme for EVs in India. Details here,Business Standard,Why can't government can give 50 percent subsidy to two wheeler evs,2026-03-03T12:24:30Z,0,Neutral,0.5977003574371338,Neutral
Ugxxe_1WzFcEBbJRDe54AaABAg,9I13Qyzu3tU,PM E-DRIVE: New govt scheme for EVs in India. Details here,Business Standard,India is a nice but lagging too much why government used money. is a tax of people. we need to decide we need to choose our true leader.,2024-10-06T15:59:22Z,0,Negative,0.5968533158302307,Negative
Ugw922snv3BD0X6LkHJ4AaABAg,9I13Qyzu3tU,PM E-DRIVE: New govt scheme for EVs in India. Details here,Business Standard,"Unless more charging infra is built, no ev revolution can happen. Govt will only realize this is 2035 that they need more charging infra.",2025-01-19T05:43:47Z,0,Neutral,0.5244431495666504,Neutral
UgzJ02W0BkDWuxdLVup4AaABAg,9I13Qyzu3tU,PM E-DRIVE: New govt scheme for EVs in India. Details here,Business Standard,Government should give priority to hydrogen rather than electric,2024-09-24T16:10:48Z,0,Neutral,0.7869687080383301,Neutral
UgyNR4HS0S-puOqw2hR4AaABAg,9I13Qyzu3tU,PM E-DRIVE: New govt scheme for EVs in India. Details here,Business Standard,Ev s should be encouraged by government....to give by subsidy,2026-03-03T12:25:39Z,0,Neutral,0.7122790813446045,Neutral
Ugxia5DB1osyCAJVlXN4AaABAg,9I13Qyzu3tU,PM E-DRIVE: New govt scheme for EVs in India. Details here,Business Standard,They will never realize the actual problem. All this is not needed. Just build charging stations across the country. Everyone will get an EV.,2024-12-05T19:18:22Z,0,Negative,0.6196647882461548,Negative
Ugx4GPkskQTGYtpvs8R4AaABAg,9I13Qyzu3tU,PM E-DRIVE: New govt scheme for EVs in India. Details here,Business Standard,"Future continuous tense. More people given incentives to die in two wheeler accidents, which are already running at the highest rate of fatalities worldwide. This country cannot bring out a small 4 seat 4 wheeler at a price of 3 lakhs. China can but we live in India so hard luck.",2025-02-07T08:40:32Z,0,Negative,0.8533136248588562,Negative
UgzCXm8GbN7fGZVT_e14AaABAg,9I13Qyzu3tU,PM E-DRIVE: New govt scheme for EVs in India. Details here,Business Standard,How many government servants.starelted.using using ev?😂,2024-11-16T08:11:04Z,0,Neutral,0.7152451276779175,Neutral
UgzYWUK2waFHL3DJHX14AaABAg,9I13Qyzu3tU,PM E-DRIVE: New govt scheme for EVs in India. Details here,Business Standard,PETROL DIESEL engine INDUSTRY pura khatam kar deyaa Government,2024-11-15T04:49:50Z,0,Neutral,0.48599809408187866,Neutral
UgzuCq2syXOW19IgYI94AaABAg,9I13Qyzu3tU,PM E-DRIVE: New govt scheme for EVs in India. Details here,Business Standard,"NOW THAT PETROL IS UNAVAILABLE, NOW THEY WAKE UP TO EV. HOW IS THE POLICY MAKER NOT SEE OUR ENERGY DEPENDENCY AS OUR BIGGEST WEAKNESS. SHOULD HAVE BEEN A LONG AGO SCHEME.",2026-04-14T07:07:55Z,0,Negative,0.8891739845275879,Negative
UgyUmtuHCTMOrtlVLgJ4AaABAg,9I13Qyzu3tU,PM E-DRIVE: New govt scheme for EVs in India. Details here,Business Standard,Govt needs to mandate 1st to replace all state & central govt vehicles with EV also all new govt vehicle 🚜 will be only EVs,2024-12-17T13:48:18Z,0,Neutral,0.8291617631912231,Neutral
UgxB3y02jxfFbE21Eox4AaABAg,9I13Qyzu3tU,PM E-DRIVE: New govt scheme for EVs in India. Details here,Business Standard,"Ha ha ha.. who will buy them, middle class is struggling to buy FMGC item thank to our tax ministers.. Modi should understand and replace his tax minister also lot of his minister who are seating in ministry from a decade… otherwise should come and public and not hide behind radio ( radio is one way communication system)…",2024-12-25T08:21:25Z,0,Negative,0.6764222383499146,Negative
UgxiYoSJxRTOOIcjHU14AaABAg,9I13Qyzu3tU,PM E-DRIVE: New govt scheme for EVs in India. Details here,Business Standard,"Its funny how people in comment section take this joke so seriously. Any subsidy or free money is a trick to make sure that money, at the end, should end up into big cooperation who in turn help with funds required by political parties. All 2/3 lane roads will turn into single lane due to being occupied by e-rickshaw.",2024-11-25T18:19:10Z,0,Negative,0.5954939126968384,Negative
Ugw3jcHFzXniVbAynZB4AaABAg,9I13Qyzu3tU,PM E-DRIVE: New govt scheme for EVs in India. Details here,Business Standard,"If PM Modi come to my house and told me to buy EV car I'll shut my door on his face and go for diesel car for next 10 years because government also don't want us to buy EV vehicle by not giving infrastructure for ev, subsidy, low electricity bill and easy to get power supply to those lives in apartment",2024-09-16T16:39:04Z,0,Negative,0.7632937431335449,Negative
UgyEjpfGCIl8Brw9E914AaABAg,9I13Qyzu3tU,PM E-DRIVE: New govt scheme for EVs in India. Details here,Business Standard,"if u keep changing policy every six months nothing is going to happen , ur taking people for a ride",2024-11-23T06:06:24Z,0,Negative,0.8667903542518616,Negative
Ugzfr0pVWt2Vguntwol4AaABAg,9I13Qyzu3tU,PM E-DRIVE: New govt scheme for EVs in India. Details here,Business Standard,And now pay 100% tax on ur marginal benefits from the scheme and 5% cess.,2025-01-12T05:38:07Z,0,Neutral,0.6202729940414429,Neutral
UgyZ7ecOuM-wVDL7Ybt4AaABAg,9I13Qyzu3tU,PM E-DRIVE: New govt scheme for EVs in India. Details here,Business Standard,Make EVs affordable and reduce taxes first. Nirmala Sitharam should resign immediately and Nithin Gadkari should also resign soon. Useless Pieces of Indian Govt,2024-12-23T03:07:41Z,0,Negative,0.8355556130409241,Negative
UgxemsTU1g2bCVZNsa54AaABAg,9I13Qyzu3tU,PM E-DRIVE: New govt scheme for EVs in India. Details here,Business Standard,Waste MODI government,2024-10-04T12:47:37Z,0,Negative,0.8015363216400146,Negative
UgyXnThvPH1_ox2AV5B4AaABAg,9I13Qyzu3tU,PM E-DRIVE: New govt scheme for EVs in India. Details here,Business Standard,"Modi , adani, madhabi buch all will be safe upto godi government. Nowadays you can see that market also ignores the frauds. I must say after the godi government the market will surely correct around 50 to 70 percent😅. So ""jab tak hai godi tab tak market hai godi godi""😅. Ek chaiwala yehi kar sakta hai aur kya 😅",2024-09-14T20:21:33Z,0,Neutral,0.5001303553581238,Neutral
Ugx2R1kMfH1xjuYbwF14AaABAg,9I13Qyzu3tU,PM E-DRIVE: New govt scheme for EVs in India. Details here,Business Standard,"Bjp is reducing subsidies and here in our state Congress is increasing tax on everything, who should we vote? 😭",2024-09-18T08:08:03Z,2,Negative,0.7149884104728699,Negative
UgyFkHXY_09hJkJuwzh4AaABAg,s_P52fB-wKg,Delhi EV Policy: How to Apply For Subsidy? Documents Required &amp; Eligibility| Kaam Ki Khabar| Kadak|,KADAK,Salary account me subsidy aa sakti hai ?,2026-07-12T10:38:33Z,0,Neutral,0.7963842153549194,Neutral
UgymDHeUOiQJ5WjVHpl4AaABAg,s_P52fB-wKg,Delhi EV Policy: How to Apply For Subsidy? Documents Required &amp; Eligibility| Kaam Ki Khabar| Kadak|,KADAK,Dusre state wale jo delhi m job kar rahe hai unko subsidy ka fayda mil sakta h kya?,2026-07-28T10:53:40Z,0,Neutral,0.7960306406021118,Neutral
Ugx4FUUAHz6KWa9jYgB4AaABAg,s_P52fB-wKg,Delhi EV Policy: How to Apply For Subsidy? Documents Required &amp; Eligibility| Kaam Ki Khabar| Kadak|,KADAK,Mujhe Hero ka tubular EV scooter kharide hue 2 mahine Ho chuke hain mujhe 2 mahine ke bad RC Mili Ha kya me apply kar skta hu apne scooter.ke lya kya mujhe subsidy milegi,2026-07-13T14:58:51Z,0,Neutral,0.631662130355835,Neutral
UgxcYlgpYoN2BI1moi54AaABAg,s_P52fB-wKg,Delhi EV Policy: How to Apply For Subsidy? Documents Required &amp; Eligibility| Kaam Ki Khabar| Kadak|,KADAK,To get subsidy these details we have to fill after buying vehicle or the company from which i am buying will it self fill the details,2026-07-06T17:03:08Z,0,Neutral,0.8878940343856812,Neutral
Ugzl8BWZHSVY46kmud14AaABAg,9-dbgk7F-nk,"Delhi Government ला रही EV Policy, पेट्रोल डीजल वाहनों और Electric vehicles की कीमत होगी बराबर",Jagran Business,This is only one or two months not focus on pollution only politics not relief Delhi please create positive things and responsibility that china do no responsibility Center and state government,2025-12-23T07:39:10Z,0,Negative,0.6107824444770813,Negative
UgyFeddqx0A3qw2-Lwt4AaABAg,9-dbgk7F-nk,"Delhi Government ला रही EV Policy, पेट्रोल डीजल वाहनों और Electric vehicles की कीमत होगी बराबर",Jagran Business,Sahiha.bus.charger Rakha.or.charge.karta Raha.,2026-01-06T15:25:11Z,0,Neutral,0.884046196937561,Neutral
Ugyek8HMldg4MmrSF5h4AaABAg,AGZ1QBAFp0o,New EV Policy 2024 | Low Import Duty On Electric Cars | Electric Vehicles India,Electric Vehicles India,Don’t forget that the companies are also required to provide bank guarantees to the Govt if they fail to meet these terms and conditions so money has to be put aside to cover these additional costs.,2024-03-20T12:25:55Z,2,Neutral,0.6314252614974976,Neutral
UgwDDSjgCGXo6m2dDih4AaABAg,AGZ1QBAFp0o,New EV Policy 2024 | Low Import Duty On Electric Cars | Electric Vehicles India,Electric Vehicles India,As usual it's a very complicated and hurdle some policy it should be simplified by only one or two conditions.,2024-03-19T14:24:44Z,2,Negative,0.5080636143684387,Negative
UgwQYzT-IsNEAd_kNld4AaABAg,AGZ1QBAFp0o,New EV Policy 2024 | Low Import Duty On Electric Cars | Electric Vehicles India,Electric Vehicles India,"I really wonder how they picked the number 8000. For a market the size of India, that seems really low. Also what happens if the company doesn't open the factory in 3 years ? Will it have to pay the difference between full and 15% tax ?",2024-03-19T19:56:53Z,1,Negative,0.6788397431373596,Negative
UgwoXnEicz8MUR63H9h4AaABAg,nx-wLYAL_OY,Policy Watch - Air India Stake Sale | India’s Electric Vehicle Policy,Sansad TV,Please have more topics on policy watch,2018-06-16T02:23:41Z,0,Neutral,0.7845017910003662,Neutral
UgxW-CvZdxSQ6Vlsl5Z4AaABAg,nx-wLYAL_OY,Policy Watch - Air India Stake Sale | India’s Electric Vehicle Policy,Sansad TV,i think government should give subsidy on electric vehicles. also make proper policy for electric vehicles. also government purchase only electric vehicles for official use. spend more money on research to develop more efficient and low cost batteries.,2018-06-16T11:46:12Z,0,Neutral,0.6775266528129578,Neutral
UgzcV38wN8QEcDiSskF4AaABAg,AZltjH735EY,"UP Electric Vehicle Policy: UP में EV खरीदने वालों के लिए बड़ी खुशखबरी,ऐसे होगी हर साल हजारों की बचत",News 24,Haryana needs same policy🎉,2025-11-13T11:09:20Z,3,Positive,0.7158983945846558,Positive
UgyrCScZwb40Qs7qW1B4AaABAg,AZltjH735EY,"UP Electric Vehicle Policy: UP में EV खरीदने वालों के लिए बड़ी खुशखबरी,ऐसे होगी हर साल हजारों की बचत",News 24,Govt भी जुमला.. करने लगे.. मतलब जनता का पैसा खतरे में है.. क्यों की Govt का काम जनता और उसका पैसा की रक्षा करना होता है.. जुमला से फसाना नही😂😂😂,2025-11-13T06:27:19Z,4,Neutral,0.8019315600395203,Neutral
UgwfAyWki0KHEJxt-Ep4AaABAg,AZltjH735EY,"UP Electric Vehicle Policy: UP में EV खरीदने वालों के लिए बड़ी खुशखबरी,ऐसे होगी हर साल हजारों की बचत",News 24,"Maine 1 year phle subsidy ke liye registration kiya tha ,abhi tak subsidy nhi aayi ,solar subsidy ka bhi yahi haal hoga , Keval news me hi subsidy dikhti hai.",2025-11-13T15:30:45Z,0,Neutral,0.7769526243209839,Neutral
Ugycj64u88we0FuUM8x4AaABAg,AZltjH735EY,"UP Electric Vehicle Policy: UP में EV खरीदने वालों के लिए बड़ी खुशखबरी,ऐसे होगी हर साल हजारों की बचत",News 24,subsidy is stopped,2026-03-15T17:40:58Z,1,Negative,0.665454089641571,Negative
UgwScORtpSlXbNcfciV4AaABAg,AZltjH735EY,"UP Electric Vehicle Policy: UP में EV खरीदने वालों के लिए बड़ी खुशखबरी,ऐसे होगी हर साल हजारों की बचत",News 24,Ola ev Subsidy to mill nahi Aaj tak,2025-11-13T07:42:12Z,0,Neutral,0.8659902811050415,Neutral
Ugwh9bpRnfeN4rNLsfx4AaABAg,AZltjH735EY,"UP Electric Vehicle Policy: UP में EV खरीदने वालों के लिए बड़ी खुशखबरी,ऐसे होगी हर साल हजारों की बचत",News 24,"Chargers to lagaiye, jyadatar kaam nahi kar rahe hain.",2025-11-14T06:44:01Z,0,Neutral,0.7934932112693787,Neutral
Ugz7yEa0hPGHbWkY-T14AaABAg,AZltjH735EY,"UP Electric Vehicle Policy: UP में EV खरीदने वालों के लिए बड़ी खुशखबरी,ऐसे होगी हर साल हजारों की बचत",News 24,Or koi used khareedta h to kiya tax dena hoga tranfer ke liye,2025-11-11T16:54:52Z,0,Neutral,0.8088678121566772,Neutral
UgxrDCpSIYhsYg9f2uR4AaABAg,AZltjH735EY,"UP Electric Vehicle Policy: UP में EV खरीदने वालों के लिए बड़ी खुशखबरी,ऐसे होगी हर साल हजारों की बचत",News 24,Up me subsidy bnd ho chuki h,2026-03-17T16:54:20Z,0,Neutral,0.7200966477394104,Neutral
Ugwnt8LORjd2Z1Z0WOJ4AaABAg,AZltjH735EY,"UP Electric Vehicle Policy: UP में EV खरीदने वालों के लिए बड़ी खुशखबरी,ऐसे होगी हर साल हजारों की बचत",News 24,"Ev apply krne mein prblm face krni pad rahi h ab helpline pe baat kia to bol rhe h 25000 target pura ho gaya h, uske aage ki koi jankari nahi de rhe h",2026-02-21T06:16:18Z,0,Neutral,0.7851549386978149,Neutral
UgyQUthaASaGogshHtx4AaABAg,AZltjH735EY,"UP Electric Vehicle Policy: UP में EV खरीदने वालों के लिए बड़ी खुशखबरी,ऐसे होगी हर साल हजारों की बचत",News 24,"Keep the road tax and registration fee, but free the toll tax of all the electric vehicles Pan INDIA. Then the sales will be definitely going to boom",2025-11-17T14:00:31Z,0,Positive,0.6887016892433167,Positive
UgzQIB6MFr6bQWJ0k4R4AaABAg,AZltjH735EY,"UP Electric Vehicle Policy: UP में EV खरीदने वालों के लिए बड़ी खुशखबरी,ऐसे होगी हर साल हजारों की बचत",News 24,U.p me koi road tax nahi dena hota hai ev pe pehle se hi ....fake news,2025-11-13T10:51:47Z,0,Negative,0.49073779582977295,Negative
UgzKTeKW18geIYJLhpl4AaABAg,AZltjH735EY,"UP Electric Vehicle Policy: UP में EV खरीदने वालों के लिए बड़ी खुशखबरी,ऐसे होगी हर साल हजारों की बचत",News 24,What is the use of giving such benefits when the people of Lucknow and the residential society are demoting its acceptance and adoption,2025-11-18T16:23:50Z,0,Neutral,0.5722468495368958,Neutral
Ugwla5hUKbsoI9jNrnh4AaABAg,EZUnrRr9www,EV&#39;s Become Cheaper Than Petrol vehicles | Battery Swapping Policy | Electric vehicles India,Electric Vehicles India,Some Chinese 4 wheeler car companies have battery swapping technology.,2022-04-27T10:37:18Z,2,Neutral,0.9013757109642029,Neutral
Ugwi5b-VQhtcRMwbe0Z4AaABAg,EZUnrRr9www,EV&#39;s Become Cheaper Than Petrol vehicles | Battery Swapping Policy | Electric vehicles India,Electric Vehicles India,Thanks for information of centre govt.and state govt.subsidies and gst.5 percent.,2022-04-27T17:47:13Z,0,Positive,0.5357120633125305,Positive
UgxUvOc_ZU8ulpZp67l4AaABAg,EZUnrRr9www,EV&#39;s Become Cheaper Than Petrol vehicles | Battery Swapping Policy | Electric vehicles India,Electric Vehicles India,battery par subsidy hona chaeye aur GST nahi hona chaeye,2022-04-27T12:24:44Z,1,Neutral,0.7843136191368103,Neutral
Ugwmyh2sGV0xPpryUih4AaABAg,EZUnrRr9www,EV&#39;s Become Cheaper Than Petrol vehicles | Battery Swapping Policy | Electric vehicles India,Electric Vehicles India,battery swapping chote chote gao me nhi milega chori jo jayega 🤣 aur bde bde seher me battery swap station me battery hi nhi milega sab battery lene ladenge,2022-04-27T12:17:05Z,1,Neutral,0.7534132599830627,Neutral
UgymBEa-7MYSSh28eX14AaABAg,EZUnrRr9www,EV&#39;s Become Cheaper Than Petrol vehicles | Battery Swapping Policy | Electric vehicles India,Electric Vehicles India,Does the hopeless government compensate battery blast victims,2022-04-27T16:19:24Z,0,Negative,0.8966884016990662,Negative
UgzviiUg2Y3jVW827Xh4AaABAg,EZUnrRr9www,EV&#39;s Become Cheaper Than Petrol vehicles | Battery Swapping Policy | Electric vehicles India,Electric Vehicles India,"Bounce, hero and revolt have different batteries, so how will this work. If it takes 1 year there will be so many bikes already with batteries that nobody will use them. This should have been done 1 year ago. It takes a while to build and test the batteries. Is the government going to provide the fully developed built and tested or are they waiting to get the industry to get involved. It seems there are a lot of issues with this plan. They should have just specified a universal charge station that fits current batteries and a smart app so charger providers can accommodate various designs",2022-04-27T13:02:59Z,0,Negative,0.660197913646698,Negative
Ugz8UQtTKMFkjJp2cUl4AaABAg,sPIeP2FCXoc,Delhi EV Policy 2026: इलेक्ट्रिक कारों पर 100% रोड टैक्स-रजिस्ट्रेशन शुल्क में छूट! | CM Rekha Gupta,Republic Bharat,"रोड टैक्स फ्री,, बट other tax kitna,, चार्ज के लिए अलग से नया बिजली कनेक्शन ओर वो भी ज्यादा रेट पर यूनिट ,,",2026-06-29T12:21:17Z,1,Neutral,0.8389703035354614,Neutral
UgxxwduNnXnLF56XoI14AaABAg,sPIeP2FCXoc,Delhi EV Policy 2026: इलेक्ट्रिक कारों पर 100% रोड टैक्स-रजिस्ट्रेशन शुल्क में छूट! | CM Rekha Gupta,Republic Bharat,"Kebal Swadeshi ev two wheeler kohi milna chahiye subsidy. (EV TWO WHEELER ka minimum 80% component india mein bana hona chahiye, subsidy lene k liye,a niyam hona chahiye, nehi to kohi bhi company R&D mein focus nehi karenge) Upar se chinese assemble EV two wheeler ko iska faida mil jayega.",2026-06-29T15:08:41Z,2,Neutral,0.7906728386878967,Neutral
Ugw2AOMBKow-myvOs_J4AaABAg,2oZK-u37g4U,Up To ₹1.5 Lakh Cheaper: Delhi Offers 50% Road Tax Cut On Hybrid Cars | Delhi EV Policy,Business Today,👌😊excellent policy for China India's biggest enemy😢helping to Spy and Surveillance on India by importing Chinese Battery Equipments and Components and fund anti India activities😢,2026-04-15T07:29:34Z,0,Negative,0.768310010433197,Negative
UgxF8bvBt3JodzyM3LB4AaABAg,YXbmT6jW7PQ,Delhi Govt Big Push for EV Policy | Major Boost for Electric Vehicles,Zee Business,Ev ka infrastructure par company and govt ko dhyan dena chiye charging🔋⚡ station banaya jaay,2026-04-11T09:55:58Z,3,Neutral,0.76788330078125,Neutral
UgxUuRxX-YTOLxle72N4AaABAg,YXbmT6jW7PQ,Delhi Govt Big Push for EV Policy | Major Boost for Electric Vehicles,Zee Business,Tax pahle tha hi nhi🤣...gaide line kaisi,2026-04-11T13:56:46Z,0,Neutral,0.6468064188957214,Neutral
UgxgSdJjrjxYWEOx5XV4AaABAg,YXbmT6jW7PQ,Delhi Govt Big Push for EV Policy | Major Boost for Electric Vehicles,Zee Business,Sir laken election bike/car ki jab battery ma problem atee ha tu company ko bhot time lagta replace karna ma kam da kam 8month sa 1 saal. Is par govt ko bhot dhyan dena pagaa tabi koi ev vechile la ga ...pls is msg ko delhi govt tak bajana ...,2026-04-12T06:03:19Z,0,Negative,0.5056806802749634,Negative
UgxKj7OUBeFLqo14rpN4AaABAg,YXbmT6jW7PQ,Delhi Govt Big Push for EV Policy | Major Boost for Electric Vehicles,Zee Business,Delhi m govt ko o tolerance crimee ki police kro,2026-04-13T06:35:49Z,0,Neutral,0.6127569079399109,Neutral
UgzL7MgiIzu5dcLaLAl4AaABAg,PIs-V59VRCU,"EV Policy 2026: ईवी पर Government का बड़ा दांव, 100% Road Tax में Exemption!| Auto News | Delhi News",News Nation,How many EV charging stations are there in delhi ?,2026-04-14T13:01:55Z,0,Neutral,0.9057455658912659,Neutral
UgydtY4N0l16zlq1cuR4AaABAg,PIs-V59VRCU,"EV Policy 2026: ईवी पर Government का बड़ा दांव, 100% Road Tax में Exemption!| Auto News | Delhi News",News Nation,"Delhi government is not releasing subsidy for those who have purchased EV in last many years, I also purchased in Jan 2026, but not received EV subsidy till date",2026-04-14T03:01:54Z,0,Negative,0.5993825793266296,Negative
Ugyi1TvP-YIOH3LYx8l4AaABAg,avlKzQJhUCY,PM E-Drive Scheme | Current Affairs #parchamclasses #ssc,Parcham Classes,Fantastic scheme to initiate environmental approache❤,2024-09-24T15:16:17Z,7,Positive,0.9838128089904785,Positive
Ugz-aqZ1Gb0DXwJGCSV4AaABAg,avlKzQJhUCY,PM E-Drive Scheme | Current Affairs #parchamclasses #ssc,Parcham Classes,E - Land records should also be brought ending the Waqf board and Catholic Church land grabbing terrorism at once. Taking all the land back and keeping it with the govt and not to be distributed to any religion or caste but only with the central government.,2024-09-29T18:04:42Z,2,Neutral,0.6556338667869568,Neutral
UgzWSkfYiZgBqaGeCkl4AaABAg,avlKzQJhUCY,PM E-Drive Scheme | Current Affairs #parchamclasses #ssc,Parcham Classes,Mam kuch explanation to do easy language me? Sirf facts btane se itna smjh n ayega.....scheme k under kya hoga vo v to btao,2024-09-18T17:20:20Z,1,Neutral,0.72664874792099,Neutral
Ugwi6SFJnKADrseLcTR4AaABAg,4XAUJMdozaE,Delhi&#39;s Crazy New EV Policy!! #cars24,Cars24,EV policy always sounds like someone just rolled dice,2026-01-12T15:35:27Z,431,Negative,0.8395394086837769,Negative
UgxP7uVQqfY-NFU-q294AaABAg,4XAUJMdozaE,Delhi&#39;s Crazy New EV Policy!! #cars24,Cars24,"mere 4 dosto ki bakchodi, or govt ki bakhchodi me zada diff nhi h😢",2026-01-12T17:12:08Z,327,Neutral,0.5139756202697754,Neutral
UgwIAed483dWmwQxIvJ4AaABAg,4XAUJMdozaE,Delhi&#39;s Crazy New EV Policy!! #cars24,Cars24,Impractical policy will not work People don't go for such things,2026-01-12T15:36:29Z,216,Negative,0.8454785346984863,Negative
Ugwy-yMfaeNQEV4RZ1h4AaABAg,4XAUJMdozaE,Delhi&#39;s Crazy New EV Policy!! #cars24,Cars24,"Government had lifted the ban on 15 year old cars so we can drive it, but they are not renewing RC, making it impossible to drive legally. It's just a complete mess.",2026-01-12T17:25:52Z,41,Negative,0.8317432403564453,Negative
Ugyqjr07c8if5YiaeWZ4AaABAg,4XAUJMdozaE,Delhi&#39;s Crazy New EV Policy!! #cars24,Cars24,"Sir aisa hai na, log 10 saal purani gaadi ke aasmaan se unche bhaav maangte hai. Aur ye incentive govt hi kha jaegi",2026-01-13T03:38:57Z,0,Neutral,0.7485238313674927,Neutral
Ugxp1qjsramt0WucBPN4AaABAg,4XAUJMdozaE,Delhi&#39;s Crazy New EV Policy!! #cars24,Cars24,50k incentive. Wah😅,2026-01-13T04:21:19Z,0,Neutral,0.6562334299087524,Neutral
Ugyp0NEGRXtshoJngM94AaABAg,4XAUJMdozaE,Delhi&#39;s Crazy New EV Policy!! #cars24,Cars24,"Paise ki kami nahi he aise owners ko but wo पालते he qki wo unique hoti he,to aisi policy deni chahiye luxurious कार उणेर ko ki wo car update krke usse retro wale use kr sake",2026-01-12T19:46:51Z,0,Neutral,0.8038055300712585,Neutral
Ugzh2S52QnqPHDujYGB4AaABAg,4XAUJMdozaE,Delhi&#39;s Crazy New EV Policy!! #cars24,Cars24,Ese incentives jo kabhi milenge hi nahi..😅,2026-01-12T18:02:28Z,0,Neutral,0.8018860220909119,Neutral
Ugyc8nABJrDCpu-wDIt4AaABAg,4XAUJMdozaE,Delhi&#39;s Crazy New EV Policy!! #cars24,Cars24,The 10-15yr rule isn't valid anymore. All vehicles BS4 onwards can enter Delhi irrespective of their age. All they need is fitness certificate. Stated by the supreme court.,2026-01-13T03:11:59Z,3,Neutral,0.7492836117744446,Neutral
UgxoJjFY72Qruj46gCl4AaABAg,4XAUJMdozaE,Delhi&#39;s Crazy New EV Policy!! #cars24,Cars24,mtlb insaan ke ander ke part nikal ko usko zombi bnna kr diwar mein taag kr usko namaste krna aisa hi kehna govt ka hein 😁😁😁😁😁,2026-01-13T02:35:23Z,0,Neutral,0.6706575751304626,Neutral
UgxjNv7F_2Oxp-IDhoh4AaABAg,4XAUJMdozaE,Delhi&#39;s Crazy New EV Policy!! #cars24,Cars24,Isme bhi government ka kuch faida hoga E20 ki 4 factory ki tarah,2026-01-12T18:03:33Z,0,Neutral,0.7797877192497253,Neutral
UgzSylRRSUv51VLdeA94AaABAg,4XAUJMdozaE,Delhi&#39;s Crazy New EV Policy!! #cars24,Cars24,And this won't violate the current no modification policy? We can't even change a simple exhaust muffler and we can do this !? 🤦🏻,2026-01-12T16:21:16Z,0,Negative,0.8131090402603149,Negative
UgyJCeY0G3Lpxaa2pKN4AaABAg,4XAUJMdozaE,Delhi&#39;s Crazy New EV Policy!! #cars24,Cars24,Retrofit government to real good policy maker who stands for the public.,2026-01-12T17:01:18Z,0,Neutral,0.489188551902771,Neutral
Ugz3mO7hap6i5s9aDWN4AaABAg,4XAUJMdozaE,Delhi&#39;s Crazy New EV Policy!! #cars24,Cars24,"Very unlikely… converting a car from combustion engine to electric is a very complicated task. If done in a cheap chinese manner, like how electric rickshaws are built, it posed risk to safety.",2026-01-17T07:25:16Z,1,Negative,0.6992337107658386,Negative
UgxryveXkj_x0REUjZZ4AaABAg,4XAUJMdozaE,Delhi&#39;s Crazy New EV Policy!! #cars24,Cars24,Govt should make strict emissions regulations. A well maintained old engine emits less than a badly maintained new engine. Just expecting people to keep buying new cars after 10 years is worse than just maintaining the already produced vehicles.,2026-02-25T04:02:56Z,0,Negative,0.8103616833686829,Negative
UgxFd1p-vlzUr-cxLNZ4AaABAg,4XAUJMdozaE,Delhi&#39;s Crazy New EV Policy!! #cars24,Cars24,Nothing on charging infrastructure!,2026-01-13T04:28:57Z,0,Negative,0.7343124747276306,Negative
Ugzz37Otpv3x4R490dJ4AaABAg,4XAUJMdozaE,Delhi&#39;s Crazy New EV Policy!! #cars24,Cars24,Cars can last way longer tbh .. these govt officials just stupid,2026-01-12T17:33:48Z,17,Negative,0.8064220547676086,Negative
Ugxlx1qUqodO33HblQd4AaABAg,4XAUJMdozaE,Delhi&#39;s Crazy New EV Policy!! #cars24,Cars24,Retro fitment…hmm… aaj ki date log cng retrofit nhi pasand karte jo ki more than 20+yrs se Indian market me hai due to complications and safety… toh EV ki baat hi nhi hogi!! Plus total cost of this fitment would affect the decision as ex-3L/4L to invest in old vehicle than drive it for next 15yrs which you have already used for min 10yrs is totally wrong decision instead people will buy another CNg/petrol vehicle in this price. (TALKING ABOUT US MIDDLE CLASS),2026-01-12T16:37:42Z,0,Negative,0.5862760543823242,Negative
Ugz3cyRNipczYVxUZt14AaABAg,4XAUJMdozaE,Delhi&#39;s Crazy New EV Policy!! #cars24,Cars24,"Indian tech standards are not sufficient to provide safety and robust architecture for such changes. Its a good initiative, but we don't have strong implementation standards for it.",2026-03-12T04:24:40Z,0,Negative,0.6365715861320496,Negative
UgwLAgkeYGAi1snNvKl4AaABAg,4XAUJMdozaE,Delhi&#39;s Crazy New EV Policy!! #cars24,Cars24,Bhai odd even rule ko implement karna chahiye mere hisab se,2026-01-15T04:59:50Z,0,Neutral,0.6924551725387573,Neutral
UgzjLSASIv4sXqqUUk94AaABAg,4XAUJMdozaE,Delhi&#39;s Crazy New EV Policy!! #cars24,Cars24,M taxi k liye sedan car liyna chata hu kon se best hai Aura ya maruti suzuki dzire. Kons best hai,2026-01-13T10:00:28Z,0,Neutral,0.7476217746734619,Neutral
Ugwwmji9ZL_cQy1tByV4AaABAg,4XAUJMdozaE,Delhi&#39;s Crazy New EV Policy!! #cars24,Cars24,Kala dhuan chhodne wali factories ni band hoti insse. Lekin achi car jiska PUC ek dam maintained hai. 10-15 sal bad inko chhubhne lagti hai. Typical idiotic policy,2026-01-12T16:18:52Z,0,Negative,0.735131561756134,Negative
UgysKwm-wrXrx198GMh4AaABAg,4XAUJMdozaE,Delhi&#39;s Crazy New EV Policy!! #cars24,Cars24,50000 ki incentive 10 lakh ki battery,2026-01-13T03:17:39Z,0,Neutral,0.8658797740936279,Neutral
UgzhZQW2hkLbZMZLFrd4AaABAg,4XAUJMdozaE,Delhi&#39;s Crazy New EV Policy!! #cars24,Cars24,New upcoming scam janta ka toh pata nahi lekin minister's ka ev policy ke naam pe apna jeb bharege,2026-01-12T17:48:59Z,0,Negative,0.5963616371154785,Negative
Ugyk4EERMPXhmKfhEMF4AaABAg,4XAUJMdozaE,Delhi&#39;s Crazy New EV Policy!! #cars24,Cars24,Sarker bolegi ki woh incentive de rhi h but asliyat me kuch nhi degi,2026-01-12T16:07:26Z,9,Neutral,0.7708480954170227,Neutral
UgxBI5T1G4RlEmwoQkd4AaABAg,4XAUJMdozaE,Delhi&#39;s Crazy New EV Policy!! #cars24,Cars24,So they are saying Government can mod but people can't do mods,2026-01-14T06:11:11Z,0,Neutral,0.567058801651001,Neutral
UgyG2ibDxy4LkbCO-b54AaABAg,4XAUJMdozaE,Delhi&#39;s Crazy New EV Policy!! #cars24,Cars24,I don't think that this policy will work in India and also who would like to replace Engine with a Battery,2026-01-12T18:32:11Z,0,Negative,0.8632209897041321,Negative
Ugxihoxqezy8H3qa2VJ4AaABAg,4XAUJMdozaE,Delhi&#39;s Crazy New EV Policy!! #cars24,Cars24,Check the fitness and let the car go .... commercial and government vechile are working with tons of pollution but personal cars with 20k driven (15yrs) is banned 😅😅,2026-01-13T06:40:07Z,0,Negative,0.6473991870880127,Negative
UgywCw39uFF2TTXBC3J4AaABAg,4XAUJMdozaE,Delhi&#39;s Crazy New EV Policy!! #cars24,Cars24,"PUC checking band hi kardo agar 10-15 saal main gaadi scrap hi karna hai toh. If a car is PUC compliant, then why govt wants to ban such cars. ICE engines have evolved for 100 years and currently they can operate with proper maintenance for a long time.",2026-01-13T09:02:12Z,0,Neutral,0.7047373056411743,Neutral
UgyMWIKxG3ePCxr4HFJ4AaABAg,4XAUJMdozaE,Delhi&#39;s Crazy New EV Policy!! #cars24,Cars24,"Meko gadi ne gadi je features ke alawa engine se bhi pyar hai, to ne battery kyu lagau?",2026-01-15T09:05:28Z,0,Neutral,0.8002520203590393,Neutral
UgzfRsQnmmcsDxJkZ5V4AaABAg,4XAUJMdozaE,Delhi&#39;s Crazy New EV Policy!! #cars24,Cars24,Why don't they instead spend the money on improving ev charging network so more people are inclined to buying ev?,2026-01-27T04:04:56Z,0,Neutral,0.6583144664764404,Neutral
UgwbCa3xuWYJaYBrXsJ4AaABAg,4XAUJMdozaE,Delhi&#39;s Crazy New EV Policy!! #cars24,Cars24,"Internal Combustion engines are only the best friend of ourselves,EVs can never match them in terms of reliability, enjoyment,peace of mind, comfort, etc.As today engines are tuned with advanced anti pollution technology like in BS VI Petrol& DPF in Diesel.I don't why govt not taken any major steps to combat pollution, except just too harsh on Petrol& Diesel Vehicles. They have n't use any innovative solution to control pollution or to control major portion of pollution coming from Industries, as they are getting good Corporate tax from them",2026-01-12T15:49:25Z,0,Neutral,0.3993930518627167,Neutral
UgzGSxDL0TSdMFPMCcd4AaABAg,4XAUJMdozaE,Delhi&#39;s Crazy New EV Policy!! #cars24,Cars24,Naye engine Dene Se Pahle yogya 15 Sal Aur Chal Jayegi body polution nahin karti engine Karta Hai To engine change karne ke liye policy change kar do,2026-01-13T06:13:06Z,0,Neutral,0.8469594120979309,Neutral
UgxjbI4ZQh7hIBmZkVt4AaABAg,4XAUJMdozaE,Delhi&#39;s Crazy New EV Policy!! #cars24,Cars24,Change government who makes new rules every 2 months,2026-01-13T06:15:35Z,0,Negative,0.5042962431907654,Negative
Ugz6QQ9sUUT3B14AgSJ4AaABAg,4XAUJMdozaE,Delhi&#39;s Crazy New EV Policy!! #cars24,Cars24,Veri good policy 2.0,2026-01-13T09:38:53Z,0,Positive,0.6893381476402283,Positive
UgzXUnrgXIq3rhtxRc94AaABAg,4XAUJMdozaE,Delhi&#39;s Crazy New EV Policy!! #cars24,Cars24,Government should buyback old vehicles,2026-02-02T13:59:22Z,0,Neutral,0.7696640491485596,Neutral
UgyOmhCZoHLRfA29sul4AaABAg,4XAUJMdozaE,Delhi&#39;s Crazy New EV Policy!! #cars24,Cars24,Wtf is this joke policy😂😂😂😂,2026-01-12T17:42:04Z,0,Negative,0.9239583015441895,Negative
Ugwc6kE8rXsSCLnjXHt4AaABAg,4XAUJMdozaE,Delhi&#39;s Crazy New EV Policy!! #cars24,Cars24,Government can kiss my ass for rolling such useless solutions,2026-01-13T04:22:25Z,0,Negative,0.93748539686203,Negative
Ugwh9-pRJL-tXvY2jzV4AaABAg,4XAUJMdozaE,Delhi&#39;s Crazy New EV Policy!! #cars24,Cars24,Root cause ko target karne ke alawa sab kuch karenge 🫡,2026-01-13T12:49:22Z,0,Negative,0.5198469161987305,Negative
UgzR4Zi93Q9u-bEtp5R4AaABAg,4XAUJMdozaE,Delhi&#39;s Crazy New EV Policy!! #cars24,Cars24,Aadami ka dil nikal ke pacemaker kyun nahi laga deti govt. Heart attack ka khatra hi khatam ho jayega,2026-01-15T14:46:32Z,0,Negative,0.6443774700164795,Negative
Ugzx6RLVpMIdx-5Zg814AaABAg,4XAUJMdozaE,Delhi&#39;s Crazy New EV Policy!! #cars24,Cars24,"It's a very good idea, but implementation is not easy. They should surely seek help from China to get it going.",2026-01-13T04:32:56Z,0,Neutral,0.4639838933944702,Neutral
UgyboWzdK6tnBk9jkAR4AaABAg,4XAUJMdozaE,Delhi&#39;s Crazy New EV Policy!! #cars24,Cars24,So now we're choosing govt. So they make policy which makes us bankrupt? Pathetic.,2026-01-13T17:52:56Z,0,Negative,0.8907849192619324,Negative
UgxF5UgyQN_qmpBn4UN4AaABAg,4XAUJMdozaE,Delhi&#39;s Crazy New EV Policy!! #cars24,Cars24,Retro cars ko to chodh do bhai. That's why we don't have and car culture in India. Look at us uk. They have all the laws but they also preserve the history of car,2026-02-14T03:09:03Z,0,Neutral,0.5607122778892517,Neutral
UgxZpGhAGXaNnkfTH5p4AaABAg,4XAUJMdozaE,Delhi&#39;s Crazy New EV Policy!! #cars24,Cars24,Government pagal ho gai hai,2026-01-13T18:49:09Z,0,Neutral,0.635556697845459,Neutral
UgxwDiGFD8Ch2-GHIrx4AaABAg,4XAUJMdozaE,Delhi&#39;s Crazy New EV Policy!! #cars24,Cars24,We don't want this useless policy. 😡 We want to use our cars with peace. 😡,2026-01-15T12:41:39Z,0,Negative,0.9363745450973511,Negative
UgxOhHu3ik59AVCU3wZ4AaABAg,4XAUJMdozaE,Delhi&#39;s Crazy New EV Policy!! #cars24,Cars24,As cost of comverting ic car to electric car is too high and incentive is very less so it's not beneficial for small cars because u can buy a new ev car in cost of conversation but for big and luxury cars it can be a good decision,2026-01-12T19:55:21Z,4,Negative,0.5620831847190857,Negative
Ugz0BrBQtm5toHAjLxV4AaABAg,4XAUJMdozaE,Delhi&#39;s Crazy New EV Policy!! #cars24,Cars24,Govt kuch jada si hi gadha h kya japan m 30 saal ki bi chl ri h hydrogen h real fuel,2026-01-14T06:38:13Z,0,Neutral,0.7793177366256714,Neutral
UgwQkFrFF1la53aSvDB4AaABAg,4XAUJMdozaE,Delhi&#39;s Crazy New EV Policy!! #cars24,Cars24,Most ridiculous rule w.r.t EV,2026-01-12T16:33:17Z,0,Negative,0.8871043920516968,Negative
UgzTOvIZJ4aoRJwQ08R4AaABAg,4XAUJMdozaE,Delhi&#39;s Crazy New EV Policy!! #cars24,Cars24,I hate EV policy,2026-01-20T09:57:05Z,0,Negative,0.9191239476203918,Negative
Ugyh2zqYvAbjO3bbg414AaABAg,4XAUJMdozaE,Delhi&#39;s Crazy New EV Policy!! #cars24,Cars24,Koii govt itnii chutiya kese ho sktii hai…🙂,2026-01-16T14:14:56Z,0,Neutral,0.8271674513816833,Neutral
UgwcjdcrXJwcD75ywOd4AaABAg,4XAUJMdozaE,Delhi&#39;s Crazy New EV Policy!! #cars24,Cars24,"Ab to Govt jo le aaye, sab legal oepn loot hi lagta hai Phele Congress scam karti thi",2026-01-13T05:34:32Z,0,Negative,0.5791141986846924,Negative
UgyXwzNLX5Q0Er3qbW14AaABAg,4XAUJMdozaE,Delhi&#39;s Crazy New EV Policy!! #cars24,Cars24,Horrible government,2026-01-12T23:05:35Z,0,Negative,0.9169778823852539,Negative
UgzWPtfQTqZN9yMVWpt4AaABAg,4XAUJMdozaE,Delhi&#39;s Crazy New EV Policy!! #cars24,Cars24,"How will it any significantly reduce pollution when most electricity in this country is still made by coal? Govt isn’t doing anything to implement strict rules on builders to cover buildings, rules on factories, There isn’t even good charging infrastructure in cities or Highways so why would anyone even prefer EVs more than ICE? It’s like choosing, it’s better to die right off rather than getting tortured and then dying anyway",2026-01-12T18:44:39Z,0,Negative,0.8271387815475464,Negative
Ugx5F0lrqy0aBonyfU14AaABAg,4XAUJMdozaE,Delhi&#39;s Crazy New EV Policy!! #cars24,Cars24,Sh*tty policy/plan whatever it is.,2026-01-12T16:35:56Z,0,Negative,0.9226673245429993,Negative
UgxrY8cAV3rLeVjmcTd4AaABAg,4XAUJMdozaE,Delhi&#39;s Crazy New EV Policy!! #cars24,Cars24,Chutzpah govt,2026-01-18T12:44:27Z,0,Neutral,0.5377706289291382,Neutral
Ugzn-VGlAMC0tD65HqR4AaABAg,4XAUJMdozaE,Delhi&#39;s Crazy New EV Policy!! #cars24,Cars24,Nice policy! Need to implement throughout the country!,2026-01-13T03:45:10Z,0,Positive,0.9520323872566223,Positive
UgxWorUKb10ArB9sHzB4AaABAg,l4ildf7r_Cw,"Delhi EV Policy 2026: Subsidies, Road Tax Exemption &amp; What It Means for Vehicle Owners #infopedia247",Infopedia247,"Inki Har 6 mahine me policy badal jati hai. Don't get carried away, Do not buy any new vehicle",2026-07-02T14:03:25Z,1,Neutral,0.5326105356216431,Neutral
UgysQKHWWmHX9i_LTYl4AaABAg,l4ildf7r_Cw,"Delhi EV Policy 2026: Subsidies, Road Tax Exemption &amp; What It Means for Vehicle Owners #infopedia247",Infopedia247,Chotte hathi pe subsidy means,2026-07-02T17:03:16Z,0,Neutral,0.7359902262687683,Neutral
Ugy83qUNu_fhN18F85Z4AaABAg,l4ildf7r_Cw,"Delhi EV Policy 2026: Subsidies, Road Tax Exemption &amp; What It Means for Vehicle Owners #infopedia247",Infopedia247,"Delhi me 50% se jyada log gadiya sadak pe khadi krte hain, unke pas gharme parking hi nai hai bike ki bhi, wo kaha charge karenge😂😂. Sadak prse charger battery sab chori hone lagegi. Kya bhang khake niyam bana rahe ye log.",2026-07-02T07:39:40Z,1,Neutral,0.6015325784683228,Neutral
UgxJ72CCeHc5blXdDt54AaABAg,8UndNQ1g45o,EV policy: Petrol two-wheelers ban in Delhi | Ankit Agrawal Study IQ,StudyIQ IAS,"Construction and dust particles contribute 27% in Delhi's pollution but they are not focusing on fixing this. Edit - mai ye nahi keh rha ki construction rok do but construction krte time kya wha rules regulations follow kiye jate hai, aise kitne construction site aapne dekha h jaha dust ko failane se rokne k liye green colour cover ka upyog kiya jata hai?",2026-04-13T10:02:57Z,46,Negative,0.7673960328102112,Negative
UgzepAdpRH9h6axiQv54AaABAg,8UndNQ1g45o,EV policy: Petrol two-wheelers ban in Delhi | Ankit Agrawal Study IQ,StudyIQ IAS,delhi need 10K electric charger station chaye kyuki 1k to 2k petrol pump hai delhi me,2026-04-13T09:11:34Z,16,Neutral,0.8535643815994263,Neutral
UgyaPx67syDHVZxPEu94AaABAg,8UndNQ1g45o,EV policy: Petrol two-wheelers ban in Delhi | Ankit Agrawal Study IQ,StudyIQ IAS,What about 20 - 30 yrs old govt vehicles,2026-04-16T17:06:38Z,8,Neutral,0.825259268283844,Neutral
Ugy0dEyo1cuBW1xBmNl4AaABAg,8UndNQ1g45o,EV policy: Petrol two-wheelers ban in Delhi | Ankit Agrawal Study IQ,StudyIQ IAS,Big Loophole - khi aur registration krlo aur delhi me chalao . 🙂,2026-04-13T08:49:18Z,204,Neutral,0.8041146993637085,Neutral
UgynpvvMm6cQq77aKZJ4AaABAg,8UndNQ1g45o,EV policy: Petrol two-wheelers ban in Delhi | Ankit Agrawal Study IQ,StudyIQ IAS,"But Delhi government shouldn’t forget the recycling or proper dumping arrangements for old batteries, else lithium from old batteries can create a major concern.",2026-04-13T09:08:40Z,5,Neutral,0.5862658023834229,Neutral
UgwhdLJDQFYV-jr7uEJ4AaABAg,8UndNQ1g45o,EV policy: Petrol two-wheelers ban in Delhi | Ankit Agrawal Study IQ,StudyIQ IAS,2 wheeler company o ki lelei government ne😂😂😂😂😂,2026-04-13T08:41:22Z,26,Neutral,0.5806845426559448,Neutral
UgxpYQy-4r6OrVrfM_d4AaABAg,8UndNQ1g45o,EV policy: Petrol two-wheelers ban in Delhi | Ankit Agrawal Study IQ,StudyIQ IAS,Why can't the Government stop the burning of stable after harvesting season in Punjab -Haryana-Eastern Rajasthan and western UP belt. They have made air quality miserable during winter.,2026-04-13T09:07:16Z,36,Negative,0.8540886044502258,Negative
UgyGjdPDEm0crqQIJSl4AaABAg,8UndNQ1g45o,EV policy: Petrol two-wheelers ban in Delhi | Ankit Agrawal Study IQ,StudyIQ IAS,This needs to be implemented across India if it works well! The government should also focus on charging infrastructure and solutions for long charging times. 🇮🇳🔌,2026-04-13T09:40:36Z,7,Positive,0.7160208821296692,Positive
Ugx2AXvYmdGt83klR8F4AaABAg,8UndNQ1g45o,EV policy: Petrol two-wheelers ban in Delhi | Ankit Agrawal Study IQ,StudyIQ IAS,Government completely ignoring industrial sector 🤡,2026-04-13T12:04:54Z,47,Negative,0.8915455341339111,Negative
UgwrV4kqT74JQEFR9MR4AaABAg,8UndNQ1g45o,EV policy: Petrol two-wheelers ban in Delhi | Ankit Agrawal Study IQ,StudyIQ IAS,Make a policy or a subsidy so that people can exchange their vichel for an ev,2026-04-13T12:07:58Z,1,Neutral,0.8054082989692688,Neutral
Ugyt2PKLl7bp0GTCh-N4AaABAg,8UndNQ1g45o,EV policy: Petrol two-wheelers ban in Delhi | Ankit Agrawal Study IQ,StudyIQ IAS,Construction aur factory sa pollution nhi hota ha delhi government,2026-04-13T08:50:34Z,3,Neutral,0.5436894297599792,Neutral
UgwLLPiaO9vvaWVCmuR4AaABAg,8UndNQ1g45o,EV policy: Petrol two-wheelers ban in Delhi | Ankit Agrawal Study IQ,StudyIQ IAS,What about registration in ncr region? Who comes to delhi ? What about retrofitting?,2026-04-13T09:05:20Z,2,Neutral,0.883955180644989,Neutral
UgxiywedNRE_O2QWFFR4AaABAg,8UndNQ1g45o,EV policy: Petrol two-wheelers ban in Delhi | Ankit Agrawal Study IQ,StudyIQ IAS,"Instead, they should impose stricter regulations on the use of single-user 4 wheelers.",2026-04-13T09:04:12Z,46,Negative,0.5149949193000793,Negative
UgxaAxe8qZ5ysqYtICZ4AaABAg,8UndNQ1g45o,EV policy: Petrol two-wheelers ban in Delhi | Ankit Agrawal Study IQ,StudyIQ IAS,Delhi govt ne ...EV company se contract sign kiya h,2026-04-13T11:18:43Z,2,Neutral,0.8494706749916077,Neutral
UgxTErSeNJVc3eixNWh4AaABAg,8UndNQ1g45o,EV policy: Petrol two-wheelers ban in Delhi | Ankit Agrawal Study IQ,StudyIQ IAS,"I think government ko new nuclear plant banne chye, atleast thinking of increasing electricity demand for next 50 years",2026-04-13T08:43:35Z,3,Neutral,0.764147937297821,Neutral
UgzXl_uch3dD3miG_AR4AaABAg,8UndNQ1g45o,EV policy: Petrol two-wheelers ban in Delhi | Ankit Agrawal Study IQ,StudyIQ IAS,Ethanol Blending Ko Phase wise Kyu ni kar ri govt jara ispar video banaiye,2026-04-13T09:17:28Z,1,Neutral,0.7639346718788147,Neutral
UgygF1RBVi4IXsfXEMF4AaABAg,8UndNQ1g45o,EV policy: Petrol two-wheelers ban in Delhi | Ankit Agrawal Study IQ,StudyIQ IAS,"Why only two wheelers, why not four wheelers also. What's about charging infrastructure? Gradual transition only happening in implementation of rules not on infrastructure creation.",2026-04-13T09:34:29Z,1,Neutral,0.5215889811515808,Neutral
UgyMRhugxZGL1wIU5-l4AaABAg,8UndNQ1g45o,EV policy: Petrol two-wheelers ban in Delhi | Ankit Agrawal Study IQ,StudyIQ IAS,"I think it will be good to first ban all the heavy trucks, LCVs, and buses from transport operators, then pivot to the consumer market. Instead of giving subsidies like this, add more electric buses and encourage public transport by improving public infrastructure. Increase the green neighbourhood, and run a few Mobile Smog Towers vehicles around the city.",2026-04-13T08:54:59Z,7,Neutral,0.6279720067977905,Neutral
UgzBC60iNgetlrOLpp54AaABAg,8UndNQ1g45o,EV policy: Petrol two-wheelers ban in Delhi | Ankit Agrawal Study IQ,StudyIQ IAS,Over honking or overspeeing pe tax chahiye,2026-04-13T12:07:43Z,1,Neutral,0.5984277725219727,Neutral
Ugz8_GVLBXShGK7w63d4AaABAg,8UndNQ1g45o,EV policy: Petrol two-wheelers ban in Delhi | Ankit Agrawal Study IQ,StudyIQ IAS,Sir Ji Govt Convoy k liye kya niyam banaya gaya hai Ye jo lambe lambe convey chalte hai Farzi in par kab ban lag raha hai...,2026-04-13T08:56:39Z,1,Neutral,0.8191331028938293,Neutral
UgyyrTdkbR2BjbioiQl4AaABAg,8UndNQ1g45o,EV policy: Petrol two-wheelers ban in Delhi | Ankit Agrawal Study IQ,StudyIQ IAS,"Wait , no charging stations for 2 wheelers yet ?",2026-04-13T09:21:52Z,1,Neutral,0.638639509677887,Neutral
Ugz6sYAXpip_3HWM_3V4AaABAg,8UndNQ1g45o,EV policy: Petrol two-wheelers ban in Delhi | Ankit Agrawal Study IQ,StudyIQ IAS,Ban nahi karo 400percent tax laga do aur wo tax benefit ev bike waaalo ko tranfer karo,2026-04-13T08:38:51Z,11,Neutral,0.6034942865371704,Neutral
UgwMQDirhRrjHG3dRAR4AaABAg,8UndNQ1g45o,EV policy: Petrol two-wheelers ban in Delhi | Ankit Agrawal Study IQ,StudyIQ IAS,Good decision by govt,2026-04-13T08:36:00Z,8,Positive,0.8733327984809875,Positive
UgwKamTNhdcA272bYu94AaABAg,8UndNQ1g45o,EV policy: Petrol two-wheelers ban in Delhi | Ankit Agrawal Study IQ,StudyIQ IAS,Enko bs public ko presan krne ka bahana chahiye sbse jyada polution factries se hota h unke liye koi rule nhi bna rhe h😏,2026-04-13T13:52:28Z,3,Neutral,0.5322608947753906,Neutral
UgyCf4p2BhxNBxCQa8N4AaABAg,8UndNQ1g45o,EV policy: Petrol two-wheelers ban in Delhi | Ankit Agrawal Study IQ,StudyIQ IAS,Need more charging station within city,2026-04-14T05:09:04Z,0,Neutral,0.7461647391319275,Neutral
UgwnfbCsd23FwgEuYpV4AaABAg,8UndNQ1g45o,EV policy: Petrol two-wheelers ban in Delhi | Ankit Agrawal Study IQ,StudyIQ IAS,Battery counter guarantee government should provide for at least 8 yrs that it will remain 70 % charged.,2026-04-13T09:06:29Z,1,Neutral,0.8366299271583557,Neutral
UgxU95N5z9vR7GKS0gt4AaABAg,8UndNQ1g45o,EV policy: Petrol two-wheelers ban in Delhi | Ankit Agrawal Study IQ,StudyIQ IAS,Good initiative by delhi govt❤❤❤❤,2026-04-13T09:07:47Z,2,Positive,0.9790022373199463,Positive
UgxwCPiLUdcKEK6yj4l4AaABAg,8UndNQ1g45o,EV policy: Petrol two-wheelers ban in Delhi | Ankit Agrawal Study IQ,StudyIQ IAS,00:21 jisko 2 wheeler lena hai woo too delhi ke bahar se bhi le lega delhi govt ka hi nukshaan hai isme mujhe aise lagta hai,2026-04-15T16:04:30Z,1,Neutral,0.873846173286438,Neutral
UgwVjavQ5yUdANChV654AaABAg,8UndNQ1g45o,EV policy: Petrol two-wheelers ban in Delhi | Ankit Agrawal Study IQ,StudyIQ IAS,But inko charging stations increase karne honge on every 10 km and also achi qualities ki battrey bhi manufacturing karni chahiye aadhe samay to aag lag jati hai inki battries may jaise ola s1 pro dekha hi tha.,2026-04-14T05:30:12Z,0,Neutral,0.7830857634544373,Neutral
Ugziz-QgWmgZWLHwo114AaABAg,8UndNQ1g45o,EV policy: Petrol two-wheelers ban in Delhi | Ankit Agrawal Study IQ,StudyIQ IAS,what. about govt officials cars?,2026-04-13T14:27:09Z,0,Neutral,0.8069635629653931,Neutral
UgwK3WaB2Bix53p9pp54AaABAg,8UndNQ1g45o,EV policy: Petrol two-wheelers ban in Delhi | Ankit Agrawal Study IQ,StudyIQ IAS,Agar govt ko pollution ki fikr hai to odisha CG jharkhand me kyu jungle katkat kar mining companies ko diya jaa hai destruction karne ke liye 😡😡😡 Study iq please cover sijimali odisha news,2026-04-13T12:09:12Z,1,Negative,0.7595130205154419,Negative
Ugz9yigQgOfwPF53QnZ4AaABAg,8UndNQ1g45o,EV policy: Petrol two-wheelers ban in Delhi | Ankit Agrawal Study IQ,StudyIQ IAS,"Serise hybrid(range extenders) is the go to option for cars & definitely for commercial vehicles. We neither have battery & chip manufacturing capacity like China nor, have sufficient grid supply for so many EV vehicles.",2026-04-13T14:53:53Z,0,Neutral,0.6341798901557922,Neutral
UgwJTA5IlhvdT7-77v14AaABAg,8UndNQ1g45o,EV policy: Petrol two-wheelers ban in Delhi | Ankit Agrawal Study IQ,StudyIQ IAS,Industrial regulation ka kya,2026-04-13T11:50:21Z,0,Neutral,0.8381909132003784,Neutral
UgwNkeqG3vsOjXkDuOR4AaABAg,8UndNQ1g45o,EV policy: Petrol two-wheelers ban in Delhi | Ankit Agrawal Study IQ,StudyIQ IAS,"For personal vehicle - Put high parking charges, Road tax and Toll tax. Provide better and cost effective Public transport..",2026-06-10T17:14:31Z,1,Neutral,0.6395415663719177,Neutral
Ugyo3-lbf25lb0wEWDV4AaABAg,8UndNQ1g45o,EV policy: Petrol two-wheelers ban in Delhi | Ankit Agrawal Study IQ,StudyIQ IAS,Sir wo battery scrapping policy? Kachre mein phek diya,2026-04-14T03:12:50Z,0,Neutral,0.7003505229949951,Neutral
UgynCvja5wEX-JiL6tl4AaABAg,8UndNQ1g45o,EV policy: Petrol two-wheelers ban in Delhi | Ankit Agrawal Study IQ,StudyIQ IAS,China ne yeh policy bhoot pehle kr li humari nind ab khuli hai,2026-04-13T11:28:13Z,0,Neutral,0.732524037361145,Neutral
UgzKo-nLoekjsxMHiLt4AaABAg,8UndNQ1g45o,EV policy: Petrol two-wheelers ban in Delhi | Ankit Agrawal Study IQ,StudyIQ IAS,UP registration chalega,2026-04-13T12:56:39Z,0,Neutral,0.7166584134101868,Neutral
UgyZ5qDPlTw-jNUl0W54AaABAg,8UndNQ1g45o,EV policy: Petrol two-wheelers ban in Delhi | Ankit Agrawal Study IQ,StudyIQ IAS,Focus should be single driven cars and parking.,2026-04-13T16:18:12Z,0,Neutral,0.7234567403793335,Neutral
UgyzCE-zBl21BbpbpYF4AaABAg,8UndNQ1g45o,EV policy: Petrol two-wheelers ban in Delhi | Ankit Agrawal Study IQ,StudyIQ IAS,Very nice policy I hope not only delhi but all northern states implement this policy we need to reduce pollution,2026-04-14T06:58:00Z,1,Positive,0.9468202590942383,Positive
UgyVvS_HqPUw6k63EAB4AaABAg,8UndNQ1g45o,EV policy: Petrol two-wheelers ban in Delhi | Ankit Agrawal Study IQ,StudyIQ IAS,Why not make a video about digital control and new rules Also about samye raina,2026-04-15T08:14:04Z,0,Neutral,0.8775941133499146,Neutral
UgxBu8gvYhAOHZtOfch4AaABAg,8UndNQ1g45o,EV policy: Petrol two-wheelers ban in Delhi | Ankit Agrawal Study IQ,StudyIQ IAS,What about govt vehicle?,2026-04-14T03:43:52Z,0,Neutral,0.9078344106674194,Neutral
UgzIfI_lZ3LLUoMpvYR4AaABAg,8UndNQ1g45o,EV policy: Petrol two-wheelers ban in Delhi | Ankit Agrawal Study IQ,StudyIQ IAS,"Good move by govt... Government should formula various schemes, such as Govt subsidy on EV, Low Interest on EMI on EV purchase, Low EMI with Higher period with less interest etc.. Govt should also instruct banks to fund people for emi for purchasing EV.",2026-04-14T05:17:17Z,0,Positive,0.6712148785591125,Positive
UgzLy8W0a6TB1dNTxPZ4AaABAg,8UndNQ1g45o,EV policy: Petrol two-wheelers ban in Delhi | Ankit Agrawal Study IQ,StudyIQ IAS,Idk if its connected but re abt with its flying flee and this Delhi policy's time line does create a doubt.,2026-04-14T09:16:50Z,0,Negative,0.540477991104126,Negative
UgxvP5VUtSApHMxYz1B4AaABAg,8UndNQ1g45o,EV policy: Petrol two-wheelers ban in Delhi | Ankit Agrawal Study IQ,StudyIQ IAS,"Why would anyone with new battery swap it with any old one? In EV, battery is what u pay for right ?",2026-04-13T10:01:01Z,0,Neutral,0.687444806098938,Neutral
Ugwv8gn5tj00qilOnxp4AaABAg,8UndNQ1g45o,EV policy: Petrol two-wheelers ban in Delhi | Ankit Agrawal Study IQ,StudyIQ IAS,Why subsidy instant discount mile to kharide bhi log,2026-04-14T14:09:15Z,0,Neutral,0.5516453981399536,Neutral
UgyEqX1UVvB_iP2n3hV4AaABAg,8UndNQ1g45o,EV policy: Petrol two-wheelers ban in Delhi | Ankit Agrawal Study IQ,StudyIQ IAS,And charging infrastructure?,2026-06-12T09:07:47Z,0,Neutral,0.7734029293060303,Neutral
UgyUL0CqsXYpd6aVtfh4AaABAg,8UndNQ1g45o,EV policy: Petrol two-wheelers ban in Delhi | Ankit Agrawal Study IQ,StudyIQ IAS,1. 😅 that a good approach in doing things 2. taking time to make electric charging station 3. like removing ₹500 notes from Market just tell the bank to take all 500 notes and stop printing that all NO BAN just not circulated through Banks and collect them slowly..,2026-04-13T09:22:09Z,0,Neutral,0.639670729637146,Neutral
UgwaSvRHMNZSSCcgkvN4AaABAg,8UndNQ1g45o,EV policy: Petrol two-wheelers ban in Delhi | Ankit Agrawal Study IQ,StudyIQ IAS,When more space is consumed by CAR why this policy for only 2 Wheelers? Make it standard for both 2 wheelers and 4 wheelers.,2026-04-13T10:53:58Z,0,Neutral,0.7267289161682129,Neutral
Ugymimq7vUCvae-L2Y14AaABAg,8UndNQ1g45o,EV policy: Petrol two-wheelers ban in Delhi | Ankit Agrawal Study IQ,StudyIQ IAS,Good after that apply that on 4 wheeler and honk reduce laws with traffic control more jobs such as security monitoring and traffic officers,2026-04-14T10:37:09Z,0,Neutral,0.533567488193512,Neutral
UgxPgoxILDbvBN_quop4AaABAg,8UndNQ1g45o,EV policy: Petrol two-wheelers ban in Delhi | Ankit Agrawal Study IQ,StudyIQ IAS,UP registration karunga,2026-04-13T15:44:51Z,0,Neutral,0.7969143986701965,Neutral
UgzH9u-8ANdzcanzxl14AaABAg,8UndNQ1g45o,EV policy: Petrol two-wheelers ban in Delhi | Ankit Agrawal Study IQ,StudyIQ IAS,isnt CNG promoted by govt when diesel was rampant ?,2026-04-14T10:34:03Z,0,Neutral,0.7459936141967773,Neutral
UgyPh8BEIdKB2Ic_WB54AaABAg,8UndNQ1g45o,EV policy: Petrol two-wheelers ban in Delhi | Ankit Agrawal Study IQ,StudyIQ IAS,"Pollution badi gadiya karti hai like trucks buses cars , bikes aur scooty already bahut kar pollution karte hai , government ko diseal car ko retrofitting pe subsidy deni chahiye isse bahut si already bani huwi gadiya ko retrofit kar diya jayega bahut kam samay me usse EV infrastructure bhi badhega aur phir log new EV bhi kharidne lagenge khud hi without subsidy.",2026-04-21T03:11:53Z,0,Negative,0.5286365151405334,Negative
UgyWFjBXx0Z9a3wa7ZZ4AaABAg,8UndNQ1g45o,EV policy: Petrol two-wheelers ban in Delhi | Ankit Agrawal Study IQ,StudyIQ IAS,"great step by the government❤, this will reduce our dependence on other countries for oil and will benefit the nation in multiple ways.🇮🇳❤️",2026-04-13T09:21:53Z,2,Positive,0.9732779860496521,Positive
UgzYHtnPMUQFFOI48tN4AaABAg,8UndNQ1g45o,EV policy: Petrol two-wheelers ban in Delhi | Ankit Agrawal Study IQ,StudyIQ IAS,Nice move by government as of now…. But there is still a challenge for cost cutting and disposal of the used batteries in order to mitigate the environmental issues in a better way.,2026-04-15T14:47:38Z,0,Positive,0.5380134582519531,Positive
UgxUfX9wYFrepjlGIRt4AaABAg,8UndNQ1g45o,EV policy: Petrol two-wheelers ban in Delhi | Ankit Agrawal Study IQ,StudyIQ IAS,"Coverage Calculation:If we consider the likely car-buying demographic to be the 25–45 age group (~6.14 million people):The policy covers approximately 1.6% of this specific population segment (100,000 incentives ÷ 6,140,000 people).If compared to the total population of Delhi (~22.67 million):The policy covers roughly 0.44% of the total population.",2026-06-15T09:37:50Z,0,Neutral,0.8634659647941589,Neutral
Ugwhf2q5Z9wsim3EL8J4AaABAg,8UndNQ1g45o,EV policy: Petrol two-wheelers ban in Delhi | Ankit Agrawal Study IQ,StudyIQ IAS,This is a very good step by the government. Gradually government should work with private companies to improve charging infrastructure. For example in malls all of the parking slots can support vehicle charging. Then after some years government can block registration of new petrol 4 wheelers. Electric power grid also will need a big upgrade,2026-04-13T12:06:00Z,0,Positive,0.8504677414894104,Positive
UgwfAKO8zsyHPg_p8Hl4AaABAg,8UndNQ1g45o,EV policy: Petrol two-wheelers ban in Delhi | Ankit Agrawal Study IQ,StudyIQ IAS,Purchased ola in 2024 still not received the subsidy amt from delhi govt,2026-04-16T10:16:14Z,0,Negative,0.5436076521873474,Negative
UgwzjQli-u7k5x0eJYR4AaABAg,8UndNQ1g45o,EV policy: Petrol two-wheelers ban in Delhi | Ankit Agrawal Study IQ,StudyIQ IAS,"The solution is vacuum cleaning tucks on roads. No dust. No pollutants getting trapped with the dust. Also clean delhi. Once vacuum cleaning truck are implemented, govt can then control the source of dust - construction/trucks etc",2026-04-15T03:34:17Z,0,Neutral,0.634329080581665,Neutral
Ugwz6ABmkhapdpkT9hZ4AaABAg,8UndNQ1g45o,EV policy: Petrol two-wheelers ban in Delhi | Ankit Agrawal Study IQ,StudyIQ IAS,Nano and Micro Plastic packaging food products Not Ban by Government of India Nationwide under public health safety protocol's,2026-04-13T11:27:52Z,0,Neutral,0.6756512522697449,Neutral
Ugz2M_v-m6Q_izhS7ud4AaABAg,8UndNQ1g45o,EV policy: Petrol two-wheelers ban in Delhi | Ankit Agrawal Study IQ,StudyIQ IAS,"Currently delhi govt is giving 5000 off on scooter like Ather ritza, has this amount increased? If yes, what is the new subsidy I can get on ritza ? If no, should I buy ritza now ?",2026-04-18T02:59:56Z,0,Neutral,0.8866694569587708,Neutral
UgxcR3FTLFgpJf8B2894AaABAg,8UndNQ1g45o,EV policy: Petrol two-wheelers ban in Delhi | Ankit Agrawal Study IQ,StudyIQ IAS,"I have one question: how is electricity generated in India? We are still producing most of it using fossil fuels. This does not necessarily reduce pollution—we are just shifting emissions from vehicles to electricity production. Also, the central government contributes only about 9–10%, while the rest of the power is generated or purchased by private players.",2026-04-13T14:28:04Z,0,Negative,0.5953876972198486,Negative
UgwPwYu4wBYIYoxQWhN4AaABAg,8UndNQ1g45o,EV policy: Petrol two-wheelers ban in Delhi | Ankit Agrawal Study IQ,StudyIQ IAS,Strict policy jaruri hai. Democracy kitna jhel sakti hai ab test hai asli.,2026-04-13T16:55:01Z,0,Neutral,0.7170448303222656,Neutral
UgyZhRNyyr40veXMgbB4AaABAg,8UndNQ1g45o,EV policy: Petrol two-wheelers ban in Delhi | Ankit Agrawal Study IQ,StudyIQ IAS,"Give subcity to ev not carpet ban, we should copy China's policy, they drastically reduce pollution of bajing👍",2026-04-13T08:45:57Z,0,Positive,0.4931195080280304,Positive
UgzKQjXISb6hx6GicEx4AaABAg,8UndNQ1g45o,EV policy: Petrol two-wheelers ban in Delhi | Ankit Agrawal Study IQ,StudyIQ IAS,Few problems in the policy - 1) This should not be a city or even state level solution rather a nation wide solution 2) Should not be limited to two wheelers(should include 3 wheelers or ban 3 wheelers in favor of commercial mini electric vehicles) 3) Should not have subsidy on vehicle manufacturing but rather on charging infrastructure ( charging stations and battery swap stations) 4) charging infra should have universal solution like upi.,2026-06-16T14:55:15Z,0,Neutral,0.6173890829086304,Neutral
UgzxRSJETotIdWX6Kq14AaABAg,8UndNQ1g45o,EV policy: Petrol two-wheelers ban in Delhi | Ankit Agrawal Study IQ,StudyIQ IAS,Ek to rules pahle bante hai and shi hai ya glt baad me dekha jataa hai,2026-04-13T15:21:11Z,0,Neutral,0.6748201847076416,Neutral
Ugyqg6avTls23_Aukkx4AaABAg,8UndNQ1g45o,EV policy: Petrol two-wheelers ban in Delhi | Ankit Agrawal Study IQ,StudyIQ IAS,"think long term slowly incentivising and promoting E Vehicles, and EV infrastructure, less imports, thorium reactor stage 3 in progress, many hydro electricity projects under construction and many more under review, growing solar and green power infrastructure. to be honest this govt has really accomplished so much in 12 years.",2026-04-13T13:42:40Z,0,Positive,0.9389700293540955,Positive
Ugyy32HKOOswT2OVVJ54AaABAg,8UndNQ1g45o,EV policy: Petrol two-wheelers ban in Delhi | Ankit Agrawal Study IQ,StudyIQ IAS,"Ye Delhi govt. mera 25k , subsidy diye nhi",2026-04-13T12:10:15Z,0,Neutral,0.8091196417808533,Neutral
UgyvHjfxSsYJA1lIDnR4AaABAg,8UndNQ1g45o,EV policy: Petrol two-wheelers ban in Delhi | Ankit Agrawal Study IQ,StudyIQ IAS,Agr electric kr rhai hai too made in india cars kai upr tax kamm krne padengai ....,2026-04-13T09:59:02Z,0,Neutral,0.7667911052703857,Neutral
UgzviFGzWApeiQkK7qt4AaABAg,8UndNQ1g45o,EV policy: Petrol two-wheelers ban in Delhi | Ankit Agrawal Study IQ,StudyIQ IAS,"Industrial pollution pe kuc nahi hoga, factories are not only polluting air but also polluting rivers but still no action against them. Government ko kitna deadline mila hai EV infrastructure strong karne ka?",2026-04-14T12:01:37Z,0,Negative,0.809161365032196,Negative
UgzNTjt8iLrVfet4W8h4AaABAg,8UndNQ1g45o,EV policy: Petrol two-wheelers ban in Delhi | Ankit Agrawal Study IQ,StudyIQ IAS,Lower middle ke liye sab rules hote,2026-04-15T04:13:34Z,0,Neutral,0.7441740036010742,Neutral
Ugw2ncDExdMdHlTKD1J4AaABAg,8UndNQ1g45o,EV policy: Petrol two-wheelers ban in Delhi | Ankit Agrawal Study IQ,StudyIQ IAS,Fir charging station b lagao na,2026-06-14T17:07:55Z,0,Neutral,0.7878649830818176,Neutral
UgyJBoJJbdgI270apeN4AaABAg,8UndNQ1g45o,EV policy: Petrol two-wheelers ban in Delhi | Ankit Agrawal Study IQ,StudyIQ IAS,Chor govt 😢 2026 ma ya rule nikal na tha ka 2036 ma only ev bolka khud govt tho company ko nai bolri ka petrol vehicles nai banao or public buy kara bad govt ban kari 😢,2026-04-14T12:32:16Z,0,Negative,0.8720466494560242,Negative
UgznmAjGuD9SS7NYY754AaABAg,8UndNQ1g45o,EV policy: Petrol two-wheelers ban in Delhi | Ankit Agrawal Study IQ,StudyIQ IAS,Policy nahi kaese janta ka kate uska niyam banae jate hae.,2026-04-18T16:40:47Z,0,Neutral,0.8430910706520081,Neutral
Ugy-Svis9n69y0tnmsJ4AaABAg,8UndNQ1g45o,EV policy: Petrol two-wheelers ban in Delhi | Ankit Agrawal Study IQ,StudyIQ IAS,First force to follow traffic rules and fine for honking too 😮,2026-04-13T15:07:41Z,0,Neutral,0.5233524441719055,Neutral
UgzyQJDQ6RzrSkFtubx4AaABAg,8UndNQ1g45o,EV policy: Petrol two-wheelers ban in Delhi | Ankit Agrawal Study IQ,StudyIQ IAS,Good move by govt Some reduction in pollution,2026-04-13T10:37:36Z,0,Positive,0.8441700339317322,Positive
Ugwrurk3-54-Dd0177h4AaABAg,8UndNQ1g45o,EV policy: Petrol two-wheelers ban in Delhi | Ankit Agrawal Study IQ,StudyIQ IAS,Government has not arranged EV charging for two wheelers and cars if 1 crore cars and tw are on road how to charge so many cars tw,2026-04-13T09:39:03Z,0,Neutral,0.5569074153900146,Neutral
UgzjQ70D3tgAOX0j5fN4AaABAg,8UndNQ1g45o,EV policy: Petrol two-wheelers ban in Delhi | Ankit Agrawal Study IQ,StudyIQ IAS,govt ev infra kyu nhai banati charging station hi nahi,2026-04-13T11:43:59Z,0,Neutral,0.8355634808540344,Neutral
Ugwrxam8T_mig_kQGwx4AaABAg,8UndNQ1g45o,EV policy: Petrol two-wheelers ban in Delhi | Ankit Agrawal Study IQ,StudyIQ IAS,Ye sahi h 2 saal ka time h itne me sb manage kiya ja skta h ek dm se nahi kiya 2028 se suru krna mtlb sahi h aur planned h. Itne me companies k paas bhi time hoga aur charging station lgane ka,2026-04-13T15:31:44Z,0,Neutral,0.8205863237380981,Neutral
UgzhbWVRGtE7pBB5knd4AaABAg,8UndNQ1g45o,EV policy: Petrol two-wheelers ban in Delhi | Ankit Agrawal Study IQ,StudyIQ IAS,"But point hi nahi hai just random policy implementation in haste. 75% energy generation India mai aaj bhi Coal se hota hai. Switching to evs without infrastructure is nothing but irresponsible policy making. Targeting 20% wala source when we have other major sources like road dust and construction at 34%, biomass burning at 15%, followed by industries.",2026-04-13T09:04:55Z,0,Negative,0.7244186401367188,Negative
UgyH_n3yKzM-gtPFYF54AaABAg,8UndNQ1g45o,EV policy: Petrol two-wheelers ban in Delhi | Ankit Agrawal Study IQ,StudyIQ IAS,"Move some HQs of companies and govt to other states,Plant more trees.",2026-06-14T09:52:05Z,0,Neutral,0.7898135185241699,Neutral
UgwSQbYvuEAu8W8K5aJ4AaABAg,8UndNQ1g45o,EV policy: Petrol two-wheelers ban in Delhi | Ankit Agrawal Study IQ,StudyIQ IAS,"For the same 1Km a car will produce atleast 4 times the pollution of a bike. 30km ka toh minimum average hai kissi bhi bike ka. Ban registration on cars first. 70% current registered, according to your data, agar bike hai and assume they are twice as efficient than cars engines. Toh pollution contribution between cars and bike will be 60/40. Bikes are still more efficient!",2026-04-13T15:56:14Z,0,Neutral,0.5139845013618469,Neutral
UgxalyXtfl9vmW2REN94AaABAg,8UndNQ1g45o,EV policy: Petrol two-wheelers ban in Delhi | Ankit Agrawal Study IQ,StudyIQ IAS,Before implementing it fix these Roads More charging station Insurance lapse on ev. “Chulhe ka pata nahi aur biryani ka saman lelo”,2026-06-14T16:27:44Z,0,Negative,0.5916737914085388,Negative
UgySQYwE2kdmc42GR6p4AaABAg,8UndNQ1g45o,EV policy: Petrol two-wheelers ban in Delhi | Ankit Agrawal Study IQ,StudyIQ IAS,Electric vehicles mai subsidies dene mai sarkar k uper bhot burden aa jata h pr ladli behen yojna ya free cash ya ladla beta youjna ya freebees dene k liye sarkar k pas paisahi paisa h,2026-04-13T18:02:03Z,0,Neutral,0.7202972769737244,Neutral
UgyloD1OO4nBE53qXHt4AaABAg,8UndNQ1g45o,EV policy: Petrol two-wheelers ban in Delhi | Ankit Agrawal Study IQ,StudyIQ IAS,Iran kiya chij he ye indian government ko pta lag raha he,2026-04-14T15:12:10Z,0,Neutral,0.698861300945282,Neutral
UgwmdehvnwNbeFrkvzR4AaABAg,8UndNQ1g45o,EV policy: Petrol two-wheelers ban in Delhi | Ankit Agrawal Study IQ,StudyIQ IAS,What plan about battery manufacturing. 😂😂😂😂😂,2026-04-13T15:11:30Z,0,Neutral,0.500451922416687,Neutral
UgwzZMI4FRvPxSX4hUx4AaABAg,8UndNQ1g45o,EV policy: Petrol two-wheelers ban in Delhi | Ankit Agrawal Study IQ,StudyIQ IAS,"1)First stop firecrakers on diwali, 2)second stop stubble buring in punjab 3) change rules regarding construction management ( construction sector contribute most of the polution )",2026-04-14T02:54:11Z,0,Neutral,0.569453775882721,Neutral
Ugz5EF1bVY2dnJu3O654AaABAg,8UndNQ1g45o,EV policy: Petrol two-wheelers ban in Delhi | Ankit Agrawal Study IQ,StudyIQ IAS,Why govt is not putting any ban on factories polluting the City? And Farmers burning parari?,2026-05-31T03:16:16Z,0,Negative,0.7904141545295715,Negative
UgwauGGuRdz0DmDwgUZ4AaABAg,8UndNQ1g45o,EV policy: Petrol two-wheelers ban in Delhi | Ankit Agrawal Study IQ,StudyIQ IAS,"Bhai, ₹9000 salary hai. Govt. Nie Cluster Non-AC buses Khatam kar rhe hai. Pahle ₹30 lagte the... Ab ₹50 dena paad rha hai.. ye bhe batao apne kisie video mai.. plz",2026-04-13T15:30:35Z,0,Neutral,0.657169759273529,Neutral
Ugznm31vY7SNsEaUu9x4AaABAg,8UndNQ1g45o,EV policy: Petrol two-wheelers ban in Delhi | Ankit Agrawal Study IQ,StudyIQ IAS,I was waiting for this decision from last 4 year. Same rules implemented by china decade ago.,2026-04-13T17:19:46Z,0,Neutral,0.5657413005828857,Neutral
UgwI6GC2SqEM0zX-2Hd4AaABAg,8UndNQ1g45o,EV policy: Petrol two-wheelers ban in Delhi | Ankit Agrawal Study IQ,StudyIQ IAS,Vehicles are not mainly responsible for pollution in India... Industrial smog is main cause for pollution but govt will not speak on that because they are getting bulk of wealth from industrial sector in the name of party funds....,2026-04-13T12:36:42Z,0,Negative,0.6865513920783997,Negative
UgwtroIfEYjUbbYtfK14AaABAg,8UndNQ1g45o,EV policy: Petrol two-wheelers ban in Delhi | Ankit Agrawal Study IQ,StudyIQ IAS,Charging station lagaya Kiya government ne,2026-04-13T14:22:41Z,0,Neutral,0.7312697172164917,Neutral
UgwCblgp34xplMuF32B4AaABAg,8UndNQ1g45o,EV policy: Petrol two-wheelers ban in Delhi | Ankit Agrawal Study IQ,StudyIQ IAS,"2 wheeler jo pehle se hi 3 times more cost pe bek rahi thi vo badakar 4 guna kardenge, what a policy",2026-04-13T10:18:42Z,0,Negative,0.5041329264640808,Negative
UgxXmDBLmFxDsnrlZYZ4AaABAg,8UndNQ1g45o,EV policy: Petrol two-wheelers ban in Delhi | Ankit Agrawal Study IQ,StudyIQ IAS,Without charging infrastructure how can they push this....no planning done beforehand in india😢😢,2026-06-16T02:35:51Z,0,Negative,0.8983576893806458,Negative
UgwntvoR3RfnarQD4Tl4AaABAg,8UndNQ1g45o,EV policy: Petrol two-wheelers ban in Delhi | Ankit Agrawal Study IQ,StudyIQ IAS,Pollution k naam par paisa to bahut leti h govt. Puc challan uske bawjud koi Positive kam pollution pr nahi bas public ki le lo achhe se😂😂,2026-04-13T10:23:10Z,0,Negative,0.5362474322319031,Negative
Ugz2y8MJUREsXr4tKZF4AaABAg,8UndNQ1g45o,EV policy: Petrol two-wheelers ban in Delhi | Ankit Agrawal Study IQ,StudyIQ IAS,"This is a good decision by the Delhi government. Other states may also follow soon. It will help reduce our dependency on petrol and diesel, and improve the climate. There may be some problems at the beginning, but overall it is a good initiative by the government.",2026-04-13T09:01:22Z,0,Positive,0.9219776391983032,Positive
UgyQKcBedRs841SonOV4AaABAg,8UndNQ1g45o,EV policy: Petrol two-wheelers ban in Delhi | Ankit Agrawal Study IQ,StudyIQ IAS,Cars buses par ban karo.....bikes to allow karna chahiye.....and govt policy ke chalte small cars mehnge hain ya banate nahi hain,2026-04-13T08:54:54Z,0,Neutral,0.5795848369598389,Neutral
Ugw0sqRfHtk2hesTP1J4AaABAg,8UndNQ1g45o,EV policy: Petrol two-wheelers ban in Delhi | Ankit Agrawal Study IQ,StudyIQ IAS,"In Delhi, the main pollution issue is factories and industry. The govt. is making issues on scooter cars; it's all business. EV is not reliable; before the ban, the government needs to provide reliable solutions. The govt is making a joke, ignoring the industries' pollution.",2026-04-14T06:15:59Z,0,Negative,0.8562238216400146,Negative
Ugz3q4phT_XD6WwjCmp4AaABAg,8UndNQ1g45o,EV policy: Petrol two-wheelers ban in Delhi | Ankit Agrawal Study IQ,StudyIQ IAS,Govt vehicles pe kuch ni wo av v pollution karte chlti rhngi,2026-04-13T12:14:11Z,0,Neutral,0.682537317276001,Neutral
UgyFgs5ipvBzHwLS3oB4AaABAg,8UndNQ1g45o,EV policy: Petrol two-wheelers ban in Delhi | Ankit Agrawal Study IQ,StudyIQ IAS,"Instead of banning, government should go for bulk electricity production which will hereby reduce electric prices. Once the electric prices reduce government doesn't need to give subsidy or tax benefits to automobile or electric companies. Companies need to innovate rather than go for concessions. If tax concessions r removed from individual tax payers so should it be done for corporates.",2026-04-13T11:04:19Z,1,Neutral,0.7347934246063232,Neutral
UgwswIaU3hH4FJaD4Pd4AaABAg,8UndNQ1g45o,EV policy: Petrol two-wheelers ban in Delhi | Ankit Agrawal Study IQ,StudyIQ IAS,"1. bijli banti h coal se mostly in india toh pollution toh vese bhi hona hi h....until we fix electricity production via non-pollutent resources EVs are of no use 2. CNG , hybrid should be available so that indian energy needs will not get bottleneck anytime in future 3. Govt should use existing petrol pumps /bus stands/ malls/ parkings/ open farms that are on main roads/ hotels/ dabbhas/ hospitals/ farms to implement ev chargers so that common people can also earn money from it",2026-04-13T11:37:05Z,0,Neutral,0.5556579828262329,Neutral
UgyVAqVWTwhMkYSeG4h4AaABAg,8UndNQ1g45o,EV policy: Petrol two-wheelers ban in Delhi | Ankit Agrawal Study IQ,StudyIQ IAS,Government should fully fund buying of electric vehicles in Delhi.,2026-06-14T06:58:52Z,1,Neutral,0.6808061003684998,Neutral
UgxDTdZBk1EgEaQewsB4AaABAg,8UndNQ1g45o,EV policy: Petrol two-wheelers ban in Delhi | Ankit Agrawal Study IQ,StudyIQ IAS,Govt should take strict action against companies like Ola which is not fair with customer... Such behavior by companies discourage new comer to buy EV,2026-04-13T09:30:23Z,0,Negative,0.8414155840873718,Negative
UgyEYeb2MRJb0Il2IqF4AaABAg,8UndNQ1g45o,EV policy: Petrol two-wheelers ban in Delhi | Ankit Agrawal Study IQ,StudyIQ IAS,"This type of governance is not ""For the people"". I can already see how this will fail and will not be executed properly. The main issue no one is looking is - Govt saying we are doing this for environment but the durability of the EV is very less and the wastage is really high, seeing this after 15 years Delhi will fail to manage the dump and piled up garbage from the EV.",2026-04-13T12:51:01Z,0,Negative,0.867838978767395,Negative
UgztYMjQZQ92CKkbpsJ4AaABAg,8UndNQ1g45o,EV policy: Petrol two-wheelers ban in Delhi | Ankit Agrawal Study IQ,StudyIQ IAS,Sounds like govt representative than explaining the topic 😅,2026-05-03T20:41:42Z,0,Neutral,0.6863765120506287,Neutral
UgxQHaJ8ozhNZ8hC9iF4AaABAg,8UndNQ1g45o,EV policy: Petrol two-wheelers ban in Delhi | Ankit Agrawal Study IQ,StudyIQ IAS,Government ne jo tax kata hai and jitne paise Lage hai bike kharidne mei woh lauta de phir EV hi le li jaaegi...Baaki janta government ki naukari thode hi karti hai ki jab man mei aaya tax kata liya aur jab dil kara ban kar diya....Janta ko paise government deti hai kya gadi kharidne ko ..!,2026-04-15T06:27:59Z,0,Neutral,0.6547562479972839,Neutral
UgzxnxMj_JX-SwwMqYZ4AaABAg,8UndNQ1g45o,EV policy: Petrol two-wheelers ban in Delhi | Ankit Agrawal Study IQ,StudyIQ IAS,Govt doing Good Job💯👍🏼,2026-04-13T09:32:47Z,1,Positive,0.9751214385032654,Positive
UgwCtNc191ldZYsVoQ94AaABAg,8UndNQ1g45o,EV policy: Petrol two-wheelers ban in Delhi | Ankit Agrawal Study IQ,StudyIQ IAS,Great idea.if petrol is not easily available then all two wheeler purchases will be evs only.I think govt must regulate the distribution of quantity of petrol.,2026-04-13T09:32:26Z,0,Neutral,0.5202639698982239,Neutral
UgzTC9HmEzseXl-ylV94AaABAg,8UndNQ1g45o,EV policy: Petrol two-wheelers ban in Delhi | Ankit Agrawal Study IQ,StudyIQ IAS,Govt emoloyee and netas shoild also use ev cars,2026-04-16T07:41:18Z,0,Neutral,0.8593754768371582,Neutral
UgyaT3kZk0VZFTnfYed4AaABAg,8UndNQ1g45o,EV policy: Petrol two-wheelers ban in Delhi | Ankit Agrawal Study IQ,StudyIQ IAS,Good step by govt,2026-04-13T12:06:36Z,1,Positive,0.8995229005813599,Positive
UgwdKk4jDRqQDw691hV4AaABAg,8UndNQ1g45o,EV policy: Petrol two-wheelers ban in Delhi | Ankit Agrawal Study IQ,StudyIQ IAS,"they may be 70% in number but I guess less than 10% in pollution , why not same things for cars? what about industries around? still good move by govt",2026-04-15T13:44:52Z,0,Neutral,0.6077572703361511,Neutral
UgyN0vai5Y3L8Hkmret4AaABAg,8UndNQ1g45o,EV policy: Petrol two-wheelers ban in Delhi | Ankit Agrawal Study IQ,StudyIQ IAS,"This cd actually work.....before 2040 we can replace 90% of petrol 2 wheelers. It might reduce more than 50% of air pollution and perhaps 60-80% of Noise pollution. We seriously need to stick to this policy, all upcoming govts must follow one policy. In 10 years delhi can actually revive",2026-04-14T01:58:00Z,0,Positive,0.5847289562225342,Positive
Ugx2A9dFyuRDJR3o9SF4AaABAg,8UndNQ1g45o,EV policy: Petrol two-wheelers ban in Delhi | Ankit Agrawal Study IQ,StudyIQ IAS,Charging infrastructure bana dete hein toh Kiu nehin lenge subsidy bhi denge toh sab lenge,2026-04-13T15:21:28Z,0,Neutral,0.7150403261184692,Neutral
UgwO9mcxpGZqPcJfN4R4AaABAg,8UndNQ1g45o,EV policy: Petrol two-wheelers ban in Delhi | Ankit Agrawal Study IQ,StudyIQ IAS,I think government should ban companies who made much pollution than vehicle 😅,2026-05-01T13:11:01Z,1,Negative,0.6765410304069519,Negative
Ugz6nat7F14pYbwhlNR4AaABAg,8UndNQ1g45o,EV policy: Petrol two-wheelers ban in Delhi | Ankit Agrawal Study IQ,StudyIQ IAS,Koyla electricity plant pehle bandh karna chahiye government ko,2026-04-14T06:58:57Z,0,Neutral,0.7126097083091736,Neutral
Ugxs2n5smtdZjHcGbV14AaABAg,8UndNQ1g45o,EV policy: Petrol two-wheelers ban in Delhi | Ankit Agrawal Study IQ,StudyIQ IAS,No regulation or responsibility on FSSAI on food adulteration....... Only policies to create Hassel for ordinary man,2026-04-13T14:49:09Z,0,Negative,0.7950998544692993,Negative
UgzdZQDMcaROXJtZ-OJ4AaABAg,8UndNQ1g45o,EV policy: Petrol two-wheelers ban in Delhi | Ankit Agrawal Study IQ,StudyIQ IAS,Ab Government change Krna pareegaa Polution ko control krne ke liyee machine lagawoo Or mai daily 180 chalata hu,2026-04-13T16:58:16Z,0,Neutral,0.7752688527107239,Neutral
UgyPTqIDJOIouMp5I9p4AaABAg,8UndNQ1g45o,EV policy: Petrol two-wheelers ban in Delhi | Ankit Agrawal Study IQ,StudyIQ IAS,"Instead of managing this, just put 30 rupees tax per liter on petrol and provide earned money as subsidy to electric vehicle including form of registration, toll etc",2026-04-14T15:31:34Z,0,Neutral,0.5994052886962891,Neutral
Ugx5cpKio0sVIlNBaTx4AaABAg,8UndNQ1g45o,EV policy: Petrol two-wheelers ban in Delhi | Ankit Agrawal Study IQ,StudyIQ IAS,"The government should encourage people to return old bikes so their engines can be reused to build low cost drones, while also offering strong subsidies to promote electric bikes. 😅",2026-04-13T13:30:54Z,0,Neutral,0.5244507193565369,Neutral
UgwWFwU2qxKuNYizDZh4AaABAg,8UndNQ1g45o,EV policy: Petrol two-wheelers ban in Delhi | Ankit Agrawal Study IQ,StudyIQ IAS,All rules for common people,2026-04-14T14:49:34Z,0,Neutral,0.781227171421051,Neutral
Ugxzpvl6OCYeypGVMOR4AaABAg,8UndNQ1g45o,EV policy: Petrol two-wheelers ban in Delhi | Ankit Agrawal Study IQ,StudyIQ IAS,bekar ev kisi kaam ki nahi hai jab tak battery swap nahi aata,2026-04-13T08:40:16Z,0,Neutral,0.8009989261627197,Neutral
UgzJZcyXW4vmXQ4k18x4AaABAg,8UndNQ1g45o,EV policy: Petrol two-wheelers ban in Delhi | Ankit Agrawal Study IQ,StudyIQ IAS,जब ev पूरी तरह फेल हो चुकी है तो ये क्यों थोपी जा रही है। अगर ये कामयाब होती तो आज भारत में 60% ev 2 wheeler हो जाती आज में दावे से कह रहा हूं सरकार को ये policy बनाने की ज़रूरत नहीं पड़ती। मगर बिल्कुल फैल साबित हुई। जिन्होंने ev ली 1 साल के अंदर वो मजबूरन petrol पे shift हो गए क्योंकि ev कबाड़ में सड़ रही है,2026-04-14T14:50:48Z,0,Neutral,0.7501422762870789,Neutral
Ugz3TnjPVGgTBvxbuE14AaABAg,8UndNQ1g45o,EV policy: Petrol two-wheelers ban in Delhi | Ankit Agrawal Study IQ,StudyIQ IAS,If there is proper charging station all over the country than I would love to buy E Cars 😉,2026-04-13T09:03:20Z,0,Positive,0.8286210298538208,Positive
UgzZminOX6H-iX_zBxt4AaABAg,8UndNQ1g45o,EV policy: Petrol two-wheelers ban in Delhi | Ankit Agrawal Study IQ,StudyIQ IAS,Apni govt ko bolo j8s tarah china ne kiya pollution kam usi ko copy paste kar le to thik hai,2026-04-13T10:59:54Z,0,Neutral,0.5676488876342773,Neutral
Ugxroc_KqAqHviieEKh4AaABAg,8UndNQ1g45o,EV policy: Petrol two-wheelers ban in Delhi | Ankit Agrawal Study IQ,StudyIQ IAS,Better to subsidize EVs to promote EVs but the government is not relaxing tax on evst.,2026-04-14T04:18:21Z,0,Neutral,0.6644775867462158,Neutral
UgwIQRNKK2eyEjadZwF4AaABAg,8UndNQ1g45o,EV policy: Petrol two-wheelers ban in Delhi | Ankit Agrawal Study IQ,StudyIQ IAS,This should be applicable in Mumbai Also,2026-04-13T14:58:06Z,0,Neutral,0.8402343988418579,Neutral
UgxCosQvFvuvDiYIpUt4AaABAg,8UndNQ1g45o,EV policy: Petrol two-wheelers ban in Delhi | Ankit Agrawal Study IQ,StudyIQ IAS,Ab saare superbikes HR/PB/RJ/UP registration hi milega.,2026-06-01T06:34:26Z,0,Neutral,0.8543973565101624,Neutral
UgzJKNAPDfnq_LOxSkh4AaABAg,8UndNQ1g45o,EV policy: Petrol two-wheelers ban in Delhi | Ankit Agrawal Study IQ,StudyIQ IAS,Jab govt pura ka pura hill bech de kisi ko de forestation karne k liye tab pollution nahi hota,2026-04-14T04:29:57Z,0,Neutral,0.6528944969177246,Neutral
Ugx6236SmcdAUX46HXp4AaABAg,8UndNQ1g45o,EV policy: Petrol two-wheelers ban in Delhi | Ankit Agrawal Study IQ,StudyIQ IAS,Dtdc bus truc govt truc ?😅,2026-04-15T07:13:09Z,0,Neutral,0.900490939617157,Neutral
UgyRZrCgPcEAZHXNW-N4AaABAg,8UndNQ1g45o,EV policy: Petrol two-wheelers ban in Delhi | Ankit Agrawal Study IQ,StudyIQ IAS,The government should implement free electric bus services for all citizens to discourage the use of private vehicles and reduce traffic and pollution.,2026-05-04T04:43:51Z,0,Neutral,0.6096810102462769,Neutral
UgxRNeDtf_ZZCBcRuwN4AaABAg,8UndNQ1g45o,EV policy: Petrol two-wheelers ban in Delhi | Ankit Agrawal Study IQ,StudyIQ IAS,Govt must also block... Diesel cars and sell of led based petrol ...,2026-04-13T12:40:14Z,0,Negative,0.6930199861526489,Negative
UgzsWRgdCG73lZ0S-qR4AaABAg,8UndNQ1g45o,EV policy: Petrol two-wheelers ban in Delhi | Ankit Agrawal Study IQ,StudyIQ IAS,"They will ban petrol scooters and bikes to reduce pollution and provide subsidies for electric vehicles. Then companies like Mukesh Ambani or Gautam Adani may start EV ventures. At the same time, some “andhbhakts” may still encourage the use of more firecrackers during Diwali, even when others call for controlling pollution.",2026-04-13T12:14:07Z,0,Neutral,0.7607585787773132,Neutral
UgxGb8QJ_-2MbvmcAv54AaABAg,8UndNQ1g45o,EV policy: Petrol two-wheelers ban in Delhi | Ankit Agrawal Study IQ,StudyIQ IAS,Government is trying to do lobby for EV s company...a lost war...I won't buy one ether,2026-04-14T15:50:26Z,0,Negative,0.8323543667793274,Negative
UgwLjFjCldlXtjGlYp54AaABAg,8UndNQ1g45o,EV policy: Petrol two-wheelers ban in Delhi | Ankit Agrawal Study IQ,StudyIQ IAS,"25% vehicles se pollution hota hain, 75% doosri vajah se to 10% sudhar bhi liya to bhi 90% pollution rah jayega to ye to bahut kam hua, 75% pollution doosri vajah se hain to pahlein us pollution ko kam karna chaiye, vehicle to pahle hi only 25% pollution kar rahein hain to vehicle ke piche padne se vaise bhi pollution kam nhain hoga, majak kar rahin hain government.",2026-06-11T04:15:04Z,0,Neutral,0.610098123550415,Neutral
UgzXdSgjR7XXAjwhsLx4AaABAg,8UndNQ1g45o,EV policy: Petrol two-wheelers ban in Delhi | Ankit Agrawal Study IQ,StudyIQ IAS,"What if someone has Up registration number bike and the person is going to his office in Delhi.. will there be challan by delhi traffic police.?? Government should focus on illegal and unmanaged dyeing industries in Delhi, they do pollution at a very large scale.. but they are not doing anything to that.. 🤦‍♂️",2026-05-08T06:33:40Z,0,Negative,0.6150111556053162,Negative
Ugy5PUtOGIb8pqV-NmZ4AaABAg,8UndNQ1g45o,EV policy: Petrol two-wheelers ban in Delhi | Ankit Agrawal Study IQ,StudyIQ IAS,Other countries mai 1980 model cars bhi chl rhi hy baha to fir bhi problem nhi hy pollution ki government se koi swal nhi pooshta j dehli bale to jinda lash hy sare k sare,2026-04-15T03:25:02Z,0,Neutral,0.5897602438926697,Neutral
UgwGxjwym6QOXJuZmFh4AaABAg,8UndNQ1g45o,EV policy: Petrol two-wheelers ban in Delhi | Ankit Agrawal Study IQ,StudyIQ IAS,"Noida , Gaziabad ya UP se Registration karo or delhi me chalao😂😂😂",2026-04-13T09:06:07Z,0,Neutral,0.7300448417663574,Neutral
Ugx3yTcN06CZQ65UhaF4AaABAg,8UndNQ1g45o,EV policy: Petrol two-wheelers ban in Delhi | Ankit Agrawal Study IQ,StudyIQ IAS,Wo alag hiii level kii government thiii 😂😂,2026-04-13T14:30:55Z,0,Neutral,0.5876166224479675,Neutral
Ugz4wtPxHDcTheFSk8F4AaABAg,8UndNQ1g45o,EV policy: Petrol two-wheelers ban in Delhi | Ankit Agrawal Study IQ,StudyIQ IAS,Pahle EV tax free aur subsidy dono rakhna to hi thik nahi to log bahar k state se kharid k layenge.,2026-04-13T10:23:59Z,0,Neutral,0.8133524656295776,Neutral
Ugzlm_CK0JrCtR24iJt4AaABAg,8UndNQ1g45o,EV policy: Petrol two-wheelers ban in Delhi | Ankit Agrawal Study IQ,StudyIQ IAS,Why not give subsidies directly to the Chinese EV makers and battery makers? Pushing EVs without domestic manufacturing is going to help China.,2026-04-13T12:56:57Z,0,Neutral,0.7180135250091553,Neutral
Ugy4unWVrJtL4lbTLBF4AaABAg,8UndNQ1g45o,EV policy: Petrol two-wheelers ban in Delhi | Ankit Agrawal Study IQ,StudyIQ IAS,"Government kab sa polution, climate ka bara ma soch raha haa😂😂😂😂",2026-05-09T05:03:45Z,0,Neutral,0.6332826614379883,Neutral
UgzJMlW1h5Kpxsd250l4AaABAg,8UndNQ1g45o,EV policy: Petrol two-wheelers ban in Delhi | Ankit Agrawal Study IQ,StudyIQ IAS,Itna hi hai to ev par subsidy deni chahiye.. Vo nahi denge😂😂😂,2026-04-13T11:44:38Z,0,Neutral,0.6849149465560913,Neutral
Ugyadr0NT6lGcOpkMTN4AaABAg,8UndNQ1g45o,EV policy: Petrol two-wheelers ban in Delhi | Ankit Agrawal Study IQ,StudyIQ IAS,"Ban is not a solution, increase road tax n then subsidise electric ones... That makes transition.",2026-04-13T11:24:40Z,0,Negative,0.7298473715782166,Negative
UgyiRQt8Otae6HJn81d4AaABAg,8UndNQ1g45o,EV policy: Petrol two-wheelers ban in Delhi | Ankit Agrawal Study IQ,StudyIQ IAS,Jo asli air and water polution fela rahi hn industries unko kuch keh nhi payegi govt pesa he unpr. Am logo ko yahi ghumate rho bike car k piche ..,2026-04-14T04:12:57Z,0,Neutral,0.695697546005249,Neutral
Ugxnb2lQZgDjv_gS8SV4AaABAg,8UndNQ1g45o,EV policy: Petrol two-wheelers ban in Delhi | Ankit Agrawal Study IQ,StudyIQ IAS,"2/ 3 whelers should be electric. Bus fleet should be electric then private vehicle should be petrol or hybrid and there also electric should be encouraged with offers. Then comes trucks (small and large) which also can be electric. One thing govt should do is encourage and implement hydrogen vehicles in urgent mode ( which will cover bus,trusk,fleets ) then the main thing is stop fooling public on E20 and then acter some years E30 which is one of the biggest scam. If govt is serious on Ethanol blending then should bring policy that E 80 - E100 within 2-3 years.",2026-04-13T12:47:49Z,0,Neutral,0.727691113948822,Neutral
Ugy9J-CRGJq4b0qoeux4AaABAg,8UndNQ1g45o,EV policy: Petrol two-wheelers ban in Delhi | Ankit Agrawal Study IQ,StudyIQ IAS,This policy may change if governments changes 😅,2026-04-18T04:02:56Z,1,Neutral,0.8553375005722046,Neutral
Ugyf6y_hdUwPE5r5V4l4AaABAg,8UndNQ1g45o,EV policy: Petrol two-wheelers ban in Delhi | Ankit Agrawal Study IQ,StudyIQ IAS,Why Study IQ supporting total govt control and supporting EV imposition !!,2026-04-14T19:06:27Z,0,Negative,0.6802129149436951,Negative
Ugwk27AWuUFX72fkyd14AaABAg,8UndNQ1g45o,EV policy: Petrol two-wheelers ban in Delhi | Ankit Agrawal Study IQ,StudyIQ IAS,Shanghai has clean air mfers when we make policies like Shanghai.,2026-04-13T09:15:56Z,0,Negative,0.6413906812667847,Negative
UgycpXYObQSbcatigo54AaABAg,8UndNQ1g45o,EV policy: Petrol two-wheelers ban in Delhi | Ankit Agrawal Study IQ,StudyIQ IAS,Its not to curb pollution its to generate govt revenue Petrol bike cost 60-70 k Electric bike cost 1.2 to 1.6 lakh Petrol bike last 15 yrs Electric will last 8 yrs. Today electricity is cost effective after this electricity price will go up ussey bhi kamai. To baniye ki sarkar apne jeb bharne k sare tareeke aajma rahi hai.,2026-04-15T01:35:52Z,0,Neutral,0.7044606804847717,Neutral
UgwDTSvNFGekAwzaVyN4AaABAg,8UndNQ1g45o,EV policy: Petrol two-wheelers ban in Delhi | Ankit Agrawal Study IQ,StudyIQ IAS,"Dabake 4 wheelers kharido, single use 4 wheelers chalao, buses chal raha hain avivi bs3 wala lekin jitna dikkat hain sab two wheelers ko leke. Sabse kam pollution and road block two wheelers hi karte hain firvi. Brain dead government..",2026-04-13T09:30:29Z,0,Negative,0.6351203322410583,Negative
Ugw6saqFbdk3DHu6PG94AaABAg,8UndNQ1g45o,EV policy: Petrol two-wheelers ban in Delhi | Ankit Agrawal Study IQ,StudyIQ IAS,"Yaar 15 saal wala rule toh hatao, konsi vehicle kitna pollution kar rahi hai uss basis pe baand karo na ki time period pe 😢, gareeb admi baar baar thodi gaadi kharid sakta hai 😢",2026-04-14T04:24:34Z,0,Negative,0.7415578961372375,Negative
UgzO1eQb7EuqOlNywzx4AaABAg,8UndNQ1g45o,EV policy: Petrol two-wheelers ban in Delhi | Ankit Agrawal Study IQ,StudyIQ IAS,"Oil kharidte kharide hamara desh ki oil nikal ja raha. Abhi strict law on oil run bicycle., private car should be dammed.",2026-04-13T11:53:42Z,0,Negative,0.6051022410392761,Negative
UgxKiFr2xocGQhBrNVJ4AaABAg,8UndNQ1g45o,EV policy: Petrol two-wheelers ban in Delhi | Ankit Agrawal Study IQ,StudyIQ IAS,Govt is not working on the actual problem,2026-04-13T13:00:48Z,0,Negative,0.7450644373893738,Negative
Ugw2mCqokS0E8T5OIu94AaABAg,8UndNQ1g45o,EV policy: Petrol two-wheelers ban in Delhi | Ankit Agrawal Study IQ,StudyIQ IAS,Simple government change hogaaa,2026-04-13T16:58:51Z,0,Neutral,0.6341119408607483,Neutral
Ugzdqb2pehk1_aAkiwR4AaABAg,8UndNQ1g45o,EV policy: Petrol two-wheelers ban in Delhi | Ankit Agrawal Study IQ,StudyIQ IAS,arre bhai abh new vehicle khareedoge toh govt ko tax milega na 😂😂😂,2026-05-09T08:10:34Z,0,Neutral,0.6785051822662354,Neutral
UgwdQTNWvc2dPmIYJxR4AaABAg,8UndNQ1g45o,EV policy: Petrol two-wheelers ban in Delhi | Ankit Agrawal Study IQ,StudyIQ IAS,Lagta hai ola ne paisa khilaya hai govt ko,2026-04-13T13:28:47Z,0,Neutral,0.7094496488571167,Neutral
UgwH-BQzYAOD10Zt_tl4AaABAg,8UndNQ1g45o,EV policy: Petrol two-wheelers ban in Delhi | Ankit Agrawal Study IQ,StudyIQ IAS,Government just hates people at this point.,2026-04-13T15:02:49Z,0,Negative,0.9338396787643433,Negative
Ugz3DyDTNbFvxpi_JPZ4AaABAg,8UndNQ1g45o,EV policy: Petrol two-wheelers ban in Delhi | Ankit Agrawal Study IQ,StudyIQ IAS,"Indian government should led Chinese companies to manufacture and sell EV at Cheap price in India by wavering tax. Climate change and pollution will not wait for Adani, Ambani, Tata and Mahendra.",2026-04-14T11:36:41Z,0,Neutral,0.6940972208976746,Neutral
Ugx78fLiVt46NuTJl394AaABAg,8UndNQ1g45o,EV policy: Petrol two-wheelers ban in Delhi | Ankit Agrawal Study IQ,StudyIQ IAS,Kitne neta EV se sansad bhavan jate hai ? Kitne government vehicle 🚗 EV hai ? Bs janta pr thop do .,2026-04-13T10:17:23Z,0,Neutral,0.6457797884941101,Neutral
UgyXuTX4g1IguD9jsfR4AaABAg,8UndNQ1g45o,EV policy: Petrol two-wheelers ban in Delhi | Ankit Agrawal Study IQ,StudyIQ IAS,No Infra but putting all burden on citizens. Govt esacaping from responsibilities.,2026-04-13T11:24:55Z,0,Negative,0.6526677012443542,Negative
UgwxMGV6tJ8PiYNmWvt4AaABAg,8UndNQ1g45o,EV policy: Petrol two-wheelers ban in Delhi | Ankit Agrawal Study IQ,StudyIQ IAS,"*Sab problem ki jad hai, population blast.. maximum 2 bachche ki policy strictly laagu karo turant. Ek bachcha kare to uski saari education free karo, aur dusra paida karte hi har tarah ki subsidy khatam kar do.*",2026-04-14T06:33:50Z,0,Negative,0.5684429407119751,Negative
UgxEeZz-iKg41MxyNjN4AaABAg,8UndNQ1g45o,EV policy: Petrol two-wheelers ban in Delhi | Ankit Agrawal Study IQ,StudyIQ IAS,Very good policy,2026-04-13T08:51:24Z,0,Positive,0.9266160726547241,Positive
UgzWsIyWcYixg5iCQap4AaABAg,8UndNQ1g45o,EV policy: Petrol two-wheelers ban in Delhi | Ankit Agrawal Study IQ,StudyIQ IAS,Whenever Delhi government do something it feels like a SCAM 😂,2026-04-14T05:32:37Z,0,Negative,0.891688346862793,Negative
UgyOoEP0RxXpj8HoxJJ4AaABAg,8UndNQ1g45o,EV policy: Petrol two-wheelers ban in Delhi | Ankit Agrawal Study IQ,StudyIQ IAS,Jab tak Charging station Available nah karoge kuch nah hoga 😅😅,2026-04-13T13:22:57Z,0,Neutral,0.8229020237922668,Neutral
Ugw2HQBXk842r-aXi454AaABAg,8UndNQ1g45o,EV policy: Petrol two-wheelers ban in Delhi | Ankit Agrawal Study IQ,StudyIQ IAS,After 2 year electric bike price in Delhi 10lk subsidy 1lk price 9lk😂😂😂😂😂,2026-04-14T01:41:51Z,0,Neutral,0.6016750335693359,Neutral
UgwQM0Sod8R_cTm3hAN4AaABAg,8UndNQ1g45o,EV policy: Petrol two-wheelers ban in Delhi | Ankit Agrawal Study IQ,StudyIQ IAS,Jab tak gov hagne par tax nhi lga degi tab tak jeeni nhi degi,2026-04-13T08:56:01Z,0,Neutral,0.6956442594528198,Neutral
Ugw-4a29gGJcqkTnujJ4AaABAg,8UndNQ1g45o,EV policy: Petrol two-wheelers ban in Delhi | Ankit Agrawal Study IQ,StudyIQ IAS,Sabse pehle Govt. valon ko electric vehicle use karne chahiye.,2026-04-13T13:31:00Z,0,Neutral,0.7756554484367371,Neutral
Ugwz89Fgf9ZSqdhAV3x4AaABAg,8UndNQ1g45o,EV policy: Petrol two-wheelers ban in Delhi | Ankit Agrawal Study IQ,StudyIQ IAS,"If any government authority brings such policies thn public should gather on road n pelt stone on the head of person who bgt this policy😂, bach gaya jisne bhi policy banayi agar existing two Wheeler ki toh public aag laga deti😂",2026-04-13T14:19:13Z,0,Negative,0.7137529850006104,Negative
UgwTxTed1GEHzurpYVl4AaABAg,8UndNQ1g45o,EV policy: Petrol two-wheelers ban in Delhi | Ankit Agrawal Study IQ,StudyIQ IAS,Only 25 % is not a problem remaining 75% is what about industry and factory usko kb regulations lagegi?💀,2026-04-15T08:17:47Z,0,Negative,0.5807192921638489,Negative
UgylPdLZjpB_ukOrwW54AaABAg,8UndNQ1g45o,EV policy: Petrol two-wheelers ban in Delhi | Ankit Agrawal Study IQ,StudyIQ IAS,Fir government free air per v tax lga degi😂,2026-04-15T03:32:30Z,0,Neutral,0.7593252062797546,Neutral
UgwAFaXJwFn0UGty9Eh4AaABAg,8UndNQ1g45o,EV policy: Petrol two-wheelers ban in Delhi | Ankit Agrawal Study IQ,StudyIQ IAS,Why not ban industries polluting ganga river??? This govt is against common man,2026-04-13T17:01:36Z,0,Negative,0.8524847626686096,Negative
UgwQbZiDA9bYDTzsdbp4AaABAg,8UndNQ1g45o,EV policy: Petrol two-wheelers ban in Delhi | Ankit Agrawal Study IQ,StudyIQ IAS,this policy should include free bangles & saree with EV:),2026-04-13T15:40:26Z,0,Positive,0.6746416091918945,Positive
UgxUMlnqNMczvtbXi4F4AaABAg,8UndNQ1g45o,EV policy: Petrol two-wheelers ban in Delhi | Ankit Agrawal Study IQ,StudyIQ IAS,this government need vote from normal people and giving benefit to the rich . They are so scare to ban industry inside Delhi,2026-04-13T10:58:39Z,0,Negative,0.7138454914093018,Negative
UgySL4jlvLtnQqLuG4h4AaABAg,8UndNQ1g45o,EV policy: Petrol two-wheelers ban in Delhi | Ankit Agrawal Study IQ,StudyIQ IAS,Ferr vi pollution baaadh taa rahegaa.. ferr EV vehicles parr Pollution tax liyaa jaegaa😂.. and the loop goes on😂😂,2026-04-13T16:59:23Z,0,Negative,0.6903210878372192,Negative
UgyMHnwg-n24wGRJBuZ4AaABAg,8UndNQ1g45o,EV policy: Petrol two-wheelers ban in Delhi | Ankit Agrawal Study IQ,StudyIQ IAS,"No subsidy in Jharkhand. Sleeping goverment over Polution, Corruption, and Crime. EV is just charchters in English for them. Thats what they learnet till now :)",2026-04-13T11:49:09Z,0,Negative,0.5223822593688965,Negative
UgxjToiSDkX9H1QQ7Et4AaABAg,8UndNQ1g45o,EV policy: Petrol two-wheelers ban in Delhi | Ankit Agrawal Study IQ,StudyIQ IAS,Firstly government vehicles should be change with EV vehicles ❤❤,2026-04-13T10:09:42Z,0,Positive,0.6372588872909546,Positive
UgzTOyym6riT6GuOFBJ4AaABAg,8UndNQ1g45o,EV policy: Petrol two-wheelers ban in Delhi | Ankit Agrawal Study IQ,StudyIQ IAS,This law should be applicable in entire Bharat,2026-04-14T12:04:01Z,0,Neutral,0.6770898103713989,Neutral
Ugx83XaiOVWOFu8nreR4AaABAg,8UndNQ1g45o,EV policy: Petrol two-wheelers ban in Delhi | Ankit Agrawal Study IQ,StudyIQ IAS,Ev ko support karne ka sabse achha tarika hai tax hata do ev se,2026-04-14T04:54:06Z,0,Neutral,0.8133678436279297,Neutral
UgzSSoTxzIJOJFRk9el4AaABAg,8UndNQ1g45o,EV policy: Petrol two-wheelers ban in Delhi | Ankit Agrawal Study IQ,StudyIQ IAS,"Ghatiya policy😂😂😂 Bina soche kuch bhi policy bana do, jo hoga baad main dekha jayega.....😂😂😂",2026-04-14T14:37:41Z,0,Neutral,0.551754355430603,Neutral
Ugxy-rsMD-Bm5xRgQiF4AaABAg,8UndNQ1g45o,EV policy: Petrol two-wheelers ban in Delhi | Ankit Agrawal Study IQ,StudyIQ IAS,Government kabhi water pollution par koi serious policy nhi lati Delhi ki water bahut kharab or polluted h,2026-05-10T07:43:00Z,0,Neutral,0.5668790340423584,Neutral
UgwDd74UYkavuKrT4LV4AaABAg,8UndNQ1g45o,EV policy: Petrol two-wheelers ban in Delhi | Ankit Agrawal Study IQ,StudyIQ IAS,दिल्ली gov अपनी G pe bhi tax laga de sabse jayada pesa aayega waha se,2026-04-14T03:36:51Z,0,Neutral,0.6844677925109863,Neutral
UgxD5e4oCFggEAaqFIx4AaABAg,8UndNQ1g45o,EV policy: Petrol two-wheelers ban in Delhi | Ankit Agrawal Study IQ,StudyIQ IAS,😂😂😂😂😂 Indian traffic laws day by day becoming joke 😅😅,2026-04-14T04:21:45Z,0,Negative,0.8065174221992493,Negative
UgwzehcCrBBJ7FWS1Ix4AaABAg,8UndNQ1g45o,EV policy: Petrol two-wheelers ban in Delhi | Ankit Agrawal Study IQ,StudyIQ IAS,This policy should be implemented all over india for two wheeler,2026-06-17T02:13:36Z,0,Neutral,0.7555155754089355,Neutral
Ugw2U5qlFQukBhxeiMx4AaABAg,8UndNQ1g45o,EV policy: Petrol two-wheelers ban in Delhi | Ankit Agrawal Study IQ,StudyIQ IAS,Belgaadi ka rule laagu karo saari problem khtam 😂😂,2026-04-14T18:17:07Z,0,Negative,0.5227565169334412,Negative
UgxOVzjTVV_nJ9iFbIR4AaABAg,8UndNQ1g45o,EV policy: Petrol two-wheelers ban in Delhi | Ankit Agrawal Study IQ,StudyIQ IAS,Best policy,2026-06-16T13:38:35Z,0,Positive,0.9032230377197266,Positive
UgxtVE7geg4v7UGpTdp4AaABAg,8UndNQ1g45o,EV policy: Petrol two-wheelers ban in Delhi | Ankit Agrawal Study IQ,StudyIQ IAS,Aaj free kal tax😂😂😂,2026-04-13T12:37:08Z,0,Neutral,0.6862109899520874,Neutral
Ugy6C7CqfhgIwgq7XZt4AaABAg,8UndNQ1g45o,EV policy: Petrol two-wheelers ban in Delhi | Ankit Agrawal Study IQ,StudyIQ IAS,"No infrastructure, No capacity to fulfil that much electricity need, No option to install charger in societies. Yet you are supporting this decision not event criticising",2026-06-12T06:28:32Z,0,Negative,0.6892755627632141,Negative
UgzfqA2tJOZxdwrzpv14AaABAg,8UndNQ1g45o,EV policy: Petrol two-wheelers ban in Delhi | Ankit Agrawal Study IQ,StudyIQ IAS,Paise kamane ki neew scheme aa gyi😅😅😅😅… sharm ni aati inlogon ko. 1. Bad roads all over delhi 2. Lack of infrastructure 3. Lack of Peak hr traffic management. 4. Zero accountability by deptt as pedestrian path occupied by thelas wla. Why caqm committee was formed ? Was it formed to torture the common people? Was it formed to benefit the ev company which are dying day after day. Whose is accountable??,2026-04-13T12:06:01Z,0,Negative,0.7979344725608826,Negative
UgzTW7ljxnHcqk6N_zh4AaABAg,8UndNQ1g45o,EV policy: Petrol two-wheelers ban in Delhi | Ankit Agrawal Study IQ,StudyIQ IAS,"Ye sab to theek hai, govt. Trees kyun nhi laga rahi, Asli faayda green cover badhane se hi milega, EV bhi koi permanent solution nahi hai, lithium extraction jyada dangerous hai environment k liye",2026-06-15T01:06:17Z,0,Negative,0.5221733450889587,Negative
Ugy3VeXlJrTOs2iW4a14AaABAg,8UndNQ1g45o,EV policy: Petrol two-wheelers ban in Delhi | Ankit Agrawal Study IQ,StudyIQ IAS,"EV Charging station 1% vehicle hone chahiye 100% , yah aisa desh hai jaha sabkuchh bina infrastructure ke chalta hai😂, china se competition karenge 😂",2026-04-15T06:03:24Z,0,Neutral,0.6643009185791016,Neutral
UgzWjeqL175dJvITpsp4AaABAg,8UndNQ1g45o,EV policy: Petrol two-wheelers ban in Delhi | Ankit Agrawal Study IQ,StudyIQ IAS,These corrupted politicians only want to enslave you. If you post or speak a single truth about their corruption they can easily catch you with the power that you gave them through votes and the rest you know. So it is better to stand against these tyrannical politicians before it's too late each and every law is needs to be passed by asking the people no law without people's permission. Unite ourselves be together and save ourselves and our country.,2026-04-14T06:05:17Z,0,Negative,0.7343354821205139,Negative
UgwVQizbmPKBaStOAjJ4AaABAg,8UndNQ1g45o,EV policy: Petrol two-wheelers ban in Delhi | Ankit Agrawal Study IQ,StudyIQ IAS,Government is working for company 😂😂,2026-04-13T09:18:11Z,0,Neutral,0.7555742263793945,Neutral
UgzIgBIdemxCJTClLNN4AaABAg,8UndNQ1g45o,EV policy: Petrol two-wheelers ban in Delhi | Ankit Agrawal Study IQ,StudyIQ IAS,*Good decision by Delhi govt..* ᥬ😇᭄ᥬ😇᭄,2026-04-13T14:33:28Z,1,Positive,0.9701220989227295,Positive
Ugyw0fVpCgep7j7bglB4AaABAg,8UndNQ1g45o,EV policy: Petrol two-wheelers ban in Delhi | Ankit Agrawal Study IQ,StudyIQ IAS,Make and install BYD like fast chargers and cars. All will buy it. Problem solved. Case khatam. Tata bye bye goodbye gaya,2026-04-14T09:45:43Z,0,Positive,0.5422446131706238,Positive
Ugy-nWkUgbP3CW4qsTR4AaABAg,8UndNQ1g45o,EV policy: Petrol two-wheelers ban in Delhi | Ankit Agrawal Study IQ,StudyIQ IAS,Ban just means more black money to government officials,2026-04-13T17:32:47Z,0,Negative,0.7939251065254211,Negative
UgxQeWYDSkVF1XIlHC94AaABAg,8UndNQ1g45o,EV policy: Petrol two-wheelers ban in Delhi | Ankit Agrawal Study IQ,StudyIQ IAS,This decision should be applied against whole India,2026-04-13T17:56:09Z,0,Negative,0.8473314642906189,Negative
Ugw6u1tUexemuzuX3Et4AaABAg,8UndNQ1g45o,EV policy: Petrol two-wheelers ban in Delhi | Ankit Agrawal Study IQ,StudyIQ IAS,"If companies raise prices higher than 30 lakhs.. then? It is such a foolishness to think that if you are buying a car costlier than Rs. 30 laksh, you could afford to pay road taxes? Companies will definitely raise the prices as the demand will go higher.. Rs 25 lakh will got to Rs. 30 lakhs.. Why the govt. is not forward looking.. Why our policy makers are morons?",2026-04-15T05:51:44Z,0,Negative,0.7222051024436951,Negative
UgwgwGSsii7NyOeC1MR4AaABAg,8UndNQ1g45o,EV policy: Petrol two-wheelers ban in Delhi | Ankit Agrawal Study IQ,StudyIQ IAS,Dumbest policy ever... new models comes with bs7 engine..,2026-04-14T05:34:43Z,0,Negative,0.9315230250358582,Negative
UgzEfTSRF3cNA0cvH294AaABAg,8UndNQ1g45o,EV policy: Petrol two-wheelers ban in Delhi | Ankit Agrawal Study IQ,StudyIQ IAS,"*Aazadi se pahle : Angrejo Bharat chhoro.* *Aazadi ke baad : Garibo Bharat chhoro.* Reality ye hai ki government ko public transport itna efficient karna chahiye ki personal vehicle ki jarurat kam se kam pade, ye to karna hi nahi hai, tax kaa paisa to poora Swiss bank me bhejna hai, public ke upar nahi lagana. Sarkar ki BKBSD.",2026-04-14T06:26:18Z,0,Neutral,0.7821769118309021,Neutral
UgwQlIaL7pFL1s42dDh4AaABAg,8UndNQ1g45o,EV policy: Petrol two-wheelers ban in Delhi | Ankit Agrawal Study IQ,StudyIQ IAS,Government bus band karke Ev bas chalu karro pahile,2026-04-14T06:20:34Z,0,Neutral,0.7401328682899475,Neutral
UgxwnZ5aWvuPs1oAX4h4AaABAg,8UndNQ1g45o,EV policy: Petrol two-wheelers ban in Delhi | Ankit Agrawal Study IQ,StudyIQ IAS,"Major pollution is from low knowledge , poor infrastructure, poor city planning, mass deforestation, illegal buildings, and many more... so banning 2 wheelers 😅😅 government ohh government 😅😅",2026-04-14T12:34:00Z,0,Negative,0.8672037124633789,Negative
Ugy0JEPm0OdvMdmo_9p4AaABAg,8UndNQ1g45o,EV policy: Petrol two-wheelers ban in Delhi | Ankit Agrawal Study IQ,StudyIQ IAS,"🌳🌲🌴🎄🎋 koi nhi lga rha, bs Books me pdaya jaa rha Hai 😂, uski trha law bhout sare bn rhe hai, on paper , follow koi nhi kr rha, kisi ka fuffa, kisi ka sala police, minister 😂😂",2026-04-14T18:40:07Z,0,Neutral,0.7874199151992798,Neutral
UgxKuoz4UPjF9wDWehB4AaABAg,8UndNQ1g45o,EV policy: Petrol two-wheelers ban in Delhi | Ankit Agrawal Study IQ,StudyIQ IAS,Ma***c**d government ko Single person car use ko ban krna chaiye on peak hour and car user to Minimum 3 person seated on your car then you drive on car on delhi road otherwise use public transport. Ma**c**d government always keep eye on poor people’s,2026-04-14T02:51:33Z,0,Neutral,0.5094941258430481,Neutral
UgwFMaK-DBwU5Yzo-KF4AaABAg,8UndNQ1g45o,EV policy: Petrol two-wheelers ban in Delhi | Ankit Agrawal Study IQ,StudyIQ IAS,Policy sahi hai aur mai toh kahta hu ki yaha bhi China ki tarah jabardasti EV thop di jaaye logo par ek baar dard hoga par fir sab sahi...,2026-04-14T04:12:55Z,0,Neutral,0.7723296284675598,Neutral
UgyP8txGgNbPKjZN5ul4AaABAg,8UndNQ1g45o,EV policy: Petrol two-wheelers ban in Delhi | Ankit Agrawal Study IQ,StudyIQ IAS,Ye log saste nashe krke policy draft krte hai kya. Gawari ko sarkar mei laaoge toh janta k hi L lgege,2026-04-14T04:15:45Z,0,Neutral,0.7545108795166016,Neutral
UgwFjDKVbsI9ts2vgpB4AaABAg,8UndNQ1g45o,EV policy: Petrol two-wheelers ban in Delhi | Ankit Agrawal Study IQ,StudyIQ IAS,Good step by Delhi govt,2026-04-15T05:51:18Z,0,Positive,0.918213963508606,Positive
UgxaNoXpUk6RbdzPfmJ4AaABAg,8UndNQ1g45o,EV policy: Petrol two-wheelers ban in Delhi | Ankit Agrawal Study IQ,StudyIQ IAS,"4 wheeler m kyo nai kar rhe h....sab doglebazi h, pagle h government auto riksha ko bol rhe..but car ko nai",2026-04-13T09:49:51Z,0,Neutral,0.756926417350769,Neutral
UgxTigd2WC6K4-LrP3F4AaABAg,8UndNQ1g45o,EV policy: Petrol two-wheelers ban in Delhi | Ankit Agrawal Study IQ,StudyIQ IAS,Delhi delhi rood ko to choda karana ka chaker mae kitna tree cata ga pata hai ac room mae bath kar bata karta aap or govt bike wo lata hai jo car nhi ka sakhta Or delhi mae car parking jagha hai rood pr kitna tree cata kitna laga pura india mae kitna tree cata Colamining la aap na bola ja delhi mae batha ac room mae logo na,2026-04-13T10:02:19Z,0,Neutral,0.8839173316955566,Neutral
Ugy-GUZ3TjVcIhvmOL14AaABAg,8UndNQ1g45o,EV policy: Petrol two-wheelers ban in Delhi | Ankit Agrawal Study IQ,StudyIQ IAS,"In the name pollution they’ll get toys as their vehicles, which will get controlled buy the manufacturing company that too easily. Looks like govt is - stealing the “freedom to move”",2026-04-14T19:03:56Z,0,Negative,0.7177547812461853,Negative
UgyHDSpwwS5tgiU5Sz14AaABAg,8UndNQ1g45o,EV policy: Petrol two-wheelers ban in Delhi | Ankit Agrawal Study IQ,StudyIQ IAS,In saalo ko end mai hi dikhta hai bad bali govt,2026-04-13T14:22:14Z,0,Negative,0.7384092807769775,Negative
UgygDoPs6dZQn0is5Dx4AaABAg,8UndNQ1g45o,EV policy: Petrol two-wheelers ban in Delhi | Ankit Agrawal Study IQ,StudyIQ IAS,Govt pitne wali h.,2026-04-13T13:51:54Z,0,Neutral,0.6241470575332642,Neutral
UgwrBGjDYTKChlZAcBp4AaABAg,8UndNQ1g45o,EV policy: Petrol two-wheelers ban in Delhi | Ankit Agrawal Study IQ,StudyIQ IAS,Extremely nonsense and draconian policies. 😡,2026-04-15T08:52:46Z,0,Negative,0.9309305548667908,Negative
UgwsT5iXBmBVI0vIysB4AaABAg,8UndNQ1g45o,EV policy: Petrol two-wheelers ban in Delhi | Ankit Agrawal Study IQ,StudyIQ IAS,Delhi Government 🤡,2026-04-13T12:13:04Z,0,Negative,0.8230339288711548,Negative
UgwsY-iCebvi99EVqrh4AaABAg,8UndNQ1g45o,EV policy: Petrol two-wheelers ban in Delhi | Ankit Agrawal Study IQ,StudyIQ IAS,Why are you speaking like a Delhi govt spokesperson..,2026-04-13T12:07:12Z,0,Neutral,0.5773191452026367,Neutral
UgxjzKivOlemaKs_DkZ4AaABAg,8UndNQ1g45o,EV policy: Petrol two-wheelers ban in Delhi | Ankit Agrawal Study IQ,StudyIQ IAS,Most useless policy.,2026-04-14T07:32:45Z,0,Negative,0.9244177937507629,Negative
UgxVUzVfHNPExD2UFMB4AaABAg,8UndNQ1g45o,EV policy: Petrol two-wheelers ban in Delhi | Ankit Agrawal Study IQ,StudyIQ IAS,Govt apni failure ko chupane ke liye aam admi ke uper atyachar kar rahe hai,2026-04-13T08:37:02Z,1,Negative,0.5304625630378723,Negative
UgwCypr1CUgNvAE_Bj94AaABAg,8UndNQ1g45o,EV policy: Petrol two-wheelers ban in Delhi | Ankit Agrawal Study IQ,StudyIQ IAS,"When will government understand that,ev just shift the pollution,but the pollution it causes is more hazardous.",2026-04-13T09:43:45Z,1,Negative,0.7747105360031128,Negative
UgwhePNO24rZFqcABL94AaABAg,ibCTnz-kWbc,What are the highlights of NITI Aayog’s draft EV battery swapping policy?,ThePrint,"Battery swapping is a DOA proposal, US, Israel and few other countries have been trying it for years now. INMO these would providing a better bang for bucks instead a) Developing a fast charging infrastructure (150kW and above DC) b) streamlining the charging standard (eg J1772 for AC charging vs myriad of standards that companies current follow) c) providing fast, subsidized charging to eRickShaws .",2022-04-26T03:14:09Z,0,Neutral,0.7454425096511841,Neutral
UgxGxkC5VM8bDvdkRKN4AaABAg,ibCTnz-kWbc,What are the highlights of NITI Aayog’s draft EV battery swapping policy?,ThePrint,"Very proactive gov. Complete opposite of the policy paralysis we had during the later UPA era, what a wasted decade... Jai Shree Ram.",2022-04-26T02:41:44Z,4,Positive,0.4342333674430847,Positive
UgyEUzJ1z-vQ4Dp0_SV4AaABAg,N_F6nTAi5-Y,Delhi EV Policy 2.0 Draft: Consumer Adda | EV के लिए कैसे बनेगा सही ईकोसिस्टम? |Manoj Srivastava,CNBC Awaaz.,Good initiative by BJP government that No toll tax on EV cars effective from 15 April 2026. Thanks Modi government ❤❤❤,2026-04-14T08:51:50Z,0,Positive,0.9665810465812683,Positive
UgxbcWyD-KrKtVkVaF14AaABAg,hadQYjr6ZTg,PM E-Drive Yojana: 100% Subsidy for EV Charging Stations? | The Truth You Must Know,AllAboutEVs Official,Please let me know whether Subsidy is available now? as on June 2026,2026-06-29T08:38:56Z,2,Neutral,0.9341906309127808,Neutral
Ugw9QKa9WTz1624Te154AaABAg,hadQYjr6ZTg,PM E-Drive Yojana: 100% Subsidy for EV Charging Stations? | The Truth You Must Know,AllAboutEVs Official,How to apply for subsidy?,2026-09-06T12:10:43Z,0,Neutral,0.8570769429206848,Neutral
UgxFd0KSftXuFVEMSlV4AaABAg,hadQYjr6ZTg,PM E-Drive Yojana: 100% Subsidy for EV Charging Stations? | The Truth You Must Know,AllAboutEVs Official,How to become partner in setting up EV charging station? We can help building EV charging stations setup.,2026-06-14T03:28:49Z,0,Neutral,0.6720085144042969,Neutral
UgzZgViF8zxm9W6RJdt4AaABAg,hadQYjr6ZTg,PM E-Drive Yojana: 100% Subsidy for EV Charging Stations? | The Truth You Must Know,AllAboutEVs Official,Charging station subsidy pura dalne ke bad milta hai kya,2026-06-22T18:08:25Z,0,Negative,0.5568664073944092,Negative
UgynLzkdK3EW3zpfnIp4AaABAg,hadQYjr6ZTg,PM E-Drive Yojana: 100% Subsidy for EV Charging Stations? | The Truth You Must Know,AllAboutEVs Official,If I want to setup ev charging station in my own land what is the procedure and how can I apply for subsidy can please help,2026-06-11T06:34:57Z,1,Neutral,0.8623726963996887,Neutral
UgwzjBDiBWkg6uAeB-x4AaABAg,hadQYjr6ZTg,PM E-Drive Yojana: 100% Subsidy for EV Charging Stations? | The Truth You Must Know,AllAboutEVs Official,How to apply for subsidies?,2025-10-28T09:54:11Z,1,Neutral,0.8615227937698364,Neutral
Ugymyi2PW_hmwPKD0Ed4AaABAg,5du9fbvDT-c,PM E-Drive Subsidy Band Ho Rahi Hai? | Electric Scooter Buyers Ke Liye Badi Update 2026 #subsidy ,Ajay Moto Vlogs ,21 june me liya tha mujhe nehi mila sir pm subsidy,2026-07-13T17:50:09Z,0,Neutral,0.8703765273094177,Neutral
UgzibCUHh9sCtJ_1tzZ4AaABAg,jDkRwC7LeLQ,PM E-Drive Yojana: 100% Subsidy Truth Revealed! | EV Charging Revolution India,AllAboutEVs Official,"Hi, I want to know, how can I install EV charger at my Hotel? And can I get subsidy from Gov for this?",2026-03-08T02:29:13Z,1,Neutral,0.8964055776596069,Neutral
UgxIa-oIkigJBVqMoi14AaABAg,jDkRwC7LeLQ,PM E-Drive Yojana: 100% Subsidy Truth Revealed! | EV Charging Revolution India,AllAboutEVs Official,Mujhe ev charger install karna hai process kya hoga plz bataiye,2025-10-17T01:06:58Z,0,Neutral,0.8270844221115112,Neutral
UgyT1qtXUUOKTcdDxh94AaABAg,S3JpeaY-Baw,PM Edrive (fame 3) Subsidy kab milegi ?,EV Gyan,Delhi mein Tata punch ev Lene per Koi subsidy hai kya,2026-03-30T07:43:56Z,0,Neutral,0.8390421867370605,Neutral
Ugz-AuIWxgLX5mQuuN14AaABAg,S3JpeaY-Baw,PM Edrive (fame 3) Subsidy kab milegi ?,EV Gyan,mujhe ola s1x 4kwh leni hai.. kab tak lu fame 3 subsidy miljaye tab ??,2024-09-14T19:42:00Z,0,Neutral,0.7955960631370544,Neutral
Ugx35LWGz_W4Yw5lOd14AaABAg,S3JpeaY-Baw,PM Edrive (fame 3) Subsidy kab milegi ?,EV Gyan,State subsidy kaise milti h,2025-04-29T16:12:00Z,0,Neutral,0.7434938549995422,Neutral
UgwZ5BNgNqIFJht_J0J4AaABAg,S3JpeaY-Baw,PM Edrive (fame 3) Subsidy kab milegi ?,EV Gyan,Bhai 1 or video banao subsidy pe Meri 1.5 saal ho gaya abhi bhi nahi aya,2024-09-16T06:54:48Z,14,Neutral,0.8126609921455383,Neutral
Ugy7JM0lpZqYUkOLMBN4AaABAg,S3JpeaY-Baw,PM Edrive (fame 3) Subsidy kab milegi ?,EV Gyan,Bhai maine bhi March 2023 main li thi Ola abhi tk subsidy ni aayi hain na koi update mil raha hain kahi se,2024-09-16T08:43:58Z,4,Neutral,0.8187838196754456,Neutral
Ugz0q8wPb_n9yKW9DBd4AaABAg,S3JpeaY-Baw,PM Edrive (fame 3) Subsidy kab milegi ?,EV Gyan,Bhai westbengal state subsidy kaise milegi,2025-10-20T08:37:57Z,0,Neutral,0.738807737827301,Neutral
Ugxr4R96mQx5P50Kvat4AaABAg,S3JpeaY-Baw,PM Edrive (fame 3) Subsidy kab milegi ?,EV Gyan,Bhai state subsidy kaise milegi .. last Feb main ola s1 pro buy Kia tha .. abhi tak update nahi hai uske lie,2024-12-08T17:43:23Z,0,Neutral,0.6620025634765625,Neutral
UgwEsD_eJxMn6c0Ytjp4AaABAg,S3JpeaY-Baw,PM Edrive (fame 3) Subsidy kab milegi ?,EV Gyan,State subsidy is a scam 2 saal pehele electric 2 wheeler lia tha abhi tk subsidy ni aai,2024-09-15T04:44:23Z,19,Negative,0.7088386416435242,Negative
Ugznva8tnWwu-_cGdbh4AaABAg,S3JpeaY-Baw,PM Edrive (fame 3) Subsidy kab milegi ?,EV Gyan,Bhai ye delhi govt. Ki subsidy bhi nahi aai March me li thi gaadi,2024-09-14T18:56:53Z,6,Neutral,0.74929279088974,Neutral
UgwrM1-qpGDSi_RxmzZ4AaABAg,S3JpeaY-Baw,PM Edrive (fame 3) Subsidy kab milegi ?,EV Gyan,Bhai ev policy 2.0 Delhi kese milegi ya kese le sakte hai,2026-06-29T16:18:18Z,0,Neutral,0.7935774326324463,Neutral
UgzAy4TjohSwKa4NSxx4AaABAg,S3JpeaY-Baw,PM Edrive (fame 3) Subsidy kab milegi ?,EV Gyan,State subsidy kaise apply kare plz help,2025-10-22T21:19:16Z,0,Neutral,0.7107822299003601,Neutral
UgxS-ZrlExekglRrRv14AaABAg,S3JpeaY-Baw,PM Edrive (fame 3) Subsidy kab milegi ?,EV Gyan,revolt ko abhi subsidy milegi kya bhai sirf 5K bol rahe hai,2025-08-09T09:02:34Z,0,Neutral,0.8061834573745728,Neutral
UgznREmkWFtJSUpOm-F4AaABAg,S3JpeaY-Baw,PM Edrive (fame 3) Subsidy kab milegi ?,EV Gyan,Mujhe aaj 20 Mar ko OLA ka Delhi state subsidy aa gaya. Maine ye gadi Apr 2023 me kharidi thi..,2026-03-20T08:18:24Z,0,Neutral,0.7932248115539551,Neutral
UgyjjdAB_dJB87iLk254AaABAg,S3JpeaY-Baw,PM Edrive (fame 3) Subsidy kab milegi ?,EV Gyan,Bhai mujhe bhi State subsidy nahi ayi for ola s1 2 years since applied from Gujarat,2024-09-14T13:11:20Z,2,Neutral,0.8098412752151489,Neutral
UgxenaC8_i07oLaGkKJ4AaABAg,S3JpeaY-Baw,PM Edrive (fame 3) Subsidy kab milegi ?,EV Gyan,Bhai Delhi me 1 year hogya hai abhi tak subsidy nahi aaya hai state subsidy,2024-09-15T07:34:31Z,1,Neutral,0.8033930063247681,Neutral
Ugy1E1hwpY97Dj7h6J54AaABAg,S3JpeaY-Baw,PM Edrive (fame 3) Subsidy kab milegi ?,EV Gyan,Scooty ko liye huye 1 saal ho Cuka h abhi tk subsidy nhi mili h muje,2024-09-14T16:09:18Z,0,Neutral,0.790766716003418,Neutral
UgzUumXNSHy1aOSC_RV4AaABAg,S3JpeaY-Baw,PM Edrive (fame 3) Subsidy kab milegi ?,EV Gyan,Bhia 31 august 2023 ko chetak liya tha 1 saal ho gaya but abhi tak subsidy nai aai hai,2024-09-14T16:21:00Z,4,Neutral,0.7881853580474854,Neutral
Ugxh5_kv5qXzUKwqh_54AaABAg,S3JpeaY-Baw,PM Edrive (fame 3) Subsidy kab milegi ?,EV Gyan,Sarkar subsidy ke naam par pagal bna rhi h,2024-10-04T09:53:47Z,10,Neutral,0.7238008379936218,Neutral
UgzwkZYg0eIzO3Tzbjt4AaABAg,S3JpeaY-Baw,PM Edrive (fame 3) Subsidy kab milegi ?,EV Gyan,Bhai muje bhi subsidy ola s1pro li thi 1 year ho Gaya 😢😢😢,2024-09-15T03:16:14Z,0,Negative,0.7899002432823181,Negative
UgxG5X_FgAku32n79Fd4AaABAg,S3JpeaY-Baw,PM Edrive (fame 3) Subsidy kab milegi ?,EV Gyan,Bhai bahut ghatiya gadi hai ye kya btau 1 mahine phle banwa ke laya tha phir khrab ho gyi abhi banwake phir laya hu phir khrab ho gya jab lithi tab 1 mahine bad hi 4 bar kharab ho gya tha total 1.5 year me 10 bar kharab ho gya hai kya koi rule hai jisse mai service centre se temporary gadi ki demand kar sakta hu use ke liye,2025-07-18T05:36:24Z,0,Neutral,0.6316872835159302,Neutral
Ugzwf1lLeQwv6lDZoVF4AaABAg,S3JpeaY-Baw,PM Edrive (fame 3) Subsidy kab milegi ?,EV Gyan,SUBSIDY TO EV COMPANY KE ACCOUNT ME CHALI GYI USKO DEDUCT KARKE DENA THA PRODUCT,2026-03-05T06:21:24Z,0,Neutral,0.7354629635810852,Neutral
UgxgvuwproM20Cfvsql4AaABAg,S3JpeaY-Baw,PM Edrive (fame 3) Subsidy kab milegi ?,EV Gyan,Subsidy ka natak band kre government or tax free kre sab ev pr or fix price kare,2025-03-15T07:03:23Z,0,Neutral,0.7690976858139038,Neutral
UgyD1Nl7Je9agJg-w914AaABAg,S3JpeaY-Baw,PM Edrive (fame 3) Subsidy kab milegi ?,EV Gyan,FAME Subsidy = FAKE Subsidy,2026-04-16T08:57:02Z,0,Negative,0.8514667749404907,Negative
UgzBBnXpF9qU3w5te0Z4AaABAg,S3JpeaY-Baw,PM Edrive (fame 3) Subsidy kab milegi ?,EV Gyan,Bro Maine March 2024 Ather 450S Li Hai Iski State Subsidy Milegi To Kab Milegi Or Kaise Milegi ??,2024-09-14T13:07:38Z,0,Neutral,0.9247042536735535,Neutral
UgwX0ToZvbtCjZLHUvJ4AaABAg,0P-ZSsonA3A,Modi ji will give you a massive incentive to buy electric vehicles | PM E-Drive | #shorts #finance,Binge Wealth ,Kuch nahi milega mere bahut sare dost ne liya he ev subsidy ke name pe mail Mila but paisa nahi 😂,2025-09-04T05:58:55Z,12,Neutral,0.8008623719215393,Neutral
UgzfUO7DfNqFs2Vy05d4AaABAg,0P-ZSsonA3A,Modi ji will give you a massive incentive to buy electric vehicles | PM E-Drive | #shorts #finance,Binge Wealth ,60% subsidy dete tho thik tha,2025-10-13T14:52:19Z,1,Neutral,0.7912428379058838,Neutral
Ugx_eEBaAXFnixIk7Sl4AaABAg,0P-ZSsonA3A,Modi ji will give you a massive incentive to buy electric vehicles | PM E-Drive | #shorts #finance,Binge Wealth ,Govt wo taxes gives subsidy what a useless way to waste money and boost economy 😂,2025-11-16T14:10:39Z,1,Negative,0.8417957425117493,Negative
UgwO8Q0YpOXDklcvSN94AaABAg,0P-ZSsonA3A,Modi ji will give you a massive incentive to buy electric vehicles | PM E-Drive | #shorts #finance,Binge Wealth ,Modi apni jeb se de raha kya Hamara hi tax h,2026-06-30T07:17:28Z,0,Neutral,0.8029990196228027,Neutral
UgwVXwwf-LGxAnfgpX94AaABAg,S5mSpKOdaeY,PM E-Drive Scheme Latest Update | Extension or End? @ElectroWorldev #electricvehicle,Electro World,Sir maine 8 Aug ko vida li thi muje subsidy nhi mili jabki mere bill me subsid kat ke di h Kaise check karu,2026-09-06T05:23:50Z,0,Neutral,0.7956642508506775,Neutral
UgygStD7viBUwebHbbl4AaABAg,S5mSpKOdaeY,PM E-Drive Scheme Latest Update | Extension or End? @ElectroWorldev #electricvehicle,Electro World,Bhai kya hua update scheme khatam ho gyi ya Govt ne kuch extention kardiya hai...... Kahi bhi info nahi mil raha,2026-08-02T07:08:46Z,0,Neutral,0.8288761377334595,Neutral
Ugy9ymDs4Chc_4RUx-B4AaABAg,S5mSpKOdaeY,PM E-Drive Scheme Latest Update | Extension or End? @ElectroWorldev #electricvehicle,Electro World,Bro 31 july bhi apply kar skte kiya subsidy ya 30 july hi last hai batao,2026-07-30T12:27:03Z,0,Neutral,0.8615438938140869,Neutral
UgyvTDrCt_3eTeoZWm94AaABAg,uvS9RDhKfzY,PM E DRIVE Subsidy Extended: EV Two Wheeler Buyers को बड़ी राहत!  Electric Scooter,CNBC Awaaz.,What about the people who brought the 2 wheelers ev in between 31 july and today when we got notification. Will they get this subsidy.,2026-08-11T18:27:54Z,4,Neutral,0.7803915739059448,Neutral
UgyeahUMaQbKpgKYx9F4AaABAg,uvS9RDhKfzY,PM E DRIVE Subsidy Extended: EV Two Wheeler Buyers को बड़ी राहत!  Electric Scooter,CNBC Awaaz.,Sab govt ka natak hai .. purane state subsidy toh mile nahe hai abhe tak,2026-08-13T02:28:11Z,0,Neutral,0.7223955988883972,Neutral
Ugz3dBBDb3Bx2l5p1WZ4AaABAg,bgNWWwTMWn4,PM E Drive scheme इलेक्ट्रिक वाहनों पर भारी सब्सिडी कैसे प्राप्त करें ?,Asset World,Sir 2 wheelar par kitni subsidy hai,2026-02-02T16:26:00Z,0,Neutral,0.7849729061126709,Neutral
UgyRNFnCkFkSeGST6ZJ4AaABAg,Mg5aRiVT14Q,Exclusive: 2-व्हीलर EV सब्सिडी जारी रहेगी? | PM E-DRIVE Scheme | Electric Two-Wheeler Subsidy,CNBC Awaaz.,Delhi state subsidy toh kabhi athi nahi,2026-08-02T18:07:48Z,0,Neutral,0.8614095449447632,Neutral
Ugwxvd2E560_TFyBi5l4AaABAg,GlVbEGhwmTQ,Electric Scooter खरीदने पर PM E-Drive Subsidy का पूरा सच! 2026 में क्या अभी भी मिल रही है सब्सिडी? ,Dask Auto car,21 june ko liya tha pm ed subsidy nehi mila,2026-07-13T18:12:55Z,0,Neutral,0.8389585614204407,Neutral
UgxC11FaPfsjcIv69SN4AaABAg,UyAabeTsxXo,PM E-Drive Scheme 2026: EV Vehicle Subsidy | PM E-Drive Eligibility | Government EV Subsidy Telugu,Boss Wallah (Telugu),Sir nenu tvs st thisukuni 50 days avindi Ippudu subsidy vasthundaa,2026-01-12T03:37:33Z,0,Neutral,0.7785409092903137,Neutral
UgzIFYjNNBBxVQGuUM94AaABAg,UyAabeTsxXo,PM E-Drive Scheme 2026: EV Vehicle Subsidy | PM E-Drive Eligibility | Government EV Subsidy Telugu,Boss Wallah (Telugu),Brother they are giving 5000 per vehicle And what is that give me reply Name. vida vx2 plus Can you tell me the subsidy rate please,2026-03-12T08:25:46Z,0,Neutral,0.6470835208892822,Neutral
Ugy0d0HeicOw04Chvn14AaABAg,5US-jEZIXn0,PM E-Drive Scheme for Electric Vehicles #ev #pollution #air #airquality #scheme #vehicleemissions,La Excellence IAS ,Mam plz share Complete process of applying EV subsidy ..,2024-11-21T14:16:50Z,0,Neutral,0.8299515247344971,Neutral
UgxdyKIKV5GeJLeuNQJ4AaABAg,H953-J44Bng,PM e-DRIVE Scheme | India&#39;s Electric Vehicle | Om Dwivedi | StudyIQ IAS Hindi,StudyIQ IAS हिंदी,Car aur bike ki subsidy abhi band nahi karni chahiye thi,2024-09-16T15:57:13Z,0,Neutral,0.761107861995697,Neutral
UgyBvbYgdEKchvoUuft4AaABAg,H953-J44Bng,PM e-DRIVE Scheme | India&#39;s Electric Vehicle | Om Dwivedi | StudyIQ IAS Hindi,StudyIQ IAS हिंदी,Subsidies mat do toll maaf kar do 3 saal tak baad main double tax. Laga dena 😅,2024-09-16T16:31:42Z,0,Neutral,0.6936085820198059,Neutral
Ugw7Tsm5hBA1SkhnLqt4AaABAg,z58iPQz2yuY,Charging Station పై 100 % సబ్సిడీ   PM E DRIVE Scheme   EV Kurradu,EV Kurradu,Big chance for fraudsters and concerned currputed government department to loot the subsidies,2025-10-05T21:24:14Z,4,Negative,0.6968930959701538,Negative
UgxWSEJicqwaYBqkFIp4AaABAg,z58iPQz2yuY,Charging Station పై 100 % సబ్సిడీ   PM E DRIVE Scheme   EV Kurradu,EV Kurradu,Can we get a location possible for subsidy,2026-05-26T16:10:24Z,0,Neutral,0.8826464414596558,Neutral
UgzaFqfLLeYqqKKDopF4AaABAg,z58iPQz2yuY,Charging Station పై 100 % సబ్సిడీ   PM E DRIVE Scheme   EV Kurradu,EV Kurradu,but in ap subsidy is capped at 3L,2025-10-21T16:17:14Z,0,Neutral,0.8110406994819641,Neutral
UgzygeT5d5v373mYi-F4AaABAg,z58iPQz2yuY,Charging Station పై 100 % సబ్సిడీ   PM E DRIVE Scheme   EV Kurradu,EV Kurradu,"EV charging station pettina tharuvatha yemina problems untaya, unte avi yenti",2026-06-02T10:59:03Z,0,Neutral,0.5277829766273499,Neutral
UgxQ25Zyy6W84TK41Ut4AaABAg,z58iPQz2yuY,Charging Station పై 100 % సబ్సిడీ   PM E DRIVE Scheme   EV Kurradu,EV Kurradu,This subsidy is no more in implementation,2026-03-19T10:17:28Z,0,Negative,0.5225048065185547,Negative
Ugy_LF3P4EstuppmO-p4AaABAg,z58iPQz2yuY,Charging Station పై 100 % సబ్సిడీ   PM E DRIVE Scheme   EV Kurradu,EV Kurradu,Charging station,2025-12-12T03:12:36Z,0,Neutral,0.8416374325752258,Neutral
Ugz6TahCAiLFh7gxMn54AaABAg,Dj7kB-Y7tSw,PM E-DRIVE Scheme | Electric Vehicle | To The Point | Drishti IAS,Drishti IAS,Four Wheeler (CAR) par subsidy milegi,2026-07-03T06:30:37Z,0,Neutral,0.8592938780784607,Neutral
UgwT4j3NF-xSkaCRP1F4AaABAg,vtBY2JnTgdk,New EV Subsidy Scheme Kaise Apply Kren? #shorts #diwakarroy,EVPlug,Maine tvs ki iqube li hai ab jab main rc lene ja raha hun agency me to wo log rc dene ke pahele customer ki live photo maang rahe hain bol rahe unhi subsidy claim karna hai nahi to customer unko 5000 rupya de,2026-07-20T02:18:56Z,0,Neutral,0.8019562363624573,Neutral
Ugwib1OYHCeWwt9g7a14AaABAg,vtBY2JnTgdk,New EV Subsidy Scheme Kaise Apply Kren? #shorts #diwakarroy,EVPlug,Subsidy kaise claim kare showroom wale sidha bol rahe hai nahi milega subsidy kyunki car rto register hogayi hai,2025-07-14T17:27:37Z,2,Neutral,0.7879669666290283,Neutral
UgxVg41BgwO8KcjDyod4AaABAg,vtBY2JnTgdk,New EV Subsidy Scheme Kaise Apply Kren? #shorts #diwakarroy,EVPlug,Sir m ev lene gaya to dealer mujse 5000 mang ker additionly 45 days m vapas ajayga ese bola. Ex showroom price m to kahi mention nai karte ki 5000 kam bata rahe h original price se. To ye mere he 5000 leke muje he 5000 de rahe to subsidy kese hui?,2025-06-27T17:53:02Z,1,Neutral,0.7805353999137878,Neutral
Ugx_JF8DkbSys3Im2Ux4AaABAg,u3vZkIG_L2w,PM E-Drive EV Subsidy Explained! | How to Apply PM E-Drive Scheme? | Electric Vehicle Buyers 2025,Boss Wallah (Tamil),How long wait for the subsidy amount. Becoz i was busy my tvs iqube july 3rd,2026-08-31T17:14:28Z,0,Neutral,0.7856290340423584,Neutral
UgzT9_eU0kpJB9br_5x4AaABAg,u3vZkIG_L2w,PM E-Drive EV Subsidy Explained! | How to Apply PM E-Drive Scheme? | Electric Vehicle Buyers 2025,Boss Wallah (Tamil),I have interested in EV charging station athuku subsidy iruka how to use that subsidy and wht is the process to get subsidy,2026-06-29T10:08:21Z,0,Neutral,0.8169726133346558,Neutral
Ugw-LhFMipieNP_xMy14AaABAg,u3vZkIG_L2w,PM E-Drive EV Subsidy Explained! | How to Apply PM E-Drive Scheme? | Electric Vehicle Buyers 2025,Boss Wallah (Tamil),Subsidy amount yeru account ku varum yevalu naal ku amount aagum,2026-06-26T18:23:55Z,0,Neutral,0.8472644686698914,Neutral
UgzfE9QT3xaOyCdRhxh4AaABAg,u3vZkIG_L2w,PM E-Drive EV Subsidy Explained! | How to Apply PM E-Drive Scheme? | Electric Vehicle Buyers 2025,Boss Wallah (Tamil),Ennenna company e vehicle subsidy option kedikkum,2025-12-20T17:16:42Z,0,Neutral,0.8680229783058167,Neutral
UgwvXBkfISgXHx-Pvih4AaABAg,u3vZkIG_L2w,PM E-Drive EV Subsidy Explained! | How to Apply PM E-Drive Scheme? | Electric Vehicle Buyers 2025,Boss Wallah (Tamil),Ev charging station subsidy details under edrive scheme,2025-12-12T17:36:15Z,1,Neutral,0.8610574007034302,Neutral
UgyfmFiW6dzKfiOwAh54AaABAg,u3vZkIG_L2w,PM E-Drive EV Subsidy Explained! | How to Apply PM E-Drive Scheme? | Electric Vehicle Buyers 2025,Boss Wallah (Tamil),Yenaku first bill pay panna pinnadi than subsidies after registration than subsidy apply pannanga but yevalu naal amount varum,2026-06-26T18:21:46Z,0,Neutral,0.7846909761428833,Neutral
Ugy1PgzoLmb3tGhoi_B4AaABAg,u3vZkIG_L2w,PM E-Drive EV Subsidy Explained! | How to Apply PM E-Drive Scheme? | Electric Vehicle Buyers 2025,Boss Wallah (Tamil),Are Electric bicycles are eligible for subsidy,2025-12-14T04:14:50Z,1,Neutral,0.8783106207847595,Neutral
UgyErxczHcVYAn_itDR4AaABAg,u3vZkIG_L2w,PM E-Drive EV Subsidy Explained! | How to Apply PM E-Drive Scheme? | Electric Vehicle Buyers 2025,Boss Wallah (Tamil),நான் இ - ஸ்கூட்டர் வாங்க நினைக்கும் போது subsidy போக மீதம் உள்ள தொகையை எனக்கு தவணை முறையில் கட்டுவதற்கு அந்த நிறுவனம் ஏற்பாடு செய்து தருவார்களா? அல்லது முழுமையாக தொகை செலுத்துப்பவருக்கு மட்டும் subsidy அமைத்து தருவார்களா?,2025-12-12T15:57:17Z,1,Neutral,0.7782959938049316,Neutral
UgwqxpBRontBncmkGaZ4AaABAg,LuqXeveBD7o,FINALLY NEW SUBSIDY UPDATE  ! PM E- DRIVE Scheme ! New EV Subsidy Caps ! Electric Scooter,Rupam Vlogs,Accha ab ham ko pata chala ki ather ex-showroom price kam aur ather stack pro subscription ka price jada bada diya taki subsidy milta rahe scooter ka daam bada e ke baad bhi😅,2026-08-13T13:24:18Z,9,Neutral,0.7068979144096375,Neutral
Ugw_1-MBMJYLu4lN-8R4AaABAg,LuqXeveBD7o,FINALLY NEW SUBSIDY UPDATE  ! PM E- DRIVE Scheme ! New EV Subsidy Caps ! Electric Scooter,Rupam Vlogs,"1,90,000/- me 5k ki subsidy 😅 bhut jyada h jyada sell hogi to company vese hi 10,000 bada degi cost",2026-08-13T17:33:46Z,4,Neutral,0.7821130156517029,Neutral
UgyO4tojDUgpraHUZkB4AaABAg,LuqXeveBD7o,FINALLY NEW SUBSIDY UPDATE  ! PM E- DRIVE Scheme ! New EV Subsidy Caps ! Electric Scooter,Rupam Vlogs,Sir maine ev showroom se july me liya tha unhone hume subsidy nahi di gai h to ky ab hum apply kar sakte h,2026-08-21T11:58:38Z,0,Neutral,0.7800471186637878,Neutral
UgwpDandb6Zz9sDnp0x4AaABAg,LuqXeveBD7o,FINALLY NEW SUBSIDY UPDATE  ! PM E- DRIVE Scheme ! New EV Subsidy Caps ! Electric Scooter,Rupam Vlogs,Bhai delhi ev subsidy 30000 kitne din me aati h account me Koi bol raha h 2 saal se nhi aai koi bol raha h 2 month me hi aa gyi,2026-08-13T14:21:46Z,2,Neutral,0.7837538123130798,Neutral
Ugypu_N91V3ebAMkzMZ4AaABAg,LuqXeveBD7o,FINALLY NEW SUBSIDY UPDATE  ! PM E- DRIVE Scheme ! New EV Subsidy Caps ! Electric Scooter,Rupam Vlogs,In Madhya Pradesh there's no subsidy for any kind of EVs.,2026-08-17T07:43:10Z,0,Neutral,0.6827207207679749,Neutral
UgzyEm56Q32YPxDhCBR4AaABAg,LuqXeveBD7o,FINALLY NEW SUBSIDY UPDATE  ! PM E- DRIVE Scheme ! New EV Subsidy Caps ! Electric Scooter,Rupam Vlogs,Sabse faltu subsidy gadi ka rate to badh raha hee naa subsidy ke waja se gadi delivery nehi de pare hee,2026-08-14T02:49:33Z,1,Neutral,0.6189382672309875,Neutral
Ugw0lvk-bu5qe7V5AZF4AaABAg,LuqXeveBD7o,FINALLY NEW SUBSIDY UPDATE  ! PM E- DRIVE Scheme ! New EV Subsidy Caps ! Electric Scooter,Rupam Vlogs,Kitna milta hai subsidy,2026-08-13T16:01:01Z,0,Neutral,0.7567775845527649,Neutral
Ugxy_oIM1fP-kraXOzx4AaABAg,LuqXeveBD7o,FINALLY NEW SUBSIDY UPDATE  ! PM E- DRIVE Scheme ! New EV Subsidy Caps ! Electric Scooter,Rupam Vlogs,"Sirf 5 hajar ka subsidy? Isse achcha me carbon immission karunga, pollution karunga. Rehne do nehi chahiye subsidy.",2026-08-13T23:50:11Z,3,Neutral,0.6158515214920044,Neutral
UgwHiDkI-Jov3W-RpDl4AaABAg,LuqXeveBD7o,FINALLY NEW SUBSIDY UPDATE  ! PM E- DRIVE Scheme ! New EV Subsidy Caps ! Electric Scooter,Rupam Vlogs,Maharashtra state ki subsidy kitni hai,2026-08-13T12:24:15Z,2,Neutral,0.7933131456375122,Neutral
Ugxvvuirc_Lw0CJ-Lr14AaABAg,LuqXeveBD7o,FINALLY NEW SUBSIDY UPDATE  ! PM E- DRIVE Scheme ! New EV Subsidy Caps ! Electric Scooter,Rupam Vlogs,Bhiya ji ola ki subsidy 3 year se nahi mile aabi tek bhaiya ji kaha se pata karoo bata do,2026-08-13T16:42:41Z,0,Neutral,0.7410163879394531,Neutral
UgzG7-K9qHEy4ZlH0aZ4AaABAg,LuqXeveBD7o,FINALLY NEW SUBSIDY UPDATE  ! PM E- DRIVE Scheme ! New EV Subsidy Caps ! Electric Scooter,Rupam Vlogs,Thank you for informing video but karnataka subsidy cancel Congress Government .....,2026-08-13T11:27:00Z,4,Neutral,0.6149424314498901,Neutral
UgxmbES5bzK0eavQoSx4AaABAg,LuqXeveBD7o,FINALLY NEW SUBSIDY UPDATE  ! PM E- DRIVE Scheme ! New EV Subsidy Caps ! Electric Scooter,Rupam Vlogs,Saala tax bhar k ye facility bhi nhi mil paa rahi h. MP me clearly mana kr rhe h showroom wale,2026-08-30T05:45:54Z,0,Neutral,0.7543618679046631,Neutral
UgzRIQDtzhpz7i5ArnF4AaABAg,0hR4n_5Vtf4,EV Charging Station Business: PM E-DRIVE Subsidy &amp; Profit Explained in Kannada | PM Narendra Modi,Boss Wallah Daily Kannada,Hai mam government hospital esic exam ide mam adhru bagge video madi syllabus topics yavdu hodebku exam ge Yavaga exam date Complete video madi mam,2026-08-27T14:00:48Z,0,Neutral,0.8831228017807007,Neutral
Ugw2fmBtJITMs8qLFjF4AaABAg,0hR4n_5Vtf4,EV Charging Station Business: PM E-DRIVE Subsidy &amp; Profit Explained in Kannada | PM Narendra Modi,Boss Wallah Daily Kannada,You given every information But right now I am doing EV charging station Guide me how to apply in pme drive,2026-09-02T01:53:25Z,0,Neutral,0.8532956838607788,Neutral
Ugy3M70DYhL-CRLWhLx4AaABAg,0hR4n_5Vtf4,EV Charging Station Business: PM E-DRIVE Subsidy &amp; Profit Explained in Kannada | PM Narendra Modi,Boss Wallah Daily Kannada,Istella nataka yake charger plug itre saaku charger avre tharthare,2026-09-02T06:39:24Z,0,Neutral,0.8477540016174316,Neutral
UgxUW0KRfj1kUJdC68F4AaABAg,Bxp7tEymqxI,"Under PM E-Drive Scheme, Earn High Returns With Just ₹2 Lakh Investment In EV Charging Stations",ETV Telangana,"Pm E drive anni cheparu Kani, adi iavru. Oka vela manaku intrest unte private ga petukovatame. Nearly 1 crore cost. Antha amount ki daily vachedi 1k to 3k lope. Maintaince ekuva ne. Work out aye la Ledu. Transformer apply chesthe 500 kv ki 5 lakhs lancham adigaru. Laon ki emo sbi vadu 3 months nundi thipichukoni chivaraku colatral assets petali anni ippudu chebuthunadu.Time waste Guy's manaku. Private ga velthuna approval's ravatam ante minimum 10 Lakh's lancham ne ivali manamu 😢😢😢😢",2026-04-06T03:25:28Z,32,Neutral,0.7477659583091736,Neutral
UgwOK7ZrcsK9WReyRyF4AaABAg,Bxp7tEymqxI,"Under PM E-Drive Scheme, Earn High Returns With Just ₹2 Lakh Investment In EV Charging Stations",ETV Telangana,At what rate per unit rate is govt will offer and at what rate per unit we can give to electric car for charging,2026-04-06T05:09:23Z,2,Neutral,0.9020758271217346,Neutral
UgzEpkj1Uth34sY4qKF4AaABAg,Bxp7tEymqxI,"Under PM E-Drive Scheme, Earn High Returns With Just ₹2 Lakh Investment In EV Charging Stations",ETV Telangana,Why gst is 18% .... if pm is serious to promote,2026-04-07T12:04:26Z,4,Neutral,0.7057929039001465,Neutral
UgwctlqL0wqzL7r6g014AaABAg,Bxp7tEymqxI,"Under PM E-Drive Scheme, Earn High Returns With Just ₹2 Lakh Investment In EV Charging Stations",ETV Telangana,"Gantala koddi charging kosam charging station lo evaru wait chestharu,andaru inti daggare charging pettukuntaru,",2026-04-07T07:12:35Z,1,Neutral,0.8097735643386841,Neutral
Ugx3m_01zDQ73VsOu-p4AaABAg,Bxp7tEymqxI,"Under PM E-Drive Scheme, Earn High Returns With Just ₹2 Lakh Investment In EV Charging Stations",ETV Telangana,"Present subsidy thisesinaru, Govt looting public money. Inko 2 years lo petrol cars, bikes ani kuda shed ki potayi.",2026-06-06T01:52:51Z,0,Negative,0.7673028111457825,Negative
UgygjTx2964EsI57rI14AaABAg,Bxp7tEymqxI,"Under PM E-Drive Scheme, Earn High Returns With Just ₹2 Lakh Investment In EV Charging Stations",ETV Telangana,Govt tho link unnavi emi pettakudadu india lo,2026-04-02T05:58:33Z,2,Neutral,0.8221233487129211,Neutral
UgwmRkH5iSa7IkeDDkh4AaABAg,Bxp7tEymqxI,"Under PM E-Drive Scheme, Earn High Returns With Just ₹2 Lakh Investment In EV Charging Stations",ETV Telangana,If this is true then government only will invest in it . If anyone say invest 2 lakhs and get monthly 5 lakhs then believe that it's a scam. As RBI also given such scam awareness advertisements with cricket players(ad says about invest here and get more returns).,2026-04-01T18:08:38Z,0,Negative,0.7271729111671448,Negative
UgyzRPiNq7NCziBCn094AaABAg,tJ7Kb-ecYzA,Good News! PM E-Drive Subsidy Gets Extension ⏳#PMEDrive #EVSubsidy #ElectricVehicles #EVIndia,PrasadAutomobile,"Nenu 2023 March last week lo Ather 450x konna. Appudu 55000/- FAME2 scheme dwara subsidy vachendi. April 2023 onwards, aa benefit ni 22500/- ki reduce chesendi. Ela new scheme name tho subsidy thagukuntu vasthondi!!",2026-04-06T08:54:48Z,13,Neutral,0.7921958565711975,Neutral
UgwaXXo4b3-Q2B5wpHx4AaABAg,tJ7Kb-ecYzA,Good News! PM E-Drive Subsidy Gets Extension ⏳#PMEDrive #EVSubsidy #ElectricVehicles #EVIndia,PrasadAutomobile,Bjp oka worst government india lo Developments levu😂,2026-04-07T03:36:27Z,2,Negative,0.8586770296096802,Negative
Ugy4V9c3EamVKCu8zt14AaABAg,giUwglNVhmk,PM E-DRIVE Explained - India&#39;s New Electric Vehicle Subsidy Scheme,Trucks India - Your commercial vehicle hub,Best scheme and it is very much awaited coz our cities are getting dangerously polluted,2024-11-13T08:29:08Z,0,Positive,0.7633557319641113,Positive
UgzOpZ9cvdP1MZikFo14AaABAg,P2bBGkh72mg,PM E-Drive Scheme for Electric Vehicles #ev #pollution #air #airquality #scheme #vehicleemissions,Mana La Excellence,Madam PM E drive scheme lo ela apply cheyali. Process enti. Evarina deenni deal chese vaari contact ivvagalaru.,2026-02-14T06:39:08Z,0,Neutral,0.8797580003738403,Neutral
UgxWbjNCTRgcMfNBdZB4AaABAg,E8M-6LHTsho,EV కస్టమర్లకు సూపర్ న్యూస్ - Pm E-Drive Scheme - EV Kurradu,EV Kurradu,Ela estharu e subsidy process ela brother,2026-03-29T16:00:26Z,0,Neutral,0.8454037308692932,Neutral
UgyTGxV-_EbKVU_nhk54AaABAg,E8M-6LHTsho,EV కస్టమర్లకు సూపర్ న్యూస్ - Pm E-Drive Scheme - EV Kurradu,EV Kurradu,bro PM E drive use chesi charging station ela pethalo ela apply cheyalo ento full detail video cheyu bro pls,2026-05-06T00:56:28Z,1,Neutral,0.881355881690979,Neutral
UgyEEGKnXYJjG2WAtYp4AaABAg,E8M-6LHTsho,EV కస్టమర్లకు సూపర్ న్యూస్ - Pm E-Drive Scheme - EV Kurradu,EV Kurradu,good narration.ather company only giving 5000 subsidy for ather rizta s with 2.9kwh .then 10k ivvali kada or more than 10k right..how to handle this,2026-03-30T08:55:54Z,0,Negative,0.5729967951774597,Negative
UgwBwzncyD8dFFLXCgF4AaABAg,E8M-6LHTsho,EV కస్టమర్లకు సూపర్ న్యూస్ - Pm E-Drive Scheme - EV Kurradu,EV Kurradu,"E 5,k 6,k boka kadu bro 80% subsidy istunaru ev bike meda scst waliki adi chepu",2026-03-29T17:41:27Z,1,Neutral,0.7868693470954895,Neutral
UgzGavjuJglt3tpyKVF4AaABAg,zDTmDjY0EXo,PM E-drive ( Fame 3 ) Subsidy explained | Evgyan ⚡,EV Gyan,20kW ke 4 wheeler ko at least 50k subsidy honi chahiye.,2024-09-13T15:00:35Z,5,Neutral,0.8202316761016846,Neutral
UgwR2NfAIQoZ6Ova-I14AaABAg,zDTmDjY0EXo,PM E-drive ( Fame 3 ) Subsidy explained | Evgyan ⚡,EV Gyan,"Maine Jan 2024 me Revolt RV 400 buy ki thi,on road 1,75,000₹ aur subsidy ka kuch pta nhi 😢",2025-02-25T08:26:58Z,4,Negative,0.5213024616241455,Negative
UgyVNKyxIb5oRoYVMjh4AaABAg,zDTmDjY0EXo,PM E-drive ( Fame 3 ) Subsidy explained | Evgyan ⚡,EV Gyan,Two wheeler mein jyada charging station hoga to long tour karna acha hoga,2024-09-13T14:41:05Z,4,Neutral,0.8586808443069458,Neutral
UgwLzH2Fiyylzwa3sCd4AaABAg,zDTmDjY0EXo,PM E-drive ( Fame 3 ) Subsidy explained | Evgyan ⚡,EV Gyan,"I was eagerly waiting FAME 3, specifically for car, Socha tha cars ko subsidy milegi to shsyad or sasti ho jaaye, uske baad lunga, two wheelers ke price to already पेट्रोल two wheeler ke aaspaas aa gaye h Or abhi itni cars bhi sale nahi hui h ki unko subsidy bnd kr di jaaye, sad for that, bad decision for cars",2024-09-13T14:43:25Z,21,Negative,0.4658093750476837,Negative
Ugw-5Ugxdrao5XqtMCZ4AaABAg,zDTmDjY0EXo,PM E-drive ( Fame 3 ) Subsidy explained | Evgyan ⚡,EV Gyan,i am more excited about charging infrastructure..stations ban jayenge to hi log ev cars ko jyada consider karenge..tab agar cars me subsidy dete h govt to kaafi sales ho skti hai..,2024-09-13T15:21:41Z,3,Positive,0.8775164484977722,Positive
UgxawtsF31Imm5IHRJl4AaABAg,zDTmDjY0EXo,PM E-drive ( Fame 3 ) Subsidy explained | Evgyan ⚡,EV Gyan,Ather rishta per subsidy milegi ki nahin ?,2024-09-13T15:33:16Z,5,Neutral,0.8414518237113953,Neutral
Ugy1GDTV8hLNF8lJHFN4AaABAg,zDTmDjY0EXo,PM E-drive ( Fame 3 ) Subsidy explained | Evgyan ⚡,EV Gyan,I am planning to buy tiago ev but because of no subsidy I think now I think about punch cng because it's get me in better deal.,2024-09-13T15:03:29Z,38,Neutral,0.6446626782417297,Neutral
Ugy-HbiCYYrDaDEaOQh4AaABAg,zDTmDjY0EXo,PM E-drive ( Fame 3 ) Subsidy explained | Evgyan ⚡,EV Gyan,Subsidy company ko milega ya vehicle owner ko,2024-11-11T16:41:02Z,1,Neutral,0.7815401554107666,Neutral
UgwwHzGai8PSQBvMU_V4AaABAg,zDTmDjY0EXo,PM E-drive ( Fame 3 ) Subsidy explained | Evgyan ⚡,EV Gyan,Best time to buy a new tata curvv ev . New coupe car with new design and heavy discount with heavy subsidy also 👍👍.,2024-09-13T15:50:39Z,2,Positive,0.958370566368103,Positive
UgxlMqUgZQo2hlKgejJ4AaABAg,zDTmDjY0EXo,PM E-drive ( Fame 3 ) Subsidy explained | Evgyan ⚡,EV Gyan,bhai september me konsi subsidy chal rhi hai ?,2024-09-13T15:13:57Z,1,Neutral,0.8814140558242798,Neutral
UgxaaYSO96OasehFbNZ4AaABAg,zDTmDjY0EXo,PM E-drive ( Fame 3 ) Subsidy explained | Evgyan ⚡,EV Gyan,Is there any Gujarat ev state subsidy update ?,2024-09-13T14:40:00Z,1,Neutral,0.9039121866226196,Neutral
Ugx4wiQGry8GFi_g1694AaABAg,zDTmDjY0EXo,PM E-drive ( Fame 3 ) Subsidy explained | Evgyan ⚡,EV Gyan,bhai lekin ye PM e drive portal ka link kha hai ?,2024-09-25T11:03:11Z,0,Neutral,0.8675836324691772,Neutral
UgygBCCVXMhdxbNOcW54AaABAg,zDTmDjY0EXo,PM E-drive ( Fame 3 ) Subsidy explained | Evgyan ⚡,EV Gyan,"Bro, Can we raise in subsidy.",2024-09-14T04:59:19Z,2,Neutral,0.8598063588142395,Neutral
UgzjNEpg7efJ0tsf8554AaABAg,zDTmDjY0EXo,PM E-drive ( Fame 3 ) Subsidy explained | Evgyan ⚡,EV Gyan,Mujhe lagta hai 4 wheel ko subsidy mili gi usko bus wale me include kr dege aur charger pr kaam ho rha hai to ye jyda better rhega kyuki charger ko option jitna bdega tabhi swift electric pr krega bus aur car aur commercial charger shayad same kr de aur govt universal charger lana chahiye ye kaam government ko krna chye ....,2024-09-13T15:46:02Z,0,Neutral,0.7964339852333069,Neutral
UgzMjQPLd6hykE-begJ4AaABAg,zDTmDjY0EXo,PM E-drive ( Fame 3 ) Subsidy explained | Evgyan ⚡,EV Gyan,"If anyone is planning to purchase electric 2W, its better to purchase before PM E-drive ( Fame 3 ) Subsidy scheme, i.e before 30 September. Why..... 1) Subsidy amount will be same. There will be no change in subsidy amount. Rs. 10, 000 2) Currently you do not have to provide any document or wait for subsidy. You get 10,000 subsidy at the time of purchase. But under new PM E-drive scheme, you have to follow some procedure.",2024-09-13T15:20:37Z,39,Neutral,0.796424150466919,Neutral
UgwtBN78FjzhhS59Xs94AaABAg,zDTmDjY0EXo,PM E-drive ( Fame 3 ) Subsidy explained | Evgyan ⚡,EV Gyan,For Charging stations subsidy is there?,2024-09-14T05:49:10Z,0,Neutral,0.849178671836853,Neutral
UgxfXgWo6uHkDIv5FY14AaABAg,zDTmDjY0EXo,PM E-drive ( Fame 3 ) Subsidy explained | Evgyan ⚡,EV Gyan,Scooter mein itna kam subsidy dil tooth gaya bhai sad😢😢😢😢😢😢😢😢😢😢,2024-09-14T05:49:29Z,1,Negative,0.9120724201202393,Negative
UgyBEK3ajVnK0Frwvz94AaABAg,zDTmDjY0EXo,PM E-drive ( Fame 3 ) Subsidy explained | Evgyan ⚡,EV Gyan,Kya yeh e scooter aur bike mein applicable,2024-09-14T05:47:58Z,0,Neutral,0.8484792709350586,Neutral
UgyBvrX3HjRye7Jctqd4AaABAg,zDTmDjY0EXo,PM E-drive ( Fame 3 ) Subsidy explained | Evgyan ⚡,EV Gyan,Tarun bhai rajsthan me ev subsidy nhi aa rhi he kya? 1and half year ho gya he scooter liye but abhi tak state subsidy nhi aai.,2024-09-14T11:27:24Z,0,Neutral,0.742427408695221,Neutral
UgyGlGpMn_Y3KLku3Fd4AaABAg,zDTmDjY0EXo,PM E-drive ( Fame 3 ) Subsidy explained | Evgyan ⚡,EV Gyan,"finally apna foto lag gaya scheme pe, ab sab changa si. jaldi fame schemes ki comparison leke aao",2024-09-13T16:28:25Z,1,Neutral,0.8111320734024048,Neutral
UgyuOLZwnYpN1MqSFe94AaABAg,zDTmDjY0EXo,PM E-drive ( Fame 3 ) Subsidy explained | Evgyan ⚡,EV Gyan,"Fame 1,2,3 teeno ka comparison video le aana bhai",2024-09-14T04:42:33Z,1,Neutral,0.8908599615097046,Neutral
Ugymqym-AmEpWHtTtKl4AaABAg,zDTmDjY0EXo,PM E-drive ( Fame 3 ) Subsidy explained | Evgyan ⚡,EV Gyan,Bhai a subsidy kise milega mujhe ya company ko,2025-09-16T06:35:05Z,0,Neutral,0.7200874090194702,Neutral
UgwXWZkvZXEJurLSS4h4AaABAg,zDTmDjY0EXo,PM E-drive ( Fame 3 ) Subsidy explained | Evgyan ⚡,EV Gyan,I buy Mahindra treo ev last year . Am I eligible for this subsidy .,2024-11-17T15:51:06Z,0,Neutral,0.8402730226516724,Neutral
UgzuYbxMFCbnIoXPWC54AaABAg,zDTmDjY0EXo,PM E-drive ( Fame 3 ) Subsidy explained | Evgyan ⚡,EV Gyan,Ye subsidy dealer ko milti hi ki customer ko,2025-03-12T02:27:14Z,0,Neutral,0.7168477177619934,Neutral
UgzBfGmdqqel8VWszsh4AaABAg,zDTmDjY0EXo,PM E-drive ( Fame 3 ) Subsidy explained | Evgyan ⚡,EV Gyan,Delhi subsidy status kaise check krte hai ?,2026-07-03T14:57:03Z,0,Neutral,0.8693608641624451,Neutral
UgwTZuyT3M7TJeSE3Gp4AaABAg,zDTmDjY0EXo,PM E-drive ( Fame 3 ) Subsidy explained | Evgyan ⚡,EV Gyan,Bhai maine ek non RTO e scooty li hai to kya me uspe subsidy claim kar skat hu? Mere dealer ne to mana kar diya tha ki hamari product pe koi subsidy nahi hai. Pls reply,2024-11-12T11:47:57Z,0,Neutral,0.6340287327766418,Neutral
UgxZT6haE4fcGMdVpEV4AaABAg,zDTmDjY0EXo,PM E-drive ( Fame 3 ) Subsidy explained | Evgyan ⚡,EV Gyan,How does Govt gonna install Charging stations for 2 wheelers?? Each company has different charging ports? They should bring some standardization.,2024-09-13T15:56:23Z,0,Neutral,0.5187817215919495,Neutral
UgzRwq9399tWAloNICd4AaABAg,zDTmDjY0EXo,PM E-drive ( Fame 3 ) Subsidy explained | Evgyan ⚡,EV Gyan,Car me subsidy nahi hai kya,2024-09-23T10:52:49Z,0,Neutral,0.7110176086425781,Neutral
UgwX447xNc2iaSWoSzR4AaABAg,zDTmDjY0EXo,PM E-drive ( Fame 3 ) Subsidy explained | Evgyan ⚡,EV Gyan,Aaj tak mere subsidy nai aai kya kare may31-2023 me revolt buy kare thi😢,2024-10-13T19:41:15Z,0,Negative,0.5683518052101135,Negative
Ugz9gr_ds2MmmANwi5p4AaABAg,zDTmDjY0EXo,PM E-drive ( Fame 3 ) Subsidy explained | Evgyan ⚡,EV Gyan,It's mean that 2wheeler got as same subsidy right now 10k in this year 2024 after that it reduced,2024-09-13T18:56:35Z,2,Neutral,0.8467097878456116,Neutral
UgwkNL9GysSdLj5UJ6R4AaABAg,zDTmDjY0EXo,PM E-drive ( Fame 3 ) Subsidy explained | Evgyan ⚡,EV Gyan,Ola zen1 Ki subsidy nhi aayi Abhi tak 16 month ho Gaye purchase kiye ko kahi se Bhi sport nhi mil rha na showroom se I need help please,2024-09-29T15:21:34Z,0,Neutral,0.638782799243927,Neutral
UgwMTuK1jSqtbYgMiwh4AaABAg,zDTmDjY0EXo,PM E-drive ( Fame 3 ) Subsidy explained | Evgyan ⚡,EV Gyan,"I am purchase an ampere magnus neo scooter in 10th March 2025, how can apply PM ev subsidy, I am eligible or not?",2025-04-27T08:00:11Z,0,Neutral,0.8719984889030457,Neutral
UgwsrQrnFu52o-WjK094AaABAg,zDTmDjY0EXo,PM E-drive ( Fame 3 ) Subsidy explained | Evgyan ⚡,EV Gyan,Jisne 2023 me ola s1pro purchase ki hai unko fame 2 milegi ya 3?????????????,2024-09-14T08:26:15Z,0,Neutral,0.8631709814071655,Neutral
UgwAMBur47_ldijF_3Z4AaABAg,zDTmDjY0EXo,PM E-drive ( Fame 3 ) Subsidy explained | Evgyan ⚡,EV Gyan,"Best , ev cars are for secondary use , so no need of subsidy there Bus infra 🚌 must get more which will reduce pollution",2024-11-24T07:06:28Z,0,Positive,0.7279064655303955,Positive
UgyV9rD7oeEe7tsMUlV4AaABAg,zDTmDjY0EXo,PM E-drive ( Fame 3 ) Subsidy explained | Evgyan ⚡,EV Gyan,"Ab to subsidy ka aisa , ho gaya hai ki, ""something is better than nothing"" 😜",2024-09-13T15:30:57Z,1,Positive,0.4736303985118866,Positive
Ugy6G9KfoJxC4ATSKkx4AaABAg,zDTmDjY0EXo,PM E-drive ( Fame 3 ) Subsidy explained | Evgyan ⚡,EV Gyan,Nothing for EV 4 wheelers. Registration charges have become equal to ICE cars. Straight additional cost on road by 1.5 lacs for a car of 15 lacs,2024-09-13T18:09:37Z,2,Negative,0.7110440135002136,Negative
UgwGS1_eHbXUoS-W32R4AaABAg,zDTmDjY0EXo,PM E-drive ( Fame 3 ) Subsidy explained | Evgyan ⚡,EV Gyan,Phele aap ye batao ki konsi company ki ev vehicle lene par kitna subsidy milta hai or kis type ka or kis types ke vehicle par ye aap batao pls,2026-07-19T09:38:06Z,0,Neutral,0.7395855188369751,Neutral
UgzbT7UnaZypIsuvJjN4AaABAg,zDTmDjY0EXo,PM E-drive ( Fame 3 ) Subsidy explained | Evgyan ⚡,EV Gyan,Mera 4 months ho gya apply Kiya huaa..avi tak subsidy nhi aayi,2025-10-07T13:19:54Z,0,Neutral,0.7927460670471191,Neutral
Ugwhcbipzxt9nWIsZ8h4AaABAg,zDTmDjY0EXo,PM E-drive ( Fame 3 ) Subsidy explained | Evgyan ⚡,EV Gyan,PM Electric Drive Scheme konsi Date se Effective hogi Market mein?,2024-09-13T15:40:02Z,0,Neutral,0.872878909111023,Neutral
Ugze1rsNwKHDlB7RlKB4AaABAg,zDTmDjY0EXo,PM E-drive ( Fame 3 ) Subsidy explained | Evgyan ⚡,EV Gyan,Matlab EMPS jaise hi rahegi subsidy? Only 10k?,2024-09-24T16:55:08Z,1,Neutral,0.7945283651351929,Neutral
UgztS9wo1odgHxG5Ndl4AaABAg,zDTmDjY0EXo,PM E-drive ( Fame 3 ) Subsidy explained | Evgyan ⚡,EV Gyan,PM E DRIVE के लिए अप्लाई कैसे करें इस पर भी एक वीडियो बनाया टू व्हीलर के लिए,2024-09-13T15:44:21Z,0,Neutral,0.8431226015090942,Neutral
UgwNTbIROjjbRLwn1g54AaABAg,zDTmDjY0EXo,PM E-drive ( Fame 3 ) Subsidy explained | Evgyan ⚡,EV Gyan,kahe ki subsidy 2022 me ola s1pro i ab tak bhi subsidy nhi mili,2024-09-14T15:37:27Z,1,Neutral,0.7701619863510132,Neutral
UgzrNXYE-8RILCQFfB54AaABAg,zDTmDjY0EXo,PM E-drive ( Fame 3 ) Subsidy explained | Evgyan ⚡,EV Gyan,Meri ather 450x ki 1.5 saal say jada ho gaya subsidy aae he nahi delhi say hu main 😅😅,2024-09-13T14:42:17Z,2,Neutral,0.7838174700737,Neutral
UgyWlTN0aU2-Qq85lB14AaABAg,zDTmDjY0EXo,PM E-drive ( Fame 3 ) Subsidy explained | Evgyan ⚡,EV Gyan,When subsidy scheme apply . Mein Chetak scooter plan kar raha hu so abhi luga to subsidy mil jayegi kya,2024-09-13T14:59:59Z,4,Neutral,0.8076130151748657,Neutral
UgyjsSINIdCDwFvU5G14AaABAg,zDTmDjY0EXo,PM E-drive ( Fame 3 ) Subsidy explained | Evgyan ⚡,EV Gyan,"It’s been two years since I purchased my Ola S1, but I didn’t get subsidy😢",2024-09-13T19:19:26Z,1,Negative,0.8668586611747742,Negative
UgwaAd_dISt4ayFWB6Z4AaABAg,zDTmDjY0EXo,PM E-drive ( Fame 3 ) Subsidy explained | Evgyan ⚡,EV Gyan,Badiya pm e drive 🎉,2024-09-13T14:43:37Z,1,Positive,0.8956825137138367,Positive
UgzYU8VefXs2iWtQVkN4AaABAg,zDTmDjY0EXo,PM E-drive ( Fame 3 ) Subsidy explained | Evgyan ⚡,EV Gyan,Teen saal pehle liya tha scooter abhi tak nhi mili subsidy,2024-09-13T17:30:23Z,0,Neutral,0.7112413644790649,Neutral
UgxwS36yfxqg8LqP_nB4AaABAg,zDTmDjY0EXo,PM E-drive ( Fame 3 ) Subsidy explained | Evgyan ⚡,EV Gyan,But tarun bhai every ev two wheeler has different chargeing design then how ll govt adjust this problem.....,2024-09-13T17:26:03Z,1,Neutral,0.579832136631012,Neutral
UgyvCDvUER0KV2vbvjV4AaABAg,zDTmDjY0EXo,PM E-drive ( Fame 3 ) Subsidy explained | Evgyan ⚡,EV Gyan,Bhai subsidy up me milegi,2024-09-13T15:27:24Z,0,Neutral,0.6287825703620911,Neutral
UgxtMIeLB6cKAJDph4h4AaABAg,zDTmDjY0EXo,PM E-drive ( Fame 3 ) Subsidy explained | Evgyan ⚡,EV Gyan,Bhai delhi mai subsidy mil rahi thi vho abhi bhi mil rahi hai kya ?,2024-09-14T13:28:01Z,0,Neutral,0.8526222109794617,Neutral
UgxPryySPK__GVM_vNp4AaABAg,zDTmDjY0EXo,PM E-drive ( Fame 3 ) Subsidy explained | Evgyan ⚡,EV Gyan,Kabse start hoga fame 3 subsidy,2024-09-14T04:35:16Z,0,Neutral,0.7709019184112549,Neutral
UgwS_SSPzCe0ifOKC_l4AaABAg,zDTmDjY0EXo,PM E-drive ( Fame 3 ) Subsidy explained | Evgyan ⚡,EV Gyan,"Brother aapne bola agle saal subsidy half ho jaye gi.January se half ho jayegi ya September 2025 ko half hogi Question :- Currently OLA S1 AIR ka on road price 1,19,500rs hai then subsidy aane ke baad kya price hoga PLEASE REPLY !!!",2024-09-14T06:46:22Z,0,Neutral,0.8077508211135864,Neutral
Ugw8yIBKPeD4TPJzn2Z4AaABAg,zDTmDjY0EXo,PM E-drive ( Fame 3 ) Subsidy explained | Evgyan ⚡,EV Gyan,"I think government should support 4 wheeler with subsidy so that we can also buy cars if ev car purchase limit will increase in india then only all company will leave china and start investing in india. Itne sare 50kw dc chargers ka kya aachar dalo ge, jaab bande pe purchase limit he nahi ha. Ab aasa ha luxury good item ha car ka gyan maat dena ok assa ha tu ather rizta, ola, bajaj chetak, greaves ya saab bhi luxury good item ma aata ha. ( speaker, navigation, leather seat, cushion, hill hold feature, reverse etc) Assa ha tu fir honda activa 5g ya honda dio lalo ok gyan maat ch*do Nila kabutro ka upar bhi tu 10 lakhs crores amount spend kis jaata ha 5 saal ma. Ek chiz medium class ka lia da do ga tu kya marjao ge ham loog tax date ha ya galat ha. Very very bad desicion by government.",2024-09-14T06:39:02Z,1,Neutral,0.6782380938529968,Neutral
Ugx--PiHOdkXuoDNUSl4AaABAg,zDTmDjY0EXo,PM E-drive ( Fame 3 ) Subsidy explained | Evgyan ⚡,EV Gyan,After fame 3 subsidy. State subsidy are remove or not,2024-09-15T14:02:06Z,0,Neutral,0.803325891494751,Neutral
UgzAj5QzIEF6DCc2-s14AaABAg,zDTmDjY0EXo,PM E-drive ( Fame 3 ) Subsidy explained | Evgyan ⚡,EV Gyan,Bhai pichel saale December mai puri payement krke ola scooter but abhi tak koi subsidy ka namo nishan nhi hai..😢Delhi govt ki taraf se kuch nhi aya.,2024-09-14T17:34:18Z,0,Negative,0.6869208812713623,Negative
UgxqImboyTUmS_7tZ554AaABAg,zDTmDjY0EXo,PM E-drive ( Fame 3 ) Subsidy explained | Evgyan ⚡,EV Gyan,Bhai ye kab se lagu hoga aur EMPS subsidy ke sath milega ya fir PM E DRIVE ka bas milega,2024-09-15T12:42:26Z,0,Neutral,0.7515748739242554,Neutral
Ugy-eHS4IIi70HQT-l14AaABAg,zDTmDjY0EXo,PM E-drive ( Fame 3 ) Subsidy explained | Evgyan ⚡,EV Gyan,Bhai to ye subsidy kabse lagu hogi aur kya ye month rukna chahiye ya iss month mai vehicle buy karke fir subsidy ke liye apply karna chahiye ?,2024-09-14T04:26:59Z,0,Neutral,0.8242917656898499,Neutral
UgyBF8HMYbShJlLTj-p4AaABAg,zDTmDjY0EXo,PM E-drive ( Fame 3 ) Subsidy explained | Evgyan ⚡,EV Gyan,Hello sir mene December 2022 me apni ev bike purchase ki thi tb subcidi milti thi but kuch time baad govt. Ne bnd kr di or abhi vapas chalu hui hai to kyaa mujhe meri bike ki subcidi abhi mil skti hai kyaaaa ......... Please reply me,2024-09-22T17:19:32Z,0,Neutral,0.80762779712677,Neutral
UgxMkN5_2Unuj6MFcuF4AaABAg,zDTmDjY0EXo,PM E-drive ( Fame 3 ) Subsidy explained | Evgyan ⚡,EV Gyan,"Brother, is the government giving subsidy or are they doing us a favor? only 5000 for per kWh and Max 10000 only . The government should fix the limit of Rs 20,000 instead of Rs 10,000.",2024-09-13T17:48:39Z,7,Negative,0.6791157126426697,Negative
Ugzr7Ux2IB0aXRmCQ4d4AaABAg,zDTmDjY0EXo,PM E-drive ( Fame 3 ) Subsidy explained | Evgyan ⚡,EV Gyan,Aare koi subsidy dega...wait hi kar raha hu Bajaj chetak Wale bol rahe hai aayega aayega ayegaaa,2024-09-14T09:09:41Z,0,Neutral,0.8107777237892151,Neutral
Ugx409SEyoJMvKZfNAl4AaABAg,zDTmDjY0EXo,PM E-drive ( Fame 3 ) Subsidy explained | Evgyan ⚡,EV Gyan,No subsidy for 4 wheeler cars?,2024-09-13T16:01:40Z,6,Neutral,0.7816618084907532,Neutral
Ugy0RrV9A4RyiA2GvQB4AaABAg,zDTmDjY0EXo,PM E-drive ( Fame 3 ) Subsidy explained | Evgyan ⚡,EV Gyan,Humare gaon me yakuza ki scooter 35000 me mil rahi thi compitition me ketron waale ne 32000 ki launch kar di fame 3 me inko kya milega😅,2024-09-14T07:17:53Z,0,Neutral,0.7928017377853394,Neutral
UgzLfzydv8N41uiHfsd4AaABAg,zDTmDjY0EXo,PM E-drive ( Fame 3 ) Subsidy explained | Evgyan ⚡,EV Gyan,Fame 3 Subsidy se Electric Scooty Aaj ki Date se kitne rate kamm hogge.....?,2024-09-13T14:36:04Z,0,Neutral,0.9100334048271179,Neutral
UgwtAJq3EIt8qjeekoN4AaABAg,zDTmDjY0EXo,PM E-drive ( Fame 3 ) Subsidy explained | Evgyan ⚡,EV Gyan,Itna GST jamaa hone ke bad bi government ki policy bakwaas hi rahte hai😢,2024-09-13T16:15:57Z,0,Negative,0.7859207391738892,Negative
UgyM1bmPIpy1Ka8uept4AaABAg,zDTmDjY0EXo,PM E-drive ( Fame 3 ) Subsidy explained | Evgyan ⚡,EV Gyan,Bhai Subsidy ka amount abhi tak nahi aaya Bas subsidy fame1 fame2 fame chal raha hai 😅,2024-09-14T05:22:43Z,0,Neutral,0.8047066926956177,Neutral
UgxQoJRVzsudb_WSRsB4AaABAg,zDTmDjY0EXo,PM E-drive ( Fame 3 ) Subsidy explained | Evgyan ⚡,EV Gyan,Height of shamelessness by the government. Jo class saare taxes pay karti hai unke liye kuch nahi. No subsidy on the EV cars. That’s really pathetic.,2024-09-22T04:10:38Z,0,Negative,0.8930107355117798,Negative
UgzFDLCjioQq5k6lpFx4AaABAg,zDTmDjY0EXo,PM E-drive ( Fame 3 ) Subsidy explained | Evgyan ⚡,EV Gyan,Pm e drive fail scheme hai kahi mil rahi hai kahi nahi mil rahi.,2025-01-15T02:30:21Z,0,Neutral,0.6084576845169067,Neutral
Ugx6pjDT4H6h8jUObjV4AaABAg,zDTmDjY0EXo,PM E-drive ( Fame 3 ) Subsidy explained | Evgyan ⚡,EV Gyan,Bekar h agar subsidy ka dekhna h to Norway se sikho,2024-09-13T14:58:19Z,2,Neutral,0.7740322947502136,Neutral
Ugy7iz_Px2NXL6rjCdV4AaABAg,zDTmDjY0EXo,PM E-drive ( Fame 3 ) Subsidy explained | Evgyan ⚡,EV Gyan,This subsidy will only be beneficial for public transport. Aam janta ka koi faida nahi ha agar hum other countries sa compare kare to ya kuch bhi nahi ha😢. Fame II was good but this is not,2024-09-13T17:23:34Z,0,Negative,0.695798397064209,Negative
UgyaIHivWVmnJIBgm714AaABAg,zDTmDjY0EXo,PM E-drive ( Fame 3 ) Subsidy explained | Evgyan ⚡,EV Gyan,Bakwaas hai itni Kam subsidy nahi ke barabar hi hai,2024-09-13T16:15:10Z,1,Neutral,0.7384718060493469,Neutral
UgxUPAP8OEtSypHgYLt4AaABAg,zDTmDjY0EXo,PM E-drive ( Fame 3 ) Subsidy explained | Evgyan ⚡,EV Gyan,Ather 450x liya tha 18 months ho gye subsidy ka form bhi fill ko ke Aya . Govt.ment ke tarap se ak letter bhi Aya but ahi Tak subsidy Nehi aya. Meh Assam ki guwahati se hu.,2024-09-14T14:08:21Z,0,Neutral,0.6998444199562073,Neutral
UgwnQWFuiIs_m-0C4e94AaABAg,zDTmDjY0EXo,PM E-drive ( Fame 3 ) Subsidy explained | Evgyan ⚡,EV Gyan,ya government bik gyi 😠,2024-09-21T04:00:06Z,0,Negative,0.8643757700920105,Negative
UgyPt0tUKYv2sMof4Rx4AaABAg,zDTmDjY0EXo,PM E-drive ( Fame 3 ) Subsidy explained | Evgyan ⚡,EV Gyan,Meri subsidy aa gayi thanks Bjp Congress ne rok rakha tha,2024-09-13T16:33:08Z,1,Neutral,0.505771279335022,Neutral
Ugwv7njxxVERy0FLO354AaABAg,zDTmDjY0EXo,PM E-drive ( Fame 3 ) Subsidy explained | Evgyan ⚡,EV Gyan,No need to be happy. There is no subsidy for private user. Its overall a rubbish scheme. 👎🏻👎🏻,2024-09-14T11:05:55Z,0,Negative,0.9192282557487488,Negative
UgxdjIME8ZVS9llrtsF4AaABAg,zDTmDjY0EXo,PM E-drive ( Fame 3 ) Subsidy explained | Evgyan ⚡,EV Gyan,Bahut bekar subsidy he bhai... company loot legi sari ki sari... price to he us se bhi jayada kar k beche gi ab... Subsidy dena hi nhi chaiye tha...jese tese bajaj market me aaya tha...,2024-09-13T16:39:41Z,2,Negative,0.5235352516174316,Negative
Ugy7Qt7MLrMHvLhqGXh4AaABAg,zDTmDjY0EXo,PM E-drive ( Fame 3 ) Subsidy explained | Evgyan ⚡,EV Gyan,Jhant bhar subsidy hai,2024-09-13T14:39:29Z,3,Neutral,0.6960844397544861,Neutral
UgxGtyREyt1dkQatbPd4AaABAg,zDTmDjY0EXo,PM E-drive ( Fame 3 ) Subsidy explained | Evgyan ⚡,EV Gyan,Aacha sab sa puch rahe ho kitna sasta chahiye or kitna log tax bharta hai vah bhi batao jitna bjp ko gali dete hai jata bolo kitna sasta chahiye,2024-09-13T16:55:46Z,0,Neutral,0.7573487162590027,Neutral
UgyPYfwO-tA063sGMhl4AaABAg,4hIBd2RovNE,Pm E drive Charging Station Subsidy Complete Details - Mvs Auto Telugu,MVS AUTO Telugu,Ev auto ki government subacide vunda in ap,2026-05-26T16:32:15Z,0,Neutral,0.7791574597358704,Neutral
UgwgoOkTiPnetKXRnmd4AaABAg,4hIBd2RovNE,Pm E drive Charging Station Subsidy Complete Details - Mvs Auto Telugu,MVS AUTO Telugu,Bro then we can't use this scheme waste right,2026-06-10T06:11:28Z,2,Negative,0.8314104676246643,Negative
UgztK2LWgUlaP9JxFCt4AaABAg,4hIBd2RovNE,Pm E drive Charging Station Subsidy Complete Details - Mvs Auto Telugu,MVS AUTO Telugu,Application details cheppandi,2026-08-09T04:37:54Z,0,Neutral,0.7633012533187866,Neutral
UgzlKwzL-K0iaBQI9vF4AaABAg,4hIBd2RovNE,Pm E drive Charging Station Subsidy Complete Details - Mvs Auto Telugu,MVS AUTO Telugu,Govts thinadaniki baga try chestundi ani telustundi bro,2026-06-11T16:42:56Z,0,Neutral,0.7578801512718201,Neutral
UgzNElpHnFz-BHXLFkJ4AaABAg,4hIBd2RovNE,Pm E drive Charging Station Subsidy Complete Details - Mvs Auto Telugu,MVS AUTO Telugu,Ev bike Pm e drive subsidy present showroom lo ivatam ledu Enduku.July 31 st is the last date for two wheelers.,2026-07-16T01:09:36Z,0,Neutral,0.8584669828414917,Neutral
UgwCEcUFovLS4M98xAN4AaABAg,4hIBd2RovNE,Pm E drive Charging Station Subsidy Complete Details - Mvs Auto Telugu,MVS AUTO Telugu,Avi anni sites lo unnayi anthe ground lo companies dhagariki velte thelustadhi subsidy vasthundha ledha ani... Subsidy ista anadam ok till now entha members ki icharu asal...ye company ki approach ayina no subsidy antunaru,2026-08-06T08:10:41Z,0,Neutral,0.765304684638977,Neutral
Ugzu3HT5ortAEhlTHMh4AaABAg,hYLYP0Bz8jg,"Centre Likely To Extend PM E-Drive Subsidy For E2W, E3W Beyond March Deadline",Business Today,Oil companies had subsidy for 80 years 😅,2026-03-28T14:58:09Z,1,Neutral,0.6712683439254761,Neutral
UgzjR9rsCrjp4l7HY-t4AaABAg,hYLYP0Bz8jg,"Centre Likely To Extend PM E-Drive Subsidy For E2W, E3W Beyond March Deadline",Business Today,Koi mujhe Help karega PM E drive scheme ke liye apply karne keliye. Mein EV station lagana chahta hu.,2026-03-29T16:35:09Z,1,Neutral,0.8309619426727295,Neutral
UgzwNVCRSEXVTJy3kih4AaABAg,hYLYP0Bz8jg,"Centre Likely To Extend PM E-Drive Subsidy For E2W, E3W Beyond March Deadline",Business Today,They dont have clarity what they are doing.if you give money ans increase tax no only will.use.,2026-03-27T04:22:59Z,1,Negative,0.6583956480026245,Negative
UgziXeBLipZlqC11trR4AaABAg,hYLYP0Bz8jg,"Centre Likely To Extend PM E-Drive Subsidy For E2W, E3W Beyond March Deadline",Business Today,Achi baat hee 2030 tak subsidy doo...,2026-03-25T19:40:57Z,6,Neutral,0.7356681823730469,Neutral
Ugxz3KALWvk7YZf9teh4AaABAg,rlZ-YXDiQxM,"Rs 10,900 Crore PM E-Drive Scheme Replaces FAME II: No Subsidy On Electric Or Hybrid Cars",NDTV Profit,PHEKU E-Drive Scheme 🤣🤣🤣🤣,2024-09-16T21:17:20Z,2,Neutral,0.6155187487602234,Neutral
UgzyjWu81biNsfT6iMt4AaABAg,rlZ-YXDiQxM,"Rs 10,900 Crore PM E-Drive Scheme Replaces FAME II: No Subsidy On Electric Or Hybrid Cars",NDTV Profit,He has one legacy in politics he is one of the best administrators he can make possible many impossible things we can expect development in his period they have history to sculpture their names on black tiles in many government projects unfortunately hated by his natives only,2024-09-14T05:30:39Z,3,Positive,0.6732499599456787,Positive
UgwIYk4MY8GZcvMm0tZ4AaABAg,CEQGNjZJpFo,"Electric Cars Not Included, Subsidy On 2 Wheelers Reduced: PM E-Drive Scheme Details",NDTV Profit,One minister threatened ICE engines to extinction Other pushing back subsidies on EVs Total policy mayhem and gundagardi,2024-09-12T09:02:40Z,6,Negative,0.8562485575675964,Negative
Ugy5jV8nfKDJA0sjpK94AaABAg,CEQGNjZJpFo,"Electric Cars Not Included, Subsidy On 2 Wheelers Reduced: PM E-Drive Scheme Details",NDTV Profit,"BEV cars have not yet come to the mainstream, need more subsidy and eco system support.",2024-09-13T05:45:14Z,1,Neutral,0.5293678641319275,Neutral
UgyGUPtdSKsJQ7umqOV4AaABAg,CEQGNjZJpFo,"Electric Cars Not Included, Subsidy On 2 Wheelers Reduced: PM E-Drive Scheme Details",NDTV Profit,"Ambulances were not needed at this stage. Could easily have waited for EV batteries to get cheaper. They are not a large proportion of total vehicles on the road. Strange, niche focus. Probably to satisfy some minister's interest. Trucks can be pushed towards CNG+electric hybrids, to sharpy reduce emissions as well as noise in population areas. Pure battery electric will be too expensive and not enough range for trucks as of now. For hybrid trucks, specify a minimum EV mode range (can be small, like 25-30km) to help run in EV-only mode in residential areas. For Cars, there is a problem the government is not realising. EVs are hardly 2% of all new car sales, even less when you add used car sales. All the EV choice is in luxury cars. India needs to incentivise affordable EVs with total cost under 12-14Lacs, so that every automaker introduces EV models in this range. There is truly little choice of EVs in this segment and it is India's main price bracket for affordable cars. To avoid low range cars that will spoil EV reputation, restrict to min 25KWH battery. Subsidy can be Rs 3,000 per KWH capped at 1.2Lacs per car. It can be reviewed every year, and reduced or stopped once EVs are more than 10% of new car sales in this price segment. To avoid funding the rich, cars with final retail price of 14 or 15Lacs or above can be excluded from the subsidy.",2024-09-13T12:13:40Z,1,Neutral,0.5336334109306335,Neutral
UgwJ2Lhm2ESutP4hbZF4AaABAg,CEQGNjZJpFo,"Electric Cars Not Included, Subsidy On 2 Wheelers Reduced: PM E-Drive Scheme Details",NDTV Profit,"Let's clarify a few things here. 1. Unlike what the anchor is suggesting, the subsidy for e-2w hasn't really gone down. It had gone down last FY when FAME2 was replaced with EMPS scheme with a capped value of 10000 INR subsidy, now, it has been replaced with 5000 rs/kwh with a maximum of 10000INR subsidy per vehicle, most electric 2W already has 2 kwh or more battery capacity, so essentially the total subsidy remains the same. In the next year too, when the subsidy will further be reduced to 2500 rs/kwh at a capped value of 10000 rs/unit, even then the higher variants of Ola, Ather, TVS etc which already have approximatey 4 kwh battery packs will get the full 10000 rupess subsidy, only the lower variants with smaller pack will have reduced subsidy next year, but they are already cheaper. So, it's logical. 2. The electric cars were already not getting subsidy since FAME2 was revised, only the fleet cars were getting subsidies, now instead of focussing on fleet cars which basically serve one or two passenger, the focus is more on the buses(both intra and intercity), which will have more impact on emission as they carry much longer distance and many more passengers over their lifetime. the 2w and 3w EV industry has already matured in India and are already in a position to thrive without subsidies, the number says exactly that, everytime the subsidies went down in the recent past, the sales dropped for a while and then they rose back to the exact same level. Also, people are forgetting, instead for directly giving subsidies to the OEMs/vehicle at sales level a lot of indirect benefits are being given to the OEMs at manufacturing level in terms o PLI Scheme.",2024-09-12T18:32:15Z,0,Neutral,0.8537988066673279,Neutral
UgwWfnoBTomuCzxxCXd4AaABAg,hKYApY1KPjY,Pm E-Drive Scheme to Incentivize Electric Vehicles | Cabinet Approves New Ev Policy | News9,NEWS9 Live,This government do ntg for people,2024-09-13T12:19:20Z,1,Negative,0.9025371670722961,Negative
UgxlGQuslkydautWalR4AaABAg,hKYApY1KPjY,Pm E-Drive Scheme to Incentivize Electric Vehicles | Cabinet Approves New Ev Policy | News9,NEWS9 Live,subsidy Nahi aati 2 sal ho gye Mujhe ola le,2024-09-13T09:00:50Z,1,Neutral,0.7733638286590576,Neutral
Ugxrul74fdITX4ReCJ14AaABAg,4hZ47ibGh-k,Govt Approves New EV Policy To Replace FAME | All You Need To Know About PM E-Drive,NDTV Profit,Actually Gov should be focusing on Building EV infra. Like new petrol pumps should have dedicated EV charging stations including CNG dedicated pumps as well. This should be extended to highways specially wherein new pumps with compulsory EV charging station. Also should ensure new restaurant coming should have this Facility. This will significantly boost the sales since people are worried about charging during long drive not within city limits.,2024-09-12T07:47:54Z,16,Neutral,0.5580213665962219,Neutral
Ugx3UXyGIbHPdBwysnZ4AaABAg,4hZ47ibGh-k,Govt Approves New EV Policy To Replace FAME | All You Need To Know About PM E-Drive,NDTV Profit,"Every city petrol pump should have atleast one working fast charger, all highway petrol pumps should have 3 charging stations. All office, mall, market, public parkings should have dedicated EV parking with chargers. There you go, infrastructure set-up complete, through one 3 line policy.",2024-09-12T15:13:03Z,2,Neutral,0.6452637910842896,Neutral
UgxJlDefELUNtKGtzCF4AaABAg,4hZ47ibGh-k,Govt Approves New EV Policy To Replace FAME | All You Need To Know About PM E-Drive,NDTV Profit,"Compare these small amounts to Chinese infrastructure of EV you will know Govt is only doing very little with such small contributions, these are like half hearted attempts. EV needs atleast 10 times more money then 10,900 cr. Good step but too little by Modi ji.",2024-09-12T13:44:43Z,3,Negative,0.49584296345710754,Negative
Ugy3-mBsG0rE5ZSEiAV4AaABAg,4hZ47ibGh-k,Govt Approves New EV Policy To Replace FAME | All You Need To Know About PM E-Drive,NDTV Profit,Nothing of significance... nothing concrete... support was the key word... in what ways?... no one knows. The amount of 10k crore is rubbish.... No cost support for EVs which fame was giving.,2024-09-12T10:55:40Z,5,Negative,0.8384003639221191,Negative
UgzqiIyYiY__Tc30jY54AaABAg,4hZ47ibGh-k,Govt Approves New EV Policy To Replace FAME | All You Need To Know About PM E-Drive,NDTV Profit,Instead of incentives govt should take initiative of mega manufacturing plants like china did and proved the world,2024-09-13T10:36:52Z,1,Neutral,0.7227568626403809,Neutral
UgwXuwK3KOEimPbW7Ft4AaABAg,4hZ47ibGh-k,Govt Approves New EV Policy To Replace FAME | All You Need To Know About PM E-Drive,NDTV Profit,Natural disaster strikes and all govt.employees stuck due to no electricity 😂,2024-09-15T03:14:39Z,1,Negative,0.8560912013053894,Negative
UgwxMgBnJ89xPU3mEu54AaABAg,4hZ47ibGh-k,Govt Approves New EV Policy To Replace FAME | All You Need To Know About PM E-Drive,NDTV Profit,Govt should promote swappable Aluminum Air battery. These can be stored at existing petrol pumps. Much easier than setting up recharging infrastructure.,2024-09-12T09:37:55Z,0,Positive,0.4873131811618805,Positive
UgyqA1KjlbHmusrXdZ94AaABAg,4hZ47ibGh-k,Govt Approves New EV Policy To Replace FAME | All You Need To Know About PM E-Drive,NDTV Profit,"The brilliance is skipping cars from FAME, cause Chinese companies were about to launch a lot. Din't want to pay china.",2024-09-12T09:56:24Z,5,Neutral,0.5215069055557251,Neutral
UgxF5fbZjYy3gc9Eyth4AaABAg,4hZ47ibGh-k,Govt Approves New EV Policy To Replace FAME | All You Need To Know About PM E-Drive,NDTV Profit,"Useless policy, what about cars ???? Without ev cars e drive possible 😅😅",2024-09-12T11:25:39Z,0,Negative,0.8777590394020081,Negative
UgxVv4Pj57hmVWRsT0t4AaABAg,4hZ47ibGh-k,Govt Approves New EV Policy To Replace FAME | All You Need To Know About PM E-Drive,NDTV Profit,overall it's shitty schemes.....,2024-09-12T16:37:15Z,0,Negative,0.9250224828720093,Negative
UgxqMcp8z4hxcQ5rWvN4AaABAg,4hZ47ibGh-k,Govt Approves New EV Policy To Replace FAME | All You Need To Know About PM E-Drive,NDTV Profit,Charger shares in india- monopoly - exicom Short - servotect power,2024-09-13T06:05:03Z,0,Neutral,0.9033228158950806,Neutral
UgwNlRoxMZGeltEZZEV4AaABAg,RhB8QtVKwrY,PM E-Drive Scheme: Boosting Electric Vehicles in India | All You Need to Know,Boss Wallah (English),"There is no need of giving any subsidies just wave the tax on electric vehicles like Telangana Govt, where 14% life tax is imposed on new vehicle purchase",2024-11-26T09:30:06Z,4,Neutral,0.5219634175300598,Neutral
Ugy3t_XZVg0oHrX3IlB4AaABAg,RhB8QtVKwrY,PM E-Drive Scheme: Boosting Electric Vehicles in India | All You Need to Know,Boss Wallah (English),Ev two wheeler low speed vehicles (non registered) ki kuda subsidy vastundaa,2024-12-02T13:10:01Z,0,Neutral,0.7171622514724731,Neutral
Ugzg3RuBgUDaWsCvUzx4AaABAg,RhB8QtVKwrY,PM E-Drive Scheme: Boosting Electric Vehicles in India | All You Need to Know,Boss Wallah (English),Is the policy so game changing that EV sales have come to a near speed braker?,2024-11-29T01:51:30Z,2,Neutral,0.7791277766227722,Neutral
Ugy4LTe2YMdykaRP_Gx4AaABAg,RhB8QtVKwrY,PM E-Drive Scheme: Boosting Electric Vehicles in India | All You Need to Know,Boss Wallah (English),"Tell me one thing. If Inwant to buy an EV car, say tiaggo from Tata or Mahindra Ev, How much subsidy will I get ?",2024-12-03T03:15:17Z,0,Neutral,0.8289321660995483,Neutral
Ugy-fHzpJoVd6X86CvR4AaABAg,RhB8QtVKwrY,PM E-Drive Scheme: Boosting Electric Vehicles in India | All You Need to Know,Boss Wallah (English),Is der any subsidy on bajaj chetak ev,2024-11-30T16:20:08Z,0,Neutral,0.8595433235168457,Neutral
UgwHwbAXzDKsGTfD-m94AaABAg,NDq9mWHSXOs,PM E Drive Scheme  #jpsc #upsc #bpsc #cabinetdecisions #ccea #evehicle #battey,आशा,This scheme aims to increase the market share of e_2-Wheelers & e_3-Wheelers by 10% & 15% respectively by March 2025.,2024-09-15T03:30:00Z,0,Neutral,0.6246891617774963,Neutral
Ugwn09ql2hwbTjKXhVB4AaABAg,NDq9mWHSXOs,PM E Drive Scheme  #jpsc #upsc #bpsc #cabinetdecisions #ccea #evehicle #battey,आशा,Subsidy amounting Rs. 10 k & 50 k will be provided for 2 - wheelers & 3- wheelers respectively till March 2025. Subsidy for 3- wheelers will be Rs. 25 k from April 2025.,2024-09-15T03:27:33Z,0,Neutral,0.9155044555664062,Neutral
UgwgJn5GqF4pOaay5aV4AaABAg,gjY7SzjiX10,EVs Getting Expensive? 0% Road Tax ENDS! 🚨 | PM E Drive Extended &amp; Simple One Family Scooter,Green Ride,"Very good info! , can you please make a video about 2-wheeler EV charging protocols and charging network state as of now (important if home-charging is unavailable)? What I understand is: only Ather has a good charging network (earlier free, now costs Rs. 1/min). Vida uses the same protocol and CAN technically charge on Ather network (there was some feedback that Ather prioritises their own vehicles). Raptee (T30?) is the only Indian 2-wheeler EV that supports standard DC fast charging protocol and port (you had made a sorry video about it), right? Any other vehicle upcoming that supports the same? Basically, the charging protocol and network is the only reason I'm not comfortable buying a River Indie! Please do share and educate about this.",2026-04-05T08:36:57Z,0,Positive,0.6772193312644958,Positive
Ugy5JZSQ_kvQlKodnAV4AaABAg,gjY7SzjiX10,EVs Getting Expensive? 0% Road Tax ENDS! 🚨 | PM E Drive Extended &amp; Simple One Family Scooter,Green Ride,We should have increased ev subsidies because things going on in middle east,2026-04-05T10:59:09Z,2,Neutral,0.6992995738983154,Neutral
UgzG-yuxbUmg8J03SAF4AaABAg,gjY7SzjiX10,EVs Getting Expensive? 0% Road Tax ENDS! 🚨 | PM E Drive Extended &amp; Simple One Family Scooter,Green Ride,"EV SCOOTERS are as such ""very expensive"" if Honda Activa 125cc H-SMART is available @ Rs1.22 L in Mumbai, Ather Rizta -Z with IDC range of 151kms costs approx Rs1.90L+ despite Rs5K subsidy by Central Government & Rs10k subsidy by State Government..",2026-04-05T15:31:31Z,2,Negative,0.5824394226074219,Negative
UgyaflUOhYxVSbaghg14AaABAg,gjY7SzjiX10,EVs Getting Expensive? 0% Road Tax ENDS! 🚨 | PM E Drive Extended &amp; Simple One Family Scooter,Green Ride,"Do you know these super chargers consume 100kv power to charge one car? This will lead to load shedding, buring of transformers.",2026-04-05T20:29:32Z,0,Negative,0.7507717609405518,Negative
UgzxLukVhscDNyaKwep4AaABAg,gjY7SzjiX10,EVs Getting Expensive? 0% Road Tax ENDS! 🚨 | PM E Drive Extended &amp; Simple One Family Scooter,Green Ride,Central Govt - giving subsidy for environmental friendly Karnataka Congress govt - increasing tax on EVs to be Gandhi friendly,2026-04-05T07:11:49Z,14,Neutral,0.7391776442527771,Neutral
Ugz2Arymwwpbwmh7CVh4AaABAg,ZhIbOYZKkKQ,क्या होती है  PM E-DRIVE Scheme? Full Details | Paisa LIVE,Paisa LIVE,"Govt. Ki koi schemes koi genuine, sahi person tak nahi mil saki aaj tak aur naa hee milengi. Corruption wahi ki wahi hai waha finish honi chahiyia",2025-03-30T21:15:19Z,0,Negative,0.5018602609634399,Negative
Ugy8Ex831BU5qyKwxPR4AaABAg,ZhIbOYZKkKQ,क्या होती है  PM E-DRIVE Scheme? Full Details | Paisa LIVE,Paisa LIVE,Koi subsidy nahi mil rahi kisi sahi jaruratmand koo,2025-03-30T21:15:58Z,0,Neutral,0.7802748680114746,Neutral
UgzHnak9F7HuTDqG7Ft4AaABAg,mVOSQdtm5cs,PM E DRIVE SCHEME   Electric Scooter Subsidy Update   MVS Auto Telugu,MVS AUTO Telugu,Anna showroom vallu subsidy petti bike price increase chese avakasam unda alanti scam jaguthunda iqube price alane undi including subsidy,2026-08-13T17:58:01Z,0,Neutral,0.5431326031684875,Neutral
Ugy8au2pILB19sb1Y5l4AaABAg,mVOSQdtm5cs,PM E DRIVE SCHEME   Electric Scooter Subsidy Update   MVS Auto Telugu,MVS AUTO Telugu,OBEN ROR EVO KO SUBSIDY UNDA,2026-08-13T18:21:14Z,0,Neutral,0.8406020402908325,Neutral
UgzuhIxlVc57VTSEbqF4AaABAg,mVOSQdtm5cs,PM E DRIVE SCHEME   Electric Scooter Subsidy Update   MVS Auto Telugu,MVS AUTO Telugu,Ultraviolet x47 pro ki kuda subsidy vastundha,2026-08-13T13:22:53Z,1,Neutral,0.8000496625900269,Neutral
Ugza5FbRlAx755edJUZ4AaABAg,mVOSQdtm5cs,PM E DRIVE SCHEME   Electric Scooter Subsidy Update   MVS Auto Telugu,MVS AUTO Telugu,"అసలు 1.5 పెట్టి ev బండి కొనేవాడికి ఇవ్వాల్సిన subsidy 5000 velaa ,,govt కి పెట్రోల్ సంస్థల బాగు కావాలి గానీ EV devolapment కాదు అని స్పష్టం గ తెలుస్తోంది ,, ev, ఛార్జింగ్ స్టేషన్ అందుబాటులో ఉండవ్ గతం తో పోలిస్తే ఫర్లేదు కానీ సరిపోదు అయినా కూడా పెట్రోల్ రేట్ పెరుగుతూనే ఉంది కానీ సోలార్ , ev లను ప్రోత్శాహించదు మీరు కొనే బండి EV అయితే ఇదిగో రోడ్ టాక్స్ లాంటి charges తీసేస్తే ఏంటో మంది పెట్రోల్ నుండి EV వస్తారు కానీ govt చేయదు చేస్తే ఇతర దేశాలా నుండి ముడి చమురు దిగుమతి చేసుకోవాలిగా మన దేశంలో అందుబాటులో ఉన్న సౌరశక్తి ,, లిథియం ;లాంటి వాటితో శిలాజ ఇంధనాలపై ఆధార పడకుండా చేయటం మన దేశానికి ప్రభుత్వానికి అవసరమే లేదు",2026-08-13T18:52:17Z,2,Neutral,0.7726131081581116,Neutral
UgzSP4k0yMwUKvdbwRx4AaABAg,m5OHvCLQW_k,PM E DRIVE SUBSIDY EXTENDED | SIMPLE ENERGY FAMILY SCOOTER UPDATE,Dil Toota Biker,Bhai delhi ki state policy kya chal rahi h abhi uske bare me btao delhi ev policy 2.0 apply hone wali thi na 1 April se hui ya nahi or kya h uske andar,2026-04-02T11:23:09Z,0,Neutral,0.815057635307312,Neutral
UgxmhmBjR9eyyZfDrtJ4AaABAg,m5OHvCLQW_k,PM E DRIVE SUBSIDY EXTENDED | SIMPLE ENERGY FAMILY SCOOTER UPDATE,Dil Toota Biker,"El platform 31 July ( subsidy ending time ) se phle aa jaye to achha hai , I m waiting 😮",2026-04-02T07:46:20Z,4,Neutral,0.5504644513130188,Neutral
UgzkZXGfdeYrkW2CrF94AaABAg,m5OHvCLQW_k,PM E DRIVE SUBSIDY EXTENDED | SIMPLE ENERGY FAMILY SCOOTER UPDATE,Dil Toota Biker,"Due to financial year closure, the disbursement is stopped. Sorry for the inconvenience Bhai ye dekha rha hai... kya mujhe subsidy milega agr milega to kab milega ... Me March 20 ko apply Kiya tha....",2026-04-13T06:38:44Z,0,Negative,0.646228015422821,Negative
UgxJl3leyRJQin0z5494AaABAg,m5OHvCLQW_k,PM E DRIVE SUBSIDY EXTENDED | SIMPLE ENERGY FAMILY SCOOTER UPDATE,Dil Toota Biker,Kya koi nayi subsidy ayegi kya,2026-04-02T09:49:27Z,0,Neutral,0.8156017065048218,Neutral
UgxwUzbLFKaXxvxSh0J4AaABAg,m5OHvCLQW_k,PM E DRIVE SUBSIDY EXTENDED | SIMPLE ENERGY FAMILY SCOOTER UPDATE,Dil Toota Biker,Bhai muje subsidy nahi mila... ather rizta z pe....marese from bharke showroom vale ne paisa khaya lagta hai,2026-04-05T07:26:02Z,0,Neutral,0.8001658916473389,Neutral
UgwGVzWkt-mn--SEev94AaABAg,YpP-eOjIQwU,ఎలక్ట్రిక్ స్కూటర్లకు కేంద్రం గుడ్‌న్యూస్.. PM E-DRIVE పథకం 2028 వరకు పొడిగింపు,ETV Andhra Pradesh,Fraud company has eaten government money shame on this scheme and a huge failure on part of realted ministry.,2026-08-11T23:33:49Z,2,Negative,0.9306129217147827,Negative
Ugyqdr0wBgGVbQn_6Bd4AaABAg,DI1jzgUJdbY,Government Approves 135 EV Charging Stations Under PM E-Drive Scheme,ETV Andhra Pradesh,"All over city's, high ways ev charging station",2026-03-10T07:35:03Z,0,Neutral,0.8341764807701111,Neutral
UgxqjouO9lXFff54dPt4AaABAg,b6QuEhuoLhc,"Electric vehicle subsidy explanation, best electric , ola s1 pro #electricvehicle #electricscooter",Dil Toota Biker,Not 15k/ kw it's 5k/kw n u won't get any subsidy if ur e two wheeler has battery pack more than 5kw,2025-08-07T12:07:02Z,16,Neutral,0.5954455137252808,Neutral
Ugyt7Haf9Z1BtEHqcOx4AaABAg,b6QuEhuoLhc,"Electric vehicle subsidy explanation, best electric , ola s1 pro #electricvehicle #electricscooter",Dil Toota Biker,Wb mai rehate hai a subsidy kaise claim kare ??,2026-06-30T02:26:49Z,0,Neutral,0.71354079246521,Neutral
UgxYN89i3xk27kXQJ4l4AaABAg,b6QuEhuoLhc,"Electric vehicle subsidy explanation, best electric , ola s1 pro #electricvehicle #electricscooter",Dil Toota Biker,Bihar govt kya subsidy deti h,2026-08-24T08:26:13Z,0,Neutral,0.721219539642334,Neutral
UgwL15xnzCeARX7LVyR4AaABAg,b6QuEhuoLhc,"Electric vehicle subsidy explanation, best electric , ola s1 pro #electricvehicle #electricscooter",Dil Toota Biker,Agar up state ki subsidy application pending dikha raha ho to uske liye kya karna hoga,2025-05-21T12:59:35Z,0,Neutral,0.7768288254737854,Neutral
UgxCKud1LLpMPbGYBUp4AaABAg,b6QuEhuoLhc,"Electric vehicle subsidy explanation, best electric , ola s1 pro #electricvehicle #electricscooter",Dil Toota Biker,Delhi ncr me kaise kre state subsidy ke liye,2023-12-31T01:42:14Z,2,Neutral,0.8268952965736389,Neutral
UgzZauqeZ4Yg2-U-qXJ4AaABAg,b6QuEhuoLhc,"Electric vehicle subsidy explanation, best electric , ola s1 pro #electricvehicle #electricscooter",Dil Toota Biker,State subsidy ke liye apply kaha kare,2025-05-06T05:58:59Z,1,Neutral,0.7618168592453003,Neutral
UgzfJk0XLa1-UfFRc0p4AaABAg,b6QuEhuoLhc,"Electric vehicle subsidy explanation, best electric , ola s1 pro #electricvehicle #electricscooter",Dil Toota Biker,Bihar state subsidy bhrne me mujhe log in krne pe aisa likh rha h OEM is not not approved iska kya matlab h mujhe kya krni chaiye,2025-11-04T13:55:00Z,0,Negative,0.4971344470977783,Negative
UgxygV3joFyiAAnJn8x4AaABAg,b6QuEhuoLhc,"Electric vehicle subsidy explanation, best electric , ola s1 pro #electricvehicle #electricscooter",Dil Toota Biker,Lekin Ather ka subsidy to kahatm hua h Kya?,2026-07-27T11:50:06Z,0,Neutral,0.8989582061767578,Neutral
UgwxCo-a8xXpQtbRLEh4AaABAg,b6QuEhuoLhc,"Electric vehicle subsidy explanation, best electric , ola s1 pro #electricvehicle #electricscooter",Dil Toota Biker,Up me subsidy meligiya nahi,2023-09-20T06:00:45Z,0,Neutral,0.6864240169525146,Neutral
Ugzzuyvp97IKs1GUgjx4AaABAg,b6QuEhuoLhc,"Electric vehicle subsidy explanation, best electric , ola s1 pro #electricvehicle #electricscooter",Dil Toota Biker,Kese milega State subsidy,2024-09-24T13:54:42Z,0,Neutral,0.7736464142799377,Neutral
Ugzbm6Ot3Xv5o9WCZpd4AaABAg,b6QuEhuoLhc,"Electric vehicle subsidy explanation, best electric , ola s1 pro #electricvehicle #electricscooter",Dil Toota Biker,To kya dono subsidy ek sath mil jati hai ya koi ek milti hai,2023-09-28T11:25:07Z,5,Neutral,0.790709376335144,Neutral
UgwxnJQDvl6raEtuxVh4AaABAg,b6QuEhuoLhc,"Electric vehicle subsidy explanation, best electric , ola s1 pro #electricvehicle #electricscooter",Dil Toota Biker,XUV 40p. Ko subsidy milegi ki nhi,2023-01-20T17:57:10Z,0,Neutral,0.8065313100814819,Neutral
Ugx8D7D7vEDxCx4F8fR4AaABAg,b6QuEhuoLhc,"Electric vehicle subsidy explanation, best electric , ola s1 pro #electricvehicle #electricscooter",Dil Toota Biker,Mere ko EV gadi bglor mai chaLANI AE n subsidy chandigarh ki state subsidy Kene ae tou 1. Can I buy in bglor from bglor dealer n register in chandigarh n get subsidy or not 2. But in chandigarh from Chandigarh dealer only and get subsidy n move car via container or transport to bglor CAN U HELP WITH THIS SITUATION,2023-10-27T11:40:00Z,1,Neutral,0.8193380832672119,Neutral
UgxmBKGqnXmhx1Z7IRR4AaABAg,b6QuEhuoLhc,"Electric vehicle subsidy explanation, best electric , ola s1 pro #electricvehicle #electricscooter",Dil Toota Biker,Punjab government subsidy deti hai ya nahi pl reply??,2026-04-28T06:15:07Z,0,Neutral,0.7297884821891785,Neutral
UgyqfsVm2o4C60dbS5R4AaABAg,b6QuEhuoLhc,"Electric vehicle subsidy explanation, best electric , ola s1 pro #electricvehicle #electricscooter",Dil Toota Biker,Car 4 wheeler mae subsidy miltai hae?,2024-06-12T23:28:24Z,0,Neutral,0.8293172121047974,Neutral
UgwnBN48C-EvigDOXll4AaABAg,b6QuEhuoLhc,"Electric vehicle subsidy explanation, best electric , ola s1 pro #electricvehicle #electricscooter",Dil Toota Biker,Bhai emi pe li hui ola par subsidy milegi?,2024-01-23T13:00:40Z,0,Neutral,0.8099426031112671,Neutral
UgyBtmoNul6zlT64deV4AaABAg,b6QuEhuoLhc,"Electric vehicle subsidy explanation, best electric , ola s1 pro #electricvehicle #electricscooter",Dil Toota Biker,Kya eligibility h subsidy pane ke liye???,2026-08-30T03:43:53Z,0,Neutral,0.7713600993156433,Neutral
UgxarSpIduQel-7VkyN4AaABAg,b6QuEhuoLhc,"Electric vehicle subsidy explanation, best electric , ola s1 pro #electricvehicle #electricscooter",Dil Toota Biker,Bhai dealer ne aisa kuch central subsidy main bill me minus nhi kiya,2026-06-05T09:58:24Z,0,Neutral,0.7355653643608093,Neutral
UgyTfgI3zPNiSMT-Xbd4AaABAg,b6QuEhuoLhc,"Electric vehicle subsidy explanation, best electric , ola s1 pro #electricvehicle #electricscooter",Dil Toota Biker,Ola Delhi subsidy pending 2 year se please make video,2024-10-10T15:36:18Z,0,Neutral,0.7352205514907837,Neutral
UgwyP5YwJC-2QwyRJgZ4AaABAg,b6QuEhuoLhc,"Electric vehicle subsidy explanation, best electric , ola s1 pro #electricvehicle #electricscooter",Dil Toota Biker,Bro mene 19/4/2026 Bajaj ev chetak purchased kia h bagga link delhi showroom se but muje to sirf abhi invoice less 5000/ E PM drive ke mile pls thoda btao hum kse delhi State govt se kse apna subsidy or incentive le pls thoda guide kijye nd apni subsidy apply kse kro 🙏 shoroom wale to State govt ki subsidy ka koi kuch bta hi nhi rhe h bol rhe h hum kuch nhi pta h milga ya nhi delhi govt subsidy ka ...pls kuch help kro,2026-07-25T18:00:58Z,2,Neutral,0.7804955244064331,Neutral
UgxhXki25tP3BS-amW94AaABAg,b6QuEhuoLhc,"Electric vehicle subsidy explanation, best electric , ola s1 pro #electricvehicle #electricscooter",Dil Toota Biker,State subsidy ke liye apply kaise karein,2023-05-02T11:55:55Z,15,Neutral,0.7615772485733032,Neutral
UgxWG3cQ3PMdoKx7OcZ4AaABAg,b6QuEhuoLhc,"Electric vehicle subsidy explanation, best electric , ola s1 pro #electricvehicle #electricscooter",Dil Toota Biker,Ola delhi subsidy pending 2 year,2024-11-03T18:03:50Z,0,Neutral,0.7751278281211853,Neutral
UgwM523ZFzOmJhJC-Et4AaABAg,b6QuEhuoLhc,"Electric vehicle subsidy explanation, best electric , ola s1 pro #electricvehicle #electricscooter",Dil Toota Biker,Ola fame 2 subsidy late 2 years ho gaye make a video,2025-04-08T19:59:16Z,3,Neutral,0.75576251745224,Neutral
UgwzTTR2-RrDcoRwyiB4AaABAg,b6QuEhuoLhc,"Electric vehicle subsidy explanation, best electric , ola s1 pro #electricvehicle #electricscooter",Dil Toota Biker,Sun na bhai kaha itna milta hai thoda mujhe dilwa dena agar itna subsidy nahi koi deta hai tho kaha ja k complain karu,2026-06-03T15:21:43Z,0,Neutral,0.685430645942688,Neutral
Ugx3eYWNJsPSUq2hqLl4AaABAg,b6QuEhuoLhc,"Electric vehicle subsidy explanation, best electric , ola s1 pro #electricvehicle #electricscooter",Dil Toota Biker,Bhaiya mere state mein state subsidy nahin mil raha hai Central subsidy mil raha hai sirf kya mein electric scooty dusra estate subsidy se lekar a sakta hun kya Bangal mei 115000 ka Bajaj Chetak mil raha hai aur Rajasthan Jaipur mein 94000 mein mil raha hai to kya mujhe fayda hoga,2024-07-21T18:51:58Z,0,Neutral,0.8145598769187927,Neutral
UgwcLqxLI4WIDjP0dMd4AaABAg,b6QuEhuoLhc,"Electric vehicle subsidy explanation, best electric , ola s1 pro #electricvehicle #electricscooter",Dil Toota Biker,Bhaiya meri subsidy reject show kr an account close show kr raha he bank me baat ki mene to wo bolre he sir apka account thik he or chalu he band nhi he or subsidy wale bolre he account close he pleees help,2023-04-24T06:28:57Z,1,Neutral,0.5449396371841431,Neutral
UgzC5gjK_e8zprbmokV4AaABAg,b6QuEhuoLhc,"Electric vehicle subsidy explanation, best electric , ola s1 pro #electricvehicle #electricscooter",Dil Toota Biker,Subsidy band ho gayi ye bolte hai,2025-08-08T11:20:27Z,0,Neutral,0.7016540169715881,Neutral
Ugym-_1VVHaK7DvQaOp4AaABAg,b6QuEhuoLhc,"Electric vehicle subsidy explanation, best electric , ola s1 pro #electricvehicle #electricscooter",Dil Toota Biker,Mai Jodhpur Rajasthan se hu mai Maine oct 2022 me ola s1li hai abhi tk mujhe state subsidy nhi mili Bhaiya mujhe state subsidy kaise milegi,2023-08-31T09:14:19Z,0,Neutral,0.8511900305747986,Neutral
UgzN1GpOP5HhVYI3nOl4AaABAg,b6QuEhuoLhc,"Electric vehicle subsidy explanation, best electric , ola s1 pro #electricvehicle #electricscooter",Dil Toota Biker,Bhai me Madhya Pradesh se hu me ola s1 lena chahta hu to subsidy hata ke kitne me milegi Madhya Pradesh (indore),2023-02-28T16:01:59Z,1,Neutral,0.8392133712768555,Neutral
UgzCR4llYFGDs7Gj8qV4AaABAg,b6QuEhuoLhc,"Electric vehicle subsidy explanation, best electric , ola s1 pro #electricvehicle #electricscooter",Dil Toota Biker,Hellow Aashiko bhai mera name real me Aashiq hi hai 1 sawal pu6na he aapko muje pasand aayi he river indie ev scooter to wo subsidy kat ke kitne me padenge uspe vidio banaye bhai jaan please ?!?!?!,2023-05-13T17:20:06Z,0,Neutral,0.8103700280189514,Neutral
UgwJ89R0lwVSo6AClSZ4AaABAg,b6QuEhuoLhc,"Electric vehicle subsidy explanation, best electric , ola s1 pro #electricvehicle #electricscooter",Dil Toota Biker,Ghuma fira k vahi rate lere govt Wale koi Subcidy Nahi Hai Sirf Show Ko Hai 1 lack 35 ki gaadi Kaha se lenge Log,2023-03-29T15:28:03Z,0,Neutral,0.7866851687431335,Neutral
UgyinNu95IAPTgrQiHt4AaABAg,b6QuEhuoLhc,"Electric vehicle subsidy explanation, best electric , ola s1 pro #electricvehicle #electricscooter",Dil Toota Biker,Kuch din pahle apply kiye hi subsidy ke liye kb tak account me aa jayega bro 1yr ho gya hi emi pay krte,2026-03-20T09:30:39Z,0,Neutral,0.7722017765045166,Neutral
UgxaIQuiv4o-0seKSqR4AaABAg,b6QuEhuoLhc,"Electric vehicle subsidy explanation, best electric , ola s1 pro #electricvehicle #electricscooter",Dil Toota Biker,55000 subsidy bhai galat information mt do,2025-04-23T12:29:38Z,0,Neutral,0.8117486238479614,Neutral
UgzXel_8ql-vhxqV_Q14AaABAg,b6QuEhuoLhc,"Electric vehicle subsidy explanation, best electric , ola s1 pro #electricvehicle #electricscooter",Dil Toota Biker,"Bheya me Odisha ka hun,me ather ka 3.7 capacity battery liyatha jo ki uski model Ather 450x HR.Odiaha me 1 kwh me 5000 subsidy detehain .mera subsidy 18500 ane chahiye tha lekin mera 14500 aye hain .bheya kuch solution batao helpline number dijiye mera 4000 rupees km karke diya hain.",2023-11-11T03:11:10Z,0,Neutral,0.7126814126968384,Neutral
UgzpEcPIJqU4VmfA4qd4AaABAg,b6QuEhuoLhc,"Electric vehicle subsidy explanation, best electric , ola s1 pro #electricvehicle #electricscooter",Dil Toota Biker,"1 saal hone vala hai abhi tak subsidy nahi ayi meri,Ather 450X li thi mene",2023-12-06T16:22:55Z,0,Neutral,0.7377122640609741,Neutral
UgzzUrmqjn56tq0VM0N4AaABAg,b6QuEhuoLhc,"Electric vehicle subsidy explanation, best electric , ola s1 pro #electricvehicle #electricscooter",Dil Toota Biker,Bhai Subsidy ke liye kya karna hota h,2024-03-13T21:57:34Z,2,Neutral,0.7685561180114746,Neutral
UgxdR4gp_d5KqSY7-Yp4AaABAg,b6QuEhuoLhc,"Electric vehicle subsidy explanation, best electric , ola s1 pro #electricvehicle #electricscooter",Dil Toota Biker,how to get subsidy on revolt bike,2025-08-09T08:38:07Z,0,Neutral,0.7741551399230957,Neutral
UgzBpvO8ipXQ-EkoTpp4AaABAg,b6QuEhuoLhc,"Electric vehicle subsidy explanation, best electric , ola s1 pro #electricvehicle #electricscooter",Dil Toota Biker,Vai.. me odisha se hun.. aur odisha me 20000 ki subsidy milni chahiye.. lekin mujhe sirf 5000 hi mila hai... Baki ke paise kaise milenge aur kahan complain karni chahiye.. plzz bataye..,2023-06-05T11:06:30Z,0,Neutral,0.6095290184020996,Neutral
UgzOD2B4B9IVyLpIaXd4AaABAg,b6QuEhuoLhc,"Electric vehicle subsidy explanation, best electric , ola s1 pro #electricvehicle #electricscooter",Dil Toota Biker,Gujarat state ka subsidy chalu hai ki nahi? Kese Jane?,2024-01-23T13:38:55Z,0,Neutral,0.8317425847053528,Neutral
Ugz6LIPwZBLotjMBUXh4AaABAg,b6QuEhuoLhc,"Electric vehicle subsidy explanation, best electric , ola s1 pro #electricvehicle #electricscooter",Dil Toota Biker,"bhai maine electric scooter le li hai but mujhe koi subsidy nhi mili, abhi claim kr sakta hu kya? agar haa to kaise?",2024-05-22T06:35:23Z,0,Neutral,0.7050774693489075,Neutral
UgxTmofkpUjDY8FPkvZ4AaABAg,b6QuEhuoLhc,"Electric vehicle subsidy explanation, best electric , ola s1 pro #electricvehicle #electricscooter",Dil Toota Biker,Ola s1air mestate subsidy kitna milegi..? Pls suggest,2023-07-01T14:21:43Z,0,Neutral,0.696816086769104,Neutral
UgxY4sAIcPCiCG7ryGN4AaABAg,b6QuEhuoLhc,"Electric vehicle subsidy explanation, best electric , ola s1 pro #electricvehicle #electricscooter",Dil Toota Biker,State gv ki subsidy ke liye apply karte time rc me kya original rc ki hi photo lagti hai jisme stamp laga hota hai ya for downloaded rc bhi chalegi?(jisne stamp nhi laga hota). Please reply very soon. Thank you.,2026-03-05T12:42:12Z,0,Neutral,0.8343419432640076,Neutral
UgxXkqIVB1l9nfJ9krl4AaABAg,b6QuEhuoLhc,"Electric vehicle subsidy explanation, best electric , ola s1 pro #electricvehicle #electricscooter",Dil Toota Biker,State subsidy kaise claim krna h,2022-10-02T11:18:33Z,2,Neutral,0.7736361622810364,Neutral
UgwAEV75BgOO2dSgOAV4AaABAg,b6QuEhuoLhc,"Electric vehicle subsidy explanation, best electric , ola s1 pro #electricvehicle #electricscooter",Dil Toota Biker,Can we claim both subsidy?,2023-10-24T19:54:15Z,1,Neutral,0.8865873217582703,Neutral
UgysdA70pn_MeAdfLMR4AaABAg,b6QuEhuoLhc,"Electric vehicle subsidy explanation, best electric , ola s1 pro #electricvehicle #electricscooter",Dil Toota Biker,Bhai main Rajasthan seh hoon Main aether 450x gen 3 Lene ki sooch rha hoon showroom price 1.6 lakh hai Mujhe subsidy(discount) kitna milega,2023-01-24T16:00:08Z,1,Neutral,0.8592212796211243,Neutral
UgxwKXfCIgUFCdEXhHF4AaABAg,Tp5TW0Ie-Rk,Fame India Scheme | fame 2 Incentives | Fame Subsidy Explained,Electric Vehicles India,"So if I buy any electric li-ion 2 wheeler, I can opt for subsidy right considering battery power above 1kwh?",2019-05-22T21:25:05Z,0,Neutral,0.8612107038497925,Neutral
UgyhPJnzfxERHBnewUx4AaABAg,Tp5TW0Ie-Rk,Fame India Scheme | fame 2 Incentives | Fame Subsidy Explained,Electric Vehicles India,How to known subsidies deduct our invoice bills onroad or showroom prices,2019-10-24T14:09:07Z,0,Neutral,0.6208770871162415,Neutral
UgyQfdz3aO_JOr8bwlV4AaABAg,Tp5TW0Ie-Rk,Fame India Scheme | fame 2 Incentives | Fame Subsidy Explained,Electric Vehicles India,"Thank you for this information. What I have to do to avail subsidy through Fame India Phase ii scheme to buy four wheeler for CAB service ( Ola, Uber ) in Kolkata ?",2019-11-08T01:59:21Z,0,Neutral,0.8153108954429626,Neutral
UgwYul-01Xrv80iP5-l4AaABAg,Tp5TW0Ie-Rk,Fame India Scheme | fame 2 Incentives | Fame Subsidy Explained,Electric Vehicles India,In gujarati there is no any subsidy in electric vehicle,2019-08-03T04:43:30Z,0,Neutral,0.6015264987945557,Neutral
UgxOL3lUXirqUXouSrd4AaABAg,Tp5TW0Ie-Rk,Fame India Scheme | fame 2 Incentives | Fame Subsidy Explained,Electric Vehicles India,Which is the best electric scooter to buy and how to opt subsidy,2019-04-06T13:20:28Z,1,Neutral,0.6399064660072327,Neutral
UgybU-uj8sZxGhG6pUt4AaABAg,Tp5TW0Ie-Rk,Fame India Scheme | fame 2 Incentives | Fame Subsidy Explained,Electric Vehicles India,First of all develop electric vehicle charging station in all states of India fast.,2019-04-10T14:01:48Z,1,Neutral,0.6749288439750671,Neutral
UgySg9pX6SE1zarULRZ4AaABAg,5Zuh0jMRabE,FAME 3 Scheme Is Here!⚡ #shorts #fame3 #scheme #electric #ev #electricvehicle #informative #cars24,Cars24,"Strong and plug-in hybrid should be encouraged in India, that's the best option at the moment for us, this will give enough time to improve charging infrastructure",2023-12-25T17:35:48Z,24,Positive,0.8833842277526855,Positive
UgwXE4eGaVwEm0vY76d4AaABAg,5Zuh0jMRabE,FAME 3 Scheme Is Here!⚡ #shorts #fame3 #scheme #electric #ev #electricvehicle #informative #cars24,Cars24,Hybrid cars ko b add karna chaiye isme Subsidy na hi sahi par thode taxes kam kr skte hain hybrid par jisme 50-50 electric fuel ho yaani ki strong hybrid par usse automatically prices 3-4 lakh kam ho jaenge,2023-12-09T05:05:42Z,7,Neutral,0.8048006892204285,Neutral
UgwvzzGLguvPzZCk08d4AaABAg,5Zuh0jMRabE,FAME 3 Scheme Is Here!⚡ #shorts #fame3 #scheme #electric #ev #electricvehicle #informative #cars24,Cars24,It would be rapid growth in ev If the existing fuel stations installed the charging stations...,2024-08-05T06:26:10Z,2,Positive,0.546488881111145,Positive
Ugxz19OQnmTxvMbQe694AaABAg,5Zuh0jMRabE,FAME 3 Scheme Is Here!⚡ #shorts #fame3 #scheme #electric #ev #electricvehicle #informative #cars24,Cars24,Speed of built of charging infrastructure at war level,2023-12-09T13:36:50Z,1,Neutral,0.746074378490448,Neutral
UgyYUF7JRaWRn0rjOYp4AaABAg,5Zuh0jMRabE,FAME 3 Scheme Is Here!⚡ #shorts #fame3 #scheme #electric #ev #electricvehicle #informative #cars24,Cars24,Kolkata main subsidy nehi hai,2024-06-24T15:53:51Z,0,Neutral,0.7971057891845703,Neutral
UgwiZDUs2iBLlxvgzpl4AaABAg,5Zuh0jMRabE,FAME 3 Scheme Is Here!⚡ #shorts #fame3 #scheme #electric #ev #electricvehicle #informative #cars24,Cars24,Vaise subsidy Kam hogyi h jo 2W pe 60k milta tha vo 22k milta h,2024-01-24T03:49:07Z,0,Neutral,0.824821412563324,Neutral
Ugw2AatICewaK_HSopJ4AaABAg,5Zuh0jMRabE,FAME 3 Scheme Is Here!⚡ #shorts #fame3 #scheme #electric #ev #electricvehicle #informative #cars24,Cars24,Fame 3 for hydrogen will not work should be limited to ev only for hydrogen they should bring separately And two wheeler pe baise bhi jhatka de diya but still running on its own will keep running 😊,2024-01-04T17:07:30Z,0,Neutral,0.6685272455215454,Neutral
UgxB3s3-ptmWbwpL-X94AaABAg,5Zuh0jMRabE,FAME 3 Scheme Is Here!⚡ #shorts #fame3 #scheme #electric #ev #electricvehicle #informative #cars24,Cars24,Why govt is not promoting hybrid vehicles ?,2023-12-11T19:19:17Z,5,Neutral,0.6099290251731873,Neutral
UgzdDI_OjIBswnJ5p1R4AaABAg,5Zuh0jMRabE,FAME 3 Scheme Is Here!⚡ #shorts #fame3 #scheme #electric #ev #electricvehicle #informative #cars24,Cars24,Can we wait for fame 3 subsidy to purchase EV scooter,2024-03-14T05:29:06Z,0,Neutral,0.823204517364502,Neutral
UgzPIru-UIj1pjSyV7t4AaABAg,8J3tpKvNQRc,"Government subsidy for electric vehicles | FAME I, FAME II schemes",Owl WiS,Kon2 se State m kitne subsidy hai kyse pata kare,2024-04-04T07:06:57Z,0,Neutral,0.7738487720489502,Neutral
Ugykx8vtN-62600i6u54AaABAg,8J3tpKvNQRc,"Government subsidy for electric vehicles | FAME I, FAME II schemes",Owl WiS,Is this applicable in Telangana state even now?,2023-10-04T22:41:04Z,0,Neutral,0.9518857002258301,Neutral
UgxOgAeZV5GrZpW-0yZ4AaABAg,8J3tpKvNQRc,"Government subsidy for electric vehicles | FAME I, FAME II schemes",Owl WiS,Kya sare ev vehicle pe subsidy hai ya kuch particular varient m he,2024-04-04T07:07:33Z,0,Neutral,0.7745211124420166,Neutral
UgwrzeOhusVywbAItj94AaABAg,8J3tpKvNQRc,"Government subsidy for electric vehicles | FAME I, FAME II schemes",Owl WiS,Difference between fame 1 and 2???,2023-05-16T06:47:43Z,0,Neutral,0.9239843487739563,Neutral
UgwYbgIIcYd__vsD32l4AaABAg,TLlQGIGZv3E,What is FAME India Scheme? | Government Schemes for UPSC and other exams,Study Glows,I have booked Nexon EV. I'm from Karnataka. How do I apply for subsidy? Your help highly appreciated 🙏🏻,2020-12-02T14:51:50Z,0,Positive,0.6832005381584167,Positive
UgwDSDDYx-trPJzUiiR4AaABAg,TLlQGIGZv3E,What is FAME India Scheme? | Government Schemes for UPSC and other exams,Study Glows,Sir..there is a need to increase charging stations...and also to decrease the Price ...so that at least Middle families can afford these cars,2020-12-02T11:31:20Z,0,Neutral,0.6977653503417969,Neutral
UgxIIm3YQb0zs02IF4B4AaABAg,raYwQ5AKyrI,FAME EV scheme: What the CAG audit found | The Daily Brief Hindi,Markets by Zerodha Hindi,This is the mirror to the govt which is busy with e20 instead of ev infrastructure,2026-09-02T07:06:04Z,1,Negative,0.610964834690094,Negative
Ugzd7hNvp8ssrBBZTql4AaABAg,raYwQ5AKyrI,FAME EV scheme: What the CAG audit found | The Daily Brief Hindi,Markets by Zerodha Hindi,Mobile ka charger hi gayab ho gya h bhai. Ye to two wheeler h,2026-09-02T16:53:49Z,0,Neutral,0.8031307458877563,Neutral
Ugz3xmsHiXwxTUAyfsd4AaABAg,3DWFgNrFejs,Important Government Schemes - FAME India Scheme,Drishti IAS : English,Great ...sir... please cover the latest schemes as well,2020-06-20T10:19:55Z,1,Positive,0.9607112407684326,Positive
UgxYe4QLp35U6tGdM3V4AaABAg,3DWFgNrFejs,Important Government Schemes - FAME India Scheme,Drishti IAS : English,Fame india scheme mistak jarugutonde vereyfai chaind,2021-01-15T12:24:19Z,0,Neutral,0.6636922359466553,Neutral
UgxsPIYhHu3SwTAaQcJ4AaABAg,fUSygUWvN4o,What is FAME Subsidy for EVs in India | What is difference between FAME 1 and FAME 2 INDIA Scheme,Autogineer,Share your view on FAME Subsidy in comment section,2023-07-30T15:12:43Z,1,Neutral,0.8753377199172974,Neutral
UgwcyKiGdH-0rLq1mRB4AaABAg,fUSygUWvN4o,What is FAME Subsidy for EVs in India | What is difference between FAME 1 and FAME 2 INDIA Scheme,Autogineer,When fame 3 will come,2023-11-06T15:16:54Z,0,Neutral,0.6532495617866516,Neutral
Ugx_6Yfpzm05MLkE3hF4AaABAg,fUSygUWvN4o,What is FAME Subsidy for EVs in India | What is difference between FAME 1 and FAME 2 INDIA Scheme,Autogineer,When fame 2 will end,2023-11-06T15:16:41Z,0,Neutral,0.5753029584884644,Neutral
UgzHFzZ_I1wP9FkurDp4AaABAg,HpT14TMxzzU,Subsidy on electric vehicle in india/ev subsidy in india/fame india scheme.,SINGH AUTO ZONE,Electronic scooty lithium iron battery me subsidy less ke liye registration important hai jiski speep 50 se kam hai,2019-05-01T02:06:33Z,2,Neutral,0.7704489827156067,Neutral
UgwhfNKfL05-NvcJFlF4AaABAg,HpT14TMxzzU,Subsidy on electric vehicle in india/ev subsidy in india/fame india scheme.,SINGH AUTO ZONE,Okinawa I praise me subsidy kat kar 1.15 lakh he kya,2019-02-16T03:26:37Z,1,Neutral,0.5445231795310974,Neutral
UgxCNiFPipJ4_w_SAih4AaABAg,lo0-p9uSGNM,Prime minister Shri Narendra Modi launched FAME 2 scheme for electrical vehicles in India,Auto Mech,Kab SE start hogi ye scheme?,2019-03-13T16:35:37Z,0,Neutral,0.8152645230293274,Neutral
UgyybNxBFzKofV6iWfZ4AaABAg,jwswl_TbdAY,FAME 2 Subsidy on Electric Vehicle,Live Young TV,Thanku sonal madam aapne fame 2 bahut achhe tarikese samzaya thanks very much madam,2019-05-11T10:39:22Z,0,Positive,0.8801911473274231,Positive
Ugw9m4ijy-xS7smpSDx4AaABAg,jwswl_TbdAY,FAME 2 Subsidy on Electric Vehicle,Live Young TV,"Hey ! Good information Please let me know , is bajaj chetak Electric comes under FAME ?",2020-08-26T07:40:18Z,0,Positive,0.6019691228866577,Positive
Ugwz4K-_DwuXRebn-9p4AaABAg,jwswl_TbdAY,FAME 2 Subsidy on Electric Vehicle,Live Young TV,Fame 2 ke bareme details me information ka video banaiye thanks,2019-05-11T10:42:05Z,0,Neutral,0.8320236206054688,Neutral
Ugw9m4vElAVJzwUkuYp4AaABAg,jwswl_TbdAY,FAME 2 Subsidy on Electric Vehicle,Live Young TV,So if I buy a avan trend e with dual battery will I get this subsidy?,2019-05-22T21:06:58Z,0,Neutral,0.8629714250564575,Neutral
Ugw2o60QKA8t0opYBt94AaABAg,jwswl_TbdAY,FAME 2 Subsidy on Electric Vehicle,Live Young TV,Is revolt RV 400 covered under this scheme ?,2019-10-29T05:52:36Z,0,Neutral,0.9318701028823853,Neutral
UgyM5x2ntqDJUff5pDF4AaABAg,jwswl_TbdAY,FAME 2 Subsidy on Electric Vehicle,Live Young TV,Belnig oura par milegi kya subsidy,2021-01-08T12:38:08Z,0,Neutral,0.7903239130973816,Neutral
Ugxd6066QtIlwjT6dYN4AaABAg,jwswl_TbdAY,FAME 2 Subsidy on Electric Vehicle,Live Young TV,And pure ev 7g pe Kitana subsidy milega,2021-06-13T12:41:14Z,0,Neutral,0.6701340079307556,Neutral
UgxoG9A8dT714-sVH1t4AaABAg,jwswl_TbdAY,FAME 2 Subsidy on Electric Vehicle,Live Young TV,"Plz,,,,tell me the on road price of praise pro after deducting fame 2 subsidy.....And also Hero photon .........plz",2020-05-04T16:06:15Z,0,Neutral,0.7764996290206909,Neutral
UgwbOb8HjfMT23Xe1J14AaABAg,jwswl_TbdAY,FAME 2 Subsidy on Electric Vehicle,Live Young TV,What is price after subsidy of this scooty sister..,2020-04-15T14:57:56Z,0,Neutral,0.515591025352478,Neutral
Ugy7VkXEtIQLgwxGc-14AaABAg,jwswl_TbdAY,FAME 2 Subsidy on Electric Vehicle,Live Young TV,subsidy on hero atria?,2022-07-05T13:08:56Z,0,Neutral,0.9179548025131226,Neutral
UgywGBg8Yx7gtBVa5vB4AaABAg,jwswl_TbdAY,FAME 2 Subsidy on Electric Vehicle,Live Young TV,Ampere par subsidy hai kya,2021-12-29T01:47:46Z,0,Neutral,0.7604162096977234,Neutral
UgzL_-hI4eEn8KI285t4AaABAg,jwswl_TbdAY,FAME 2 Subsidy on Electric Vehicle,Live Young TV,FAME II is not available with majority of the OEMs is because all the new and existing models need to be re-certified and has to fulfill the criteria you mentioned. This process will be taking 2-3 months. But customers can still go with the bikes below 80km/charge with VRLA batteries as their prices will not be affected and also the batteries are cheaper to replace.,2019-05-03T01:30:05Z,0,Neutral,0.5578876733779907,Neutral
Ugz2Ql1OQBsREJ1zV5R4AaABAg,jwswl_TbdAY,FAME 2 Subsidy on Electric Vehicle,Live Young TV,Pure ev epluto 7g pe kitni subsidy milegi. Procedure kya hai 9646284921,2021-03-04T14:31:03Z,0,Neutral,0.6767048835754395,Neutral
UgwdtnxibvV-erzOaCx4AaABAg,jwswl_TbdAY,FAME 2 Subsidy on Electric Vehicle,Live Young TV,But the scheme only for first 1000 customers only. You have insufficient information.,2020-12-04T03:42:26Z,0,Negative,0.7139236330986023,Negative
Ugy40xrKjiwWdUmdh0d4AaABAg,jwswl_TbdAY,FAME 2 Subsidy on Electric Vehicle,Live Young TV,Sonal we bought hero e5 in Jan..the papers were filed on 10th Feb...we still haven't got the assured subsidy...initially we were told it will be credited in 3months....on completion of 3 months we were told it takes 6 months...can you tell how long does it usually takes....?,2019-05-02T18:35:22Z,0,Negative,0.6349419951438904,Negative
UgxAwQJtq_IK8mQd4xx4AaABAg,mEcnuokWcfU,What is Fame India Scheme for Electric Vehicles | EV Hindi,EV Hindi,"Thank you for this information. What I have to do to avail subsidy through Fame India Phase ii scheme to buy four wheeler for CAB service ( Ola , Uber ) in Kolkata ? Please reply.",2019-11-08T02:00:28Z,0,Neutral,0.8520327210426331,Neutral
UgxECVLPLXS2vm6uj2F4AaABAg,wMd17k0vLLM,FAME II Subsidy Scheme Explained | FAME II Scheme Incentives,Electric Vehicles India,Hi sir... What are ebike in fame scheme..,2020-08-22T08:44:21Z,0,Neutral,0.8827539086341858,Neutral
UgzpJ-ozZVgQDnkP4794AaABAg,wMd17k0vLLM,FAME II Subsidy Scheme Explained | FAME II Scheme Incentives,Electric Vehicles India,Can put updated video with fame 2 as on July 2021 both government side and manufacturers who are applied for fame 2 as on date. Pls put the latest video reg the same,2021-07-08T12:19:21Z,0,Neutral,0.9065492749214172,Neutral
UgyDgBJqs8gPArunDqx4AaABAg,wMd17k0vLLM,FAME II Subsidy Scheme Explained | FAME II Scheme Incentives,Electric Vehicles India,Tunwal.not under subsidy in fame 2. Currently only Okinawa,2019-05-05T05:05:02Z,0,Neutral,0.8676345944404602,Neutral
Ugz55h3IpbenKBQRIzR4AaABAg,wMd17k0vLLM,FAME II Subsidy Scheme Explained | FAME II Scheme Incentives,Electric Vehicles India,"Thank you for the information. Can we find the list of OEM's registered under FAME scheme? And what if an OEM is importing technology from outside India, is that OEM still eligible for FAME scheme?",2019-06-28T09:26:54Z,1,Neutral,0.8481989502906799,Neutral
UgxmZE6voMopQtejIv14AaABAg,wMd17k0vLLM,FAME II Subsidy Scheme Explained | FAME II Scheme Incentives,Electric Vehicles India,But when i asked to local Okinawa showroom in kolkata about the subsidy they said that it will take 6-7 months to get the subsidy into bank account... Is it true ?,2020-09-21T11:00:50Z,0,Neutral,0.599601149559021,Neutral
UgxL_OAeWcehwmRbdA94AaABAg,wMd17k0vLLM,FAME II Subsidy Scheme Explained | FAME II Scheme Incentives,Electric Vehicles India,"Hi, Delhi me mai Nexon EV lena chahta hu, kitna incentive mil skta h central and state ka mila k. Kya kya karna hoga, please suggest 🙏",2020-08-08T18:09:07Z,0,Neutral,0.8581418991088867,Neutral
UgzgmOQ5QZgTPHp8mol4AaABAg,takvwFlrcc0,Electric Vehicles to get Cheaper as Government Increase Subsidies under FAME II Scheme #shorts,Pathfinder by Unacademy,Good decision by Central govt 👍👍,2021-06-18T09:17:12Z,5,Positive,0.9571764469146729,Positive
Ugyr9CMoRZhRk1an_k14AaABAg,yr1QqGC7m4A,The Success of FAME INDIA Scheme,"Ministry of Heavy Industries , Government of India","Great initiative with greater emphasis on providing affordable & environment friendly public transportation options for the masses, scheme is applicable mainly to vehicles used for public transport or those registered for commercial purposes in e-3W, e-4W and e-bus segments. However, privately owned registered e-2Ws are also covered under the scheme as a mass segment.",2021-12-04T16:28:20Z,1,Positive,0.8791572451591492,Positive
UgzdshXSLZO45QTEzfx4AaABAg,yC8Zb9xVEYQ,Musings #8 : FAME 2 India Scheme for Electric Mobility,PluginIndia Electric Vehicles,"Nice information ... FAME2 is good, but govt. should also include subsidy to private 4 wheeled vehicles also.",2019-03-26T03:32:40Z,4,Positive,0.9300584197044373,Positive
UgyMaHksFTlceJuF7154AaABAg,yC8Zb9xVEYQ,Musings #8 : FAME 2 India Scheme for Electric Mobility,PluginIndia Electric Vehicles,My favourite part is the government‘s focus on manufacturing lithium ion cells in India. By manufacturing the costliest item in India the prices will come down substantially. We have already missed the bus of manufacturing of solar cells in India a decade ago and we cannot afford to lose the bus of lithium ion cells this time. It will hurt us badly.,2019-03-26T12:49:47Z,2,Neutral,0.39238664507865906,Neutral
Ugzv0KEtbMO4w0ub2MV4AaABAg,yC8Zb9xVEYQ,Musings #8 : FAME 2 India Scheme for Electric Mobility,PluginIndia Electric Vehicles,It will also be great move if govt make Toll tax free for EV car for alteast 3yrs so that more people and fleet owner uses it .,2019-03-26T08:47:39Z,3,Positive,0.8402314782142639,Positive
UgytvjN9-neF3LGS4ip4AaABAg,yC8Zb9xVEYQ,Musings #8 : FAME 2 India Scheme for Electric Mobility,PluginIndia Electric Vehicles,"what we need more is the entrance of major automakers in the entry level electric 4-wheeler industry with 2 to 4 passenger capacity with connectivity feature which just lets you monitor the charge status of your vehicle. We need something with at least 40 to 60 km/h speed capable vehicles with motors churning out not more than 10 kW of power. We need expandable range cars with 2 portable packs ""hard-wired"" to the controller and 2 to 3 extra packs more, as add-on which will be available for additional payment from none other than automaker. The e-rickshaw industry can teach us a lot in this situation, given that 1.5 million e-rickshaws are on the roads today: we need something better, safer and more aesthetic than e-rickshaw while retaining the affordability for buying and cost-effectiveness of running them. Also we need to ensure that each pack lasts at least 80 to 100 Km on one charge. And automakers should make conversion kits for early adopters. Dunno when the GoI realises that the above situation can help build a market for EVs similar to Hero Splendor and Maruti 800. Also government SHOULD immediately provide clear guidelines to companies assisting in building a charging network like ZeroBills. And also go loose on smaller charging stations, where small businessmen can help too, just they need proper guidance on building one.",2019-03-25T15:23:25Z,1,Neutral,0.7201873660087585,Neutral
Ugz7GRCt0s9w9KqvS3R4AaABAg,yC8Zb9xVEYQ,Musings #8 : FAME 2 India Scheme for Electric Mobility,PluginIndia Electric Vehicles,"You are wrong about the subsidy on the battery size being misplaced. The general public does not deserve the subsidy for private cars they were getting so far. Because there are so few people that actually care, it is clear by the dismal progress of EV's in our nation that the people are of the belief that bigger is better. The smaller will be made cheaper when the bigger is sold more. Helping the commercial transport industry make the shift will help make the private sector make the shift, because they are only held back by cost. Range anxiety will be eliminated as the commercial transport sector is on a quicker rise and will allow for the advancement in tech with the economies of scale.",2019-04-07T08:40:35Z,0,Negative,0.6751617789268494,Negative
UgyM2Dq_qup6gPv2NSJ4AaABAg,yC8Zb9xVEYQ,Musings #8 : FAME 2 India Scheme for Electric Mobility,PluginIndia Electric Vehicles,"I am 100% sure to purchase Okinawa praise,,,,thanks to your channel for positive reporting, encouraging, informating on ev... I have one question? As of now the praise cost Rs71,460/- in Guwahati,,, will it be cheaper after 1st April2019 due to goverment scheme the fame2.",2019-03-25T18:06:16Z,2,Positive,0.8274860382080078,Positive
Ugwwyo-4kCS1t7L6uuZ4AaABAg,yC8Zb9xVEYQ,Musings #8 : FAME 2 India Scheme for Electric Mobility,PluginIndia Electric Vehicles,Will I get subsidy if I buy e2o by March 31 2029?,2019-03-25T14:14:26Z,1,Neutral,0.9183145761489868,Neutral
Ugy78HUFmMVey6z4eJ94AaABAg,Y18a6a9PyGo,EV Cars in India 2025 | Government Subsidy | FAME Scheme | इलेक्ट्रिक कार टैक्स छूट,Kritical Gyan,Mam kya ye subsidy sirf 1000 customer k lie hi thi? Ise kaise avail kar sakte hai kya ap please us process ko bhi bata denge? Thank you,2024-05-17T08:03:38Z,1,Neutral,0.7924599051475525,Neutral
Ugyr6ahoP12hVHsFspp4AaABAg,7W4g2BFiGgQ,fame india scheme in hindi | fame india yojana apply online | fame india phase 2 | vehicle subsidy |,B Visitor,Very good information sir Thank you sir Sir my cg se hu to kaha se lo Plice replay sir,2022-12-25T10:51:55Z,2,Positive,0.9332878589630127,Positive
UgzSPt67iRxzXgPMi-14AaABAg,7W4g2BFiGgQ,fame india scheme in hindi | fame india yojana apply online | fame india phase 2 | vehicle subsidy |,B Visitor,How to edit date of invoice in fame 2 site,2022-03-03T15:33:46Z,1,Neutral,0.864503800868988,Neutral
UgzCWPxPVHZdFPh55jp4AaABAg,7W4g2BFiGgQ,fame india scheme in hindi | fame india yojana apply online | fame india phase 2 | vehicle subsidy |,B Visitor,Fame subsidy work k liye contact kare all subsidy form fill properly,2023-02-03T21:36:00Z,1,Neutral,0.7942807078361511,Neutral
Ugxfo54J9QEh-SEqgNh4AaABAg,krCIHwOhKQU,7 EV Manufacturers Qualifed for FAME II India Subsidies,Electric Vehicles India,Nice video bro 👌Okinawa I praise on road cost all taxes,2019-07-06T14:24:43Z,1,Positive,0.9016765356063843,Positive
UgyME-XujPiBLCSZtMF4AaABAg,nxA2aZqfvX0,"Get Upto 60% subsidy,Central government launch &quot; FAME India Scheme &quot; 100% Electric Vehicles",Help In hindi,Can I get subsidy on electrical scooty prideo,2018-11-26T10:40:21Z,0,Neutral,0.8436546921730042,Neutral
UgwYhyvoP01J6l69GZZ4AaABAg,nxA2aZqfvX0,"Get Upto 60% subsidy,Central government launch &quot; FAME India Scheme &quot; 100% Electric Vehicles",Help In hindi,Okinawa praise पर भी subsidy मिलेगी bhai,2018-11-26T10:40:55Z,0,Neutral,0.7818877696990967,Neutral
UgwCE8AtwU0GihTZxh14AaABAg,31y4i2nN7FI,FAME II Subsidy Revision | Tata Motors Benefits | Fuel Price Hike,carandbike,Pls mention the percentage of central govt taxes too.. it seems u are blaming only states for high fuel prices whereas both are to be blamed..,2021-06-14T17:14:36Z,3,Negative,0.5682368874549866,Negative
UgwW9t-EzHPPFUqQHVp4AaABAg,31y4i2nN7FI,FAME II Subsidy Revision | Tata Motors Benefits | Fuel Price Hike,carandbike,"While most electric 2 wheelers have increased the subsidy, Bajaj has completely removed subsidy on the Chetak. You should do a report on that.",2021-06-24T13:29:15Z,0,Neutral,0.7226318717002869,Neutral
UgyB-1ENwx9TEh7piO54AaABAg,aireZ4c3Vc4,No More Subsidy on Electric vehicle | Fame II Subsidy | Fame 2 Subsidy | Electric Scooter Subsidy,Shine Electric Vehicles,Bhiya maine empair li h lekin abhi tk nhi mili subsidy . Milegi kya,2023-06-07T19:05:25Z,0,Neutral,0.7143502831459045,Neutral
UgyokkHgX9fxYuvC1p94AaABAg,aireZ4c3Vc4,No More Subsidy on Electric vehicle | Fame II Subsidy | Fame 2 Subsidy | Electric Scooter Subsidy,Shine Electric Vehicles,Sir jo battre company ka story scooter hai voh made ni india hai k nahi Or usme subsidy milegi k nahi 🙏🙏🙏🙏,2022-10-12T18:18:35Z,2,Neutral,0.7617006897926331,Neutral
Ugw4j0Rmm4ir6UsHlat4AaABAg,aireZ4c3Vc4,No More Subsidy on Electric vehicle | Fame II Subsidy | Fame 2 Subsidy | Electric Scooter Subsidy,Shine Electric Vehicles,kon kon se Company ke scooter me subsidy milega ye btao,2022-10-16T16:52:39Z,1,Neutral,0.6993976831436157,Neutral
UgwyHbEMEHoHjCa9qS14AaABAg,aireZ4c3Vc4,No More Subsidy on Electric vehicle | Fame II Subsidy | Fame 2 Subsidy | Electric Scooter Subsidy,Shine Electric Vehicles,Can u suggest me some low speed scooter with fame subsidy in Mumbai ?,2023-01-13T13:44:42Z,1,Neutral,0.8482831716537476,Neutral
Ugx4n6tNfNBORFTyVQx4AaABAg,aireZ4c3Vc4,No More Subsidy on Electric vehicle | Fame II Subsidy | Fame 2 Subsidy | Electric Scooter Subsidy,Shine Electric Vehicles,Jharkhand me hero electric pr subsidy mil rhi h kya,2022-11-01T09:04:53Z,1,Neutral,0.7629332542419434,Neutral
UgxaNdo0Eex1QrFSr-F4AaABAg,aireZ4c3Vc4,No More Subsidy on Electric vehicle | Fame II Subsidy | Fame 2 Subsidy | Electric Scooter Subsidy,Shine Electric Vehicles,kya bounce infinity e1 pe fame 2 subsify miljayega aur agr milega to kitna from Rajasthan,2023-03-18T17:38:52Z,1,Neutral,0.8831855058670044,Neutral
UgzBPBy8T_N4fgTOl0d4AaABAg,aireZ4c3Vc4,No More Subsidy on Electric vehicle | Fame II Subsidy | Fame 2 Subsidy | Electric Scooter Subsidy,Shine Electric Vehicles,Dealer subsidy nhi dera. 7 months hogye h....msg call ignore kre h....kaha complaint krna chahiye please help,2022-10-26T16:28:12Z,2,Negative,0.5602688789367676,Negative
UgzCjF3D4XdaCKXvEut4AaABAg,aireZ4c3Vc4,No More Subsidy on Electric vehicle | Fame II Subsidy | Fame 2 Subsidy | Electric Scooter Subsidy,Shine Electric Vehicles,Bhai mai abhi okinawa ka lene wala hu to chattishgarh me state government subsidy milega ki nhi?,2022-11-17T07:14:13Z,1,Neutral,0.824296772480011,Neutral
Ugyoj5FzOD6LNc6gadR4AaABAg,aireZ4c3Vc4,No More Subsidy on Electric vehicle | Fame II Subsidy | Fame 2 Subsidy | Electric Scooter Subsidy,Shine Electric Vehicles,Bhai mujhe empire magnus lena hai Hyderabad me kya mujhe subsidy milegi?,2023-04-16T19:43:07Z,1,Neutral,0.8374233841896057,Neutral
UgyZmo2aCKD8u6rzUvh4AaABAg,aireZ4c3Vc4,No More Subsidy on Electric vehicle | Fame II Subsidy | Fame 2 Subsidy | Electric Scooter Subsidy,Shine Electric Vehicles,"Sir ,hop oxo bile mai fame 2 subsidy nahi mil rahi Aap information dejiye please",2023-05-01T04:03:12Z,1,Neutral,0.8041138052940369,Neutral
UgzCRd94tICM6u74q2h4AaABAg,aireZ4c3Vc4,No More Subsidy on Electric vehicle | Fame II Subsidy | Fame 2 Subsidy | Electric Scooter Subsidy,Shine Electric Vehicles,Cost bhi badadi companies ne subsidy ke chalte,2022-12-29T01:59:27Z,1,Neutral,0.6379426717758179,Neutral
UgyHpnL5NoKxpNkLo6x4AaABAg,aireZ4c3Vc4,No More Subsidy on Electric vehicle | Fame II Subsidy | Fame 2 Subsidy | Electric Scooter Subsidy,Shine Electric Vehicles,HOP OXO bike me subsidy nahi mil rahi,2022-11-04T02:23:01Z,0,Neutral,0.7408484220504761,Neutral
UgxnTfAzGeVBxZqEhyp4AaABAg,aireZ4c3Vc4,No More Subsidy on Electric vehicle | Fame II Subsidy | Fame 2 Subsidy | Electric Scooter Subsidy,Shine Electric Vehicles,Maharashtra mai subsidy band kiya hai na?,2022-10-23T21:27:31Z,1,Neutral,0.8666790127754211,Neutral
Ugzvv4JuKKKzXCghquJ4AaABAg,ICA2DhTh07Y,BIGGEST Ev 2W Fame 2 revised  | Acche din aagye ? par isse aur acha kar sakte h 🔥,EV Gyan,Yeh subsidy kab se apply hogi,2021-06-13T14:36:52Z,3,Neutral,0.7460732460021973,Neutral
Ugwg1SVd3qAzkdIe66R4AaABAg,ICA2DhTh07Y,BIGGEST Ev 2W Fame 2 revised  | Acche din aagye ? par isse aur acha kar sakte h 🔥,EV Gyan,Bhai kabira mobility km4000 par subsidy nahi hai kya,2021-06-13T14:55:49Z,1,Neutral,0.7824022173881531,Neutral
UgxnUC--QunEYcysRVJ4AaABAg,ICA2DhTh07Y,BIGGEST Ev 2W Fame 2 revised  | Acche din aagye ? par isse aur acha kar sakte h 🔥,EV Gyan,Jammu and Kashmir Mai registration fee hai Kya? Please tell,2021-06-13T14:51:14Z,0,Neutral,0.882087230682373,Neutral
UgydzdEgJZa4Tmn5Nf54AaABAg,ICA2DhTh07Y,BIGGEST Ev 2W Fame 2 revised  | Acche din aagye ? par isse aur acha kar sakte h 🔥,EV Gyan,Can I buy a electric vehicle from Delhi as a resident of odisha? Can I get both fame 2 subsidy also Delhi govt subsidy?,2021-06-13T15:10:23Z,2,Neutral,0.8872835636138916,Neutral
Ugzc9l-72tYBxAvuYPl4AaABAg,ICA2DhTh07Y,BIGGEST Ev 2W Fame 2 revised  | Acche din aagye ? par isse aur acha kar sakte h 🔥,EV Gyan,Is This subsidy is applicable for booked bike...my rv was booked but not yet received...can it applicable for me,2021-06-13T15:33:04Z,3,Neutral,0.7689963579177856,Neutral
UgxwjO8lse1NNAduvMN4AaABAg,ICA2DhTh07Y,BIGGEST Ev 2W Fame 2 revised  | Acche din aagye ? par isse aur acha kar sakte h 🔥,EV Gyan,Kya already booked rv400 pe benefit milega?,2021-06-13T15:41:26Z,2,Neutral,0.9262942671775818,Neutral
Ugy1muWbj__6ZwqWp5J4AaABAg,ICA2DhTh07Y,BIGGEST Ev 2W Fame 2 revised  | Acche din aagye ? par isse aur acha kar sakte h 🔥,EV Gyan,Mene benling india ko subsidy ke bare me pucha toh wo bole avhi nhi 3 mahine ke baad milega,2021-06-13T16:53:27Z,0,Neutral,0.8145003318786621,Neutral
UgxAgYeCGl78c_KKvNp4AaABAg,ICA2DhTh07Y,BIGGEST Ev 2W Fame 2 revised  | Acche din aagye ? par isse aur acha kar sakte h 🔥,EV Gyan,"Government give subsidy but the manufactures start to raise the price of products as sales increases and eventually Govt even stop subsidy. Overall, common people like us will have huge loss to our pocket. Neither we can use old petrol vehicle as petrol price touching sky or we can buy electric scooters because of their price. Eg. If u go to buy Ather 450X which is a good and reliable e-vehicle, it costs around 1.6 to 1.65 lakh on road, where we can buy 2 petrol vehicle in this budget.",2021-06-13T22:01:35Z,0,Negative,0.5365384221076965,Negative
UgzbsnSRb80xaZy4g7N4AaABAg,nv7KhiA6YAo,fame 2 subsidy || EV New rules on Electric vehicles || ride with mayur,Ride With Mayur,"Please make a detailed video on Ather 450...pros ..cons & after fame-2, Ather on road price. And nice video as always 👍",2019-05-09T13:20:44Z,0,Positive,0.8556504845619202,Positive
UgyzyO1rup3fIb_wu5F4AaABAg,nv7KhiA6YAo,fame 2 subsidy || EV New rules on Electric vehicles || ride with mayur,Ride With Mayur,"Bhai ye subsidy kaise milega coz showroom wale i-Praise ka price abhi bhi Rs 1,16,000 he bta rhe h",2019-05-03T08:13:59Z,0,Neutral,0.7523408532142639,Neutral
Ugy4QC3bDW7ixtYBRsV4AaABAg,zDN6PL5yDKo,"Electric Bike &amp; Scooter In India - 30,000 Subsidy on Fame 2",Electric Vehicles India,can u plz give me the link for find the subsidy details and asking for the subsidy at EV Showrooms... because of i went for one EV showroom they told to me there is no any subsidy for EV ... and he said to me u r wrong to about this subsidy..,2021-02-21T17:02:21Z,2,Negative,0.5322688817977905,Negative
Ugycv6szTasodI2tem14AaABAg,zDN6PL5yDKo,"Electric Bike &amp; Scooter In India - 30,000 Subsidy on Fame 2",Electric Vehicles India,To whom should I approach for the subsidy,2021-03-05T06:13:30Z,0,Neutral,0.8273230195045471,Neutral
UgztxbmGsttLs9rayv94AaABAg,zDN6PL5yDKo,"Electric Bike &amp; Scooter In India - 30,000 Subsidy on Fame 2",Electric Vehicles India,Any subsidy for 3 wheeler or cargo vehicles....?,2020-11-26T02:55:00Z,0,Neutral,0.9121120572090149,Neutral
UgyV6xIdgf6gfqYU_9l4AaABAg,zDN6PL5yDKo,"Electric Bike &amp; Scooter In India - 30,000 Subsidy on Fame 2",Electric Vehicles India,How to apply for subsidy??,2021-06-27T04:51:52Z,0,Neutral,0.8276892304420471,Neutral
UgyAA5XO4-JEpYkIyE94AaABAg,zDN6PL5yDKo,"Electric Bike &amp; Scooter In India - 30,000 Subsidy on Fame 2",Electric Vehicles India,HI KRISHNA WHAT IS THE SUBSIDY FOR CHETAK.,2021-06-24T09:26:39Z,0,Neutral,0.8605697154998779,Neutral
UgxLUzR8saKlCu8c_8J4AaABAg,zDN6PL5yDKo,"Electric Bike &amp; Scooter In India - 30,000 Subsidy on Fame 2",Electric Vehicles India,With subsidy can u tell me price of revolt 400 in ahemdabad Gujarat,2020-11-25T17:38:23Z,0,Neutral,0.8600812554359436,Neutral
UgwQOI_4f90Mw4QYjyB4AaABAg,zDN6PL5yDKo,"Electric Bike &amp; Scooter In India - 30,000 Subsidy on Fame 2",Electric Vehicles India,Epluto 7g is getting subsidy yes or no,2020-12-13T06:50:43Z,0,Neutral,0.8059693574905396,Neutral
UgwdD0uUl0uJsUjSv6F4AaABAg,zDN6PL5yDKo,"Electric Bike &amp; Scooter In India - 30,000 Subsidy on Fame 2",Electric Vehicles India,Subsidy is only available for government employee or normal people also please send me,2021-06-13T15:59:51Z,0,Neutral,0.7050560712814331,Neutral
UgzvDuqwF7V3l_YvpoV4AaABAg,zDN6PL5yDKo,"Electric Bike &amp; Scooter In India - 30,000 Subsidy on Fame 2",Electric Vehicles India,How to apply for subsidy,2021-06-13T16:00:05Z,0,Neutral,0.7917289137840271,Neutral
UgzfYUJbIsLoqE0dLLx4AaABAg,zDN6PL5yDKo,"Electric Bike &amp; Scooter In India - 30,000 Subsidy on Fame 2",Electric Vehicles India,My dlivery of revolt RV400 in chennai is going to ahead shortly in chennai......... can i claim the Subsidy amount ? of RS 30k,2022-01-25T08:47:57Z,0,Neutral,0.9048465490341187,Neutral
UgzNAKa6khU6jr-Bx-94AaABAg,zDN6PL5yDKo,"Electric Bike &amp; Scooter In India - 30,000 Subsidy on Fame 2",Electric Vehicles India,Can you comment on subsidy amount on atomex electric bike or scooters,2020-12-24T19:18:03Z,0,Neutral,0.8994700312614441,Neutral
Ugz4i8bVt4-NZhbHMVJ4AaABAg,zDN6PL5yDKo,"Electric Bike &amp; Scooter In India - 30,000 Subsidy on Fame 2",Electric Vehicles India,Do u have any idea when is electricvehicles of bajaj chedak is going to launch and what will be the subsidy amount ?,2020-11-26T09:47:49Z,0,Neutral,0.925304114818573,Neutral
Ugwp4TCeThddmOCh_AF4AaABAg,zDN6PL5yDKo,"Electric Bike &amp; Scooter In India - 30,000 Subsidy on Fame 2",Electric Vehicles India,Some showrooms are saying you have to apply first and only after registration...,2021-06-27T04:52:36Z,0,Neutral,0.8649120330810547,Neutral
UgxNPwZ6DXdgc-GT77B4AaABAg,zDN6PL5yDKo,"Electric Bike &amp; Scooter In India - 30,000 Subsidy on Fame 2",Electric Vehicles India,Did we subsidy for komaki se?,2021-05-24T11:01:15Z,0,Neutral,0.892894983291626,Neutral
UgwW5jQUOuINbc0coI14AaABAg,zDN6PL5yDKo,"Electric Bike &amp; Scooter In India - 30,000 Subsidy on Fame 2",Electric Vehicles India,Which Vehicle has a subsidy in Andhra Pradesh state bro.,2020-11-24T17:01:46Z,0,Neutral,0.903580367565155,Neutral
UgxOIhK-L771E6NEFTZ4AaABAg,zDN6PL5yDKo,"Electric Bike &amp; Scooter In India - 30,000 Subsidy on Fame 2",Electric Vehicles India,is fame 2 subsidy is applicable only on EMI buy or on cash also?,2021-03-24T06:43:58Z,0,Neutral,0.9090197682380676,Neutral
UgwHtv1_lu9DmmQU6Pt4AaABAg,zDN6PL5yDKo,"Electric Bike &amp; Scooter In India - 30,000 Subsidy on Fame 2",Electric Vehicles India,Subsidy available at Karnataka tell me,2021-06-24T03:06:40Z,0,Neutral,0.887488067150116,Neutral
UgyhgbHu0S78VRrITXJ4AaABAg,zDN6PL5yDKo,"Electric Bike &amp; Scooter In India - 30,000 Subsidy on Fame 2",Electric Vehicles India,"With all these subsidies in place, very funnily, the end user cost is always high, in comparison to an ICE type of similar category, not to mention the existing bottle neck related to range and readily available charging stations. Government needs to slash duty on lithium batteries and other expensive components.",2020-11-25T02:43:58Z,2,Negative,0.7452187538146973,Negative
UgzppB1bCX3FAQk_xYl4AaABAg,zDN6PL5yDKo,"Electric Bike &amp; Scooter In India - 30,000 Subsidy on Fame 2",Electric Vehicles India,How to apply for subsidy scooter,2020-12-01T15:48:48Z,0,Neutral,0.8004329204559326,Neutral
Ugyycwz1Dih7A5qhVU14AaABAg,zDN6PL5yDKo,"Electric Bike &amp; Scooter In India - 30,000 Subsidy on Fame 2",Electric Vehicles India,What about subsidies on 4 wheeler electric vehicles?,2020-11-24T16:30:40Z,1,Neutral,0.7405419945716858,Neutral
Ugx---rUUkZjvSla3kF4AaABAg,zDN6PL5yDKo,"Electric Bike &amp; Scooter In India - 30,000 Subsidy on Fame 2",Electric Vehicles India,Can everyone eligible for this subsidy,2021-02-24T05:50:12Z,0,Neutral,0.7015009522438049,Neutral
Ugy7Tp475S2fDbhjWLp4AaABAg,zDN6PL5yDKo,"Electric Bike &amp; Scooter In India - 30,000 Subsidy on Fame 2",Electric Vehicles India,"pure EV has also come in Lucknow, UP. It should also be given subsidy.",2020-11-25T03:05:54Z,1,Neutral,0.7159879803657532,Neutral
UgyM6CjtzOryhN3heft4AaABAg,zDN6PL5yDKo,"Electric Bike &amp; Scooter In India - 30,000 Subsidy on Fame 2",Electric Vehicles India,How to claim these subsidy amount??,2020-11-27T21:23:11Z,1,Neutral,0.7571377754211426,Neutral
UgwYMFafhMPSP_WsERZ4AaABAg,zDN6PL5yDKo,"Electric Bike &amp; Scooter In India - 30,000 Subsidy on Fame 2",Electric Vehicles India,Ampere magnus pro ex showroom price is 74000 in that subsidy amount decteted or we pay same amount as 74K,2020-11-30T16:27:58Z,0,Neutral,0.8362321257591248,Neutral
UgxLpdZtWtuJoa-R20h4AaABAg,zDN6PL5yDKo,"Electric Bike &amp; Scooter In India - 30,000 Subsidy on Fame 2",Electric Vehicles India,Is prana having subsidy,2021-02-21T06:17:27Z,0,Neutral,0.8489415645599365,Neutral
UgyA88cgHuylKecbm7l4AaABAg,zDN6PL5yDKo,"Electric Bike &amp; Scooter In India - 30,000 Subsidy on Fame 2",Electric Vehicles India,"After Fame 2 subsidy, buyer will also receive State govt. subsidy or not..???",2020-11-29T22:38:50Z,0,Neutral,0.8792278170585632,Neutral
UgwWEknabn8UGzg7Z7d4AaABAg,zDN6PL5yDKo,"Electric Bike &amp; Scooter In India - 30,000 Subsidy on Fame 2",Electric Vehicles India,Brother please explain how a customer will know the exact selling cost of a manufacturer before the Subsidy.,2021-04-14T08:17:35Z,0,Neutral,0.7424041628837585,Neutral
Ugy_2BPPPczxbxPB5Np4AaABAg,zDN6PL5yDKo,"Electric Bike &amp; Scooter In India - 30,000 Subsidy on Fame 2",Electric Vehicles India,FAME application link Pls,2021-01-26T11:40:59Z,0,Neutral,0.7539112567901611,Neutral
UgyCVA3Ke4wyetfyui94AaABAg,zDN6PL5yDKo,"Electric Bike &amp; Scooter In India - 30,000 Subsidy on Fame 2",Electric Vehicles India,"Hi, Will i get subsidy, if i purchase ebike from mumbai? Or else should i purchase from bangalore, and then use in mumbai?to get subsidy?",2020-12-27T19:52:50Z,0,Neutral,0.9152401685714722,Neutral
UgxJdC_nxVCLm1srqn94AaABAg,zDN6PL5yDKo,"Electric Bike &amp; Scooter In India - 30,000 Subsidy on Fame 2",Electric Vehicles India,What is subsidy?? The Amount refunded after purchasing the vehicle is right sir.reply plz,2020-11-24T16:53:20Z,0,Neutral,0.824936032295227,Neutral
Ugzurt-T2-9o42DTc9B4AaABAg,zDN6PL5yDKo,"Electric Bike &amp; Scooter In India - 30,000 Subsidy on Fame 2",Electric Vehicles India,bro i am from agra uttar pradesh can i purchase in delhi ev sccoter and transport it to Agra .Will I get Delhi subsidy or not please tell🙏🙏🙏,2021-08-26T04:34:48Z,0,Neutral,0.8794417381286621,Neutral
UgxF0aXMH73D44ElRAt4AaABAg,zDN6PL5yDKo,"Electric Bike &amp; Scooter In India - 30,000 Subsidy on Fame 2",Electric Vehicles India,Bro... Revolt 400 ki subsidy osthundha... Recently central govt announced 50% subsidy for electrical two wheelers.... Is that true... If it is true .... How we need to apply,2021-07-06T08:48:36Z,0,Neutral,0.8532184362411499,Neutral
UgzPTPaCm-70OYUsX0d4AaABAg,zDN6PL5yDKo,"Electric Bike &amp; Scooter In India - 30,000 Subsidy on Fame 2",Electric Vehicles India,Boys are eligible for the subsidy,2020-12-04T07:12:26Z,2,Neutral,0.7903813123703003,Neutral
Ugz52-T3QuKSfH5Mcwt4AaABAg,zDN6PL5yDKo,"Electric Bike &amp; Scooter In India - 30,000 Subsidy on Fame 2",Electric Vehicles India,Do state governments also provide subsidies.? Which state provides the maximum subsidy? Can you make a detailed video on that?,2021-08-24T09:03:25Z,0,Neutral,0.9214829206466675,Neutral
UgyRQokQPWBSSRtc1Sd4AaABAg,zDN6PL5yDKo,"Electric Bike &amp; Scooter In India - 30,000 Subsidy on Fame 2",Electric Vehicles India,Sir how to apply for this subsidy,2020-11-27T04:25:06Z,8,Neutral,0.750402569770813,Neutral
UgwhkqAsCLKEIaVpReN4AaABAg,zDN6PL5yDKo,"Electric Bike &amp; Scooter In India - 30,000 Subsidy on Fame 2",Electric Vehicles India,Why e pluto 7g is not under subsidy category,2020-11-24T14:46:25Z,2,Neutral,0.5420068502426147,Neutral
UgyxR6P74AZNspH4DsB4AaABAg,zDN6PL5yDKo,"Electric Bike &amp; Scooter In India - 30,000 Subsidy on Fame 2",Electric Vehicles India,Hero optima hx is given subsidy in Jharkhand,2021-06-25T10:04:12Z,0,Neutral,0.6106780171394348,Neutral
UgzqCdKs9cLwk2LwBtJ4AaABAg,zDN6PL5yDKo,"Electric Bike &amp; Scooter In India - 30,000 Subsidy on Fame 2",Electric Vehicles India,"It will better if you show vehicle price and subsidy, because when we ask for subsidy these people are saying what try are saying is after subsidy price. Then how can we know it exactly?",2020-12-13T08:03:25Z,0,Neutral,0.617770254611969,Neutral
UgyiAU5LhgMgFznNZo94AaABAg,zDN6PL5yDKo,"Electric Bike &amp; Scooter In India - 30,000 Subsidy on Fame 2",Electric Vehicles India,"Hello Sir , I'm using Electric Scooter of Atomex company , Raavi model , but I didn't got subsidy , can you guide/help me for subsidy.",2021-04-23T11:40:24Z,0,Neutral,0.5901837944984436,Neutral
UgzVKRHgWw0VDFr3XYp4AaABAg,zDN6PL5yDKo,"Electric Bike &amp; Scooter In India - 30,000 Subsidy on Fame 2",Electric Vehicles India,CAN YOU TELL ME WHY PUREEV 7G MODEL IS NOT IN THE SUBSIDY CHARY,2020-11-25T10:32:20Z,1,Neutral,0.5221617817878723,Neutral
UgzVSJeTeopDNvgys394AaABAg,zDN6PL5yDKo,"Electric Bike &amp; Scooter In India - 30,000 Subsidy on Fame 2",Electric Vehicles India,Electric is just better. Clean air to breathe :) Politicians need to do more to encourage electric vehicles. More promotion of subsidies needed.,2020-11-24T16:54:41Z,0,Positive,0.8879492878913879,Positive
UgzhAkesBRNnoEX7NRd4AaABAg,zDN6PL5yDKo,"Electric Bike &amp; Scooter In India - 30,000 Subsidy on Fame 2",Electric Vehicles India,Shall I get subsidy on e Pluto 7g which company did not deduct the subsidy but can I apply for the same.,2021-03-05T06:12:24Z,0,Neutral,0.8376131653785706,Neutral
UgxZx5h-K6FbY1Rn_1h4AaABAg,zDN6PL5yDKo,"Electric Bike &amp; Scooter In India - 30,000 Subsidy on Fame 2",Electric Vehicles India,Boss pls give me subsidy list in pdf,2020-11-25T06:35:46Z,0,Neutral,0.6429941654205322,Neutral
Ugz99hjR9sv0oAjw3Zx4AaABAg,zDN6PL5yDKo,"Electric Bike &amp; Scooter In India - 30,000 Subsidy on Fame 2",Electric Vehicles India,Pure EV is IIT Hyderabad epluto 7G and other Model SUBSIDY?????,2020-11-24T16:17:54Z,0,Neutral,0.8773171305656433,Neutral
UgyMe4GMV3v0i_-VViN4AaABAg,zDN6PL5yDKo,"Electric Bike &amp; Scooter In India - 30,000 Subsidy on Fame 2",Electric Vehicles India,Komaki ev scooter have no subsidy 😩,2022-06-21T11:41:36Z,0,Negative,0.7371799349784851,Negative
UgwtsAfDZieA-61zikl4AaABAg,zDN6PL5yDKo,"Electric Bike &amp; Scooter In India - 30,000 Subsidy on Fame 2",Electric Vehicles India,November 2021 subsidy for electric scooty,2021-11-03T11:35:27Z,0,Neutral,0.8393608927726746,Neutral
UgxFJNSE9hfKdxPjMzR4AaABAg,zDN6PL5yDKo,"Electric Bike &amp; Scooter In India - 30,000 Subsidy on Fame 2",Electric Vehicles India,What would be the on road cost of RV 400 in hyderabad after fame2 subsidy,2020-11-24T14:38:58Z,1,Neutral,0.8627024292945862,Neutral
UgyeVuIWSG4mQIUPwFx4AaABAg,zDN6PL5yDKo,"Electric Bike &amp; Scooter In India - 30,000 Subsidy on Fame 2",Electric Vehicles India,"not every vehicle is giving , check Good Luck Company Vehicle price is aprox 65,000.00 on road (No license No registration required)",2021-04-15T13:38:24Z,0,Neutral,0.603793203830719,Neutral
UgxErxUiS7dvTKEu7zZ4AaABAg,zDN6PL5yDKo,"Electric Bike &amp; Scooter In India - 30,000 Subsidy on Fame 2",Electric Vehicles India,How do we get to know if we got the vehicle after reducing the subsidy amount if they already reduced the price?,2020-11-25T03:55:02Z,1,Neutral,0.869132936000824,Neutral
UgzAkPjXJyjtf8D0P-t4AaABAg,zDN6PL5yDKo,"Electric Bike &amp; Scooter In India - 30,000 Subsidy on Fame 2",Electric Vehicles India,Claimed 32400rs Fame2 subsidy on Revolt RV 400 for it's 3.24 kWh battery capacity,2020-11-27T08:38:46Z,0,Neutral,0.7372837066650391,Neutral
Ugz7Tjf2ams7rqiCbQZ4AaABAg,zDN6PL5yDKo,"Electric Bike &amp; Scooter In India - 30,000 Subsidy on Fame 2",Electric Vehicles India,How we know the subsidy of e v where did u get info of subsidy pls tel,2020-11-24T14:28:39Z,0,Neutral,0.838459849357605,Neutral
Ugw9AgD9Dj1g3XQRXsJ4AaABAg,zDN6PL5yDKo,"Electric Bike &amp; Scooter In India - 30,000 Subsidy on Fame 2",Electric Vehicles India,Any subsidies on kridn...???,2020-11-24T18:03:01Z,0,Neutral,0.8451611399650574,Neutral
UgyAlCN4dVzWf16J1wR4AaABAg,zDN6PL5yDKo,"Electric Bike &amp; Scooter In India - 30,000 Subsidy on Fame 2",Electric Vehicles India,I have got doubt that ex-show room price means including subsidy or excluding subsidy will u please clarify it,2020-12-22T10:15:14Z,0,Neutral,0.5889384150505066,Neutral
UgzVXnwe8A08w38z9v14AaABAg,zDN6PL5yDKo,"Electric Bike &amp; Scooter In India - 30,000 Subsidy on Fame 2",Electric Vehicles India,Rv400 bike is in subsidy?,2020-11-24T15:20:53Z,1,Neutral,0.9060541391372681,Neutral
UgzXojfngxbnUWQiTvp4AaABAg,zDN6PL5yDKo,"Electric Bike &amp; Scooter In India - 30,000 Subsidy on Fame 2",Electric Vehicles India,Does OEM gets the subsidy or the customer? plzz reply,2021-03-06T10:21:13Z,0,Neutral,0.8319681882858276,Neutral
Ugxt9mtTldLWR6FRvnR4AaABAg,zDN6PL5yDKo,"Electric Bike &amp; Scooter In India - 30,000 Subsidy on Fame 2",Electric Vehicles India,is kridan electric bike eligible for fame2?,2020-11-28T03:58:34Z,0,Neutral,0.9374936819076538,Neutral
UgwcVDQ0wN33m9xxc154AaABAg,zDN6PL5yDKo,"Electric Bike &amp; Scooter In India - 30,000 Subsidy on Fame 2",Electric Vehicles India,Bro if you don't mind can you tell what did you exactly mean by subsidy subsidy? Is it reduction in the price or once you purchase govt will return that subsidy money? How does it work?,2020-11-24T16:36:01Z,1,Neutral,0.8625559210777283,Neutral
UgxMLG6W4bjatg4IMYN4AaABAg,zDN6PL5yDKo,"Electric Bike &amp; Scooter In India - 30,000 Subsidy on Fame 2",Electric Vehicles India,"If registration is free for Karnataka, will i be able to get the vehicle on road price same as ex showroom price? Or should i pay something more on top of ex showroom price",2020-11-24T14:52:32Z,0,Neutral,0.903876543045044,Neutral
UgzAQqruJHOtAjkEa-94AaABAg,zDN6PL5yDKo,"Electric Bike &amp; Scooter In India - 30,000 Subsidy on Fame 2",Electric Vehicles India,Why no subsidy for pure ev vehicles ???,2020-11-24T14:31:57Z,1,Negative,0.5183502435684204,Negative
UgygfB6woZatIZF2uE14AaABAg,zDN6PL5yDKo,"Electric Bike &amp; Scooter In India - 30,000 Subsidy on Fame 2",Electric Vehicles India,Acchi bike hi nhi hai koi electric Subsidy ka kya chatenge,2021-02-10T14:13:13Z,0,Neutral,0.8496283292770386,Neutral
UgwHvwl_DK0nhUWrErp4AaABAg,zDN6PL5yDKo,"Electric Bike &amp; Scooter In India - 30,000 Subsidy on Fame 2",Electric Vehicles India,Maharashtra state govt charged me two year's road tax/motor vehicle tax along with penalty on my electric scooter when I went to rto to enquire about my RC.,2020-11-24T14:07:11Z,1,Negative,0.6537250876426697,Negative
Ugzsih05LmmtxBTmbGN4AaABAg,zDN6PL5yDKo,"Electric Bike &amp; Scooter In India - 30,000 Subsidy on Fame 2",Electric Vehicles India,This subsidy for Telangana also Or which state,2020-11-24T13:56:03Z,0,Neutral,0.8637670874595642,Neutral
UgxhvVWUVzDkrs5syjl4AaABAg,QfVjmpMDPY4,5 implications of the Massive FAME 2 Subsidy on Electric Vehicles | EV Hindi,EV Hindi,Ek hi Mobile number pr 2 two wheeler ev le toh dono pr fame II subsidy milega ya nahi?,2021-12-31T03:42:36Z,0,Neutral,0.8319989442825317,Neutral
UgxEL7aC0CsBzGQEmFh4AaABAg,QfVjmpMDPY4,5 implications of the Massive FAME 2 Subsidy on Electric Vehicles | EV Hindi,EV Hindi,Gujarat 20000 subsidy ka kya details he kaise milega kaha apply karna he detail video please,2021-07-04T13:25:35Z,0,Neutral,0.8417530059814453,Neutral
Ugy3zL2rtoNwWl8pNZd4AaABAg,QfVjmpMDPY4,5 implications of the Massive FAME 2 Subsidy on Electric Vehicles | EV Hindi,EV Hindi,There is no FAME II for 4 wheeler ev???,2021-09-15T16:30:29Z,0,Negative,0.5316804647445679,Negative
UgxGLf4_-1-XMRiH8DV4AaABAg,MmXDJ_YxZcI,PM E Drive new EV subsidy EXPLAINED | FAME 3 | FAME 2 end ⚡,Electric Story,Are bhai . Discount me hai ₹130000 . Bina discount ke pahle prise after subsidy 147500₹ tha. Aaor Bina discount Bina subsidy ke scooter ka ex-showroom prise . 169923 ₹ hai. Ye mai gen 2 ka bta rha hu. MTLb scooter ke on road price me 12500₹ badha de. Jise Jo hai . 164000 vala scooter 176000₹ rupay ka ho jayega.,2024-03-17T15:52:46Z,2,Neutral,0.733074426651001,Neutral
UgyHc8Tc3UIyGaACrOJ4AaABAg,MmXDJ_YxZcI,PM E Drive new EV subsidy EXPLAINED | FAME 3 | FAME 2 end ⚡,Electric Story,State subsidy milega ❓❓❓❓❓ junagadh,2024-03-16T11:39:28Z,1,Neutral,0.7599866390228271,Neutral
UgxOMDX2IkGLfQlN8-Z4AaABAg,MmXDJ_YxZcI,PM E Drive new EV subsidy EXPLAINED | FAME 3 | FAME 2 end ⚡,Electric Story,March 8 ko ola gen 2 delivery hua Fir subsidy apply kia.. approved bhi dikha raha hai. But abhi tak subsidy nahi aya😮.,2024-04-24T15:29:43Z,1,Neutral,0.7915902137756348,Neutral
Ugz21IpvwVasOSXKXCZ4AaABAg,MmXDJ_YxZcI,PM E Drive new EV subsidy EXPLAINED | FAME 3 | FAME 2 end ⚡,Electric Story,Bhai fame 2 subsidy ka kuch humme fayda milega kya ....mujhe 18jan ko gadi delivered hogayi thi ...Ola bata dena,2024-03-16T09:24:39Z,0,Neutral,0.6817615032196045,Neutral
UgzQYrBslU1DIL8MzLt4AaABAg,MmXDJ_YxZcI,PM E Drive new EV subsidy EXPLAINED | FAME 3 | FAME 2 end ⚡,Electric Story,Emps subsidy can be claimed or it is included in bill,2024-07-12T16:42:47Z,0,Neutral,0.8877819180488586,Neutral
Ugy8HUnystR4veA-cgx4AaABAg,MmXDJ_YxZcI,PM E Drive new EV subsidy EXPLAINED | FAME 3 | FAME 2 end ⚡,Electric Story,Ola delhi subsidy kab milega,2024-03-16T16:42:08Z,0,Neutral,0.7378280162811279,Neutral
UgwLVJNCA3rcxfS6GWR4AaABAg,MmXDJ_YxZcI,PM E Drive new EV subsidy EXPLAINED | FAME 3 | FAME 2 end ⚡,Electric Story,Fame 2 milne ke bad fame 3 milega kya?,2024-03-16T15:50:51Z,0,Neutral,0.5954042077064514,Neutral
UgyRzOrfgRhIzE3V8VN4AaABAg,y_jtj0YvgWk,FAME 2 Subsidy Explained in Hindi💲⚡🚗,Electrify India,Sir how much subsidy we get on Nexon ev in delhi,2021-06-18T15:58:54Z,0,Neutral,0.8515098690986633,Neutral
UgyHIv7pje8evWEEkUZ4AaABAg,y_jtj0YvgWk,FAME 2 Subsidy Explained in Hindi💲⚡🚗,Electrify India,Bro Fame 2 Ultravoilet F77 pe b applicable hogi kya ?,2021-08-10T18:38:09Z,0,Neutral,0.9189416766166687,Neutral
Ugz9GGZZ9DfMsHoDk9d4AaABAg,y_jtj0YvgWk,FAME 2 Subsidy Explained in Hindi💲⚡🚗,Electrify India,Utter pradesh me ola scoter ki subsidy kya hogi?,2021-09-17T13:06:16Z,0,Neutral,0.7297074794769287,Neutral
UgwtgJza8QAjiNHGFl14AaABAg,y_jtj0YvgWk,FAME 2 Subsidy Explained in Hindi💲⚡🚗,Electrify India,Sir kya fame 2 subsidy simple ONE par available hai?😐😄 Please answer,2021-09-02T12:15:08Z,1,Neutral,0.662767231464386,Neutral
Ugx_AXVu-aGFuuP31dZ4AaABAg,y_jtj0YvgWk,FAME 2 Subsidy Explained in Hindi💲⚡🚗,Electrify India,"Government should come up for free charging stations, or for very less price",2021-06-14T11:20:22Z,2,Neutral,0.7377030253410339,Neutral
UgxtQgE1QDVDLlKN6814AaABAg,y_jtj0YvgWk,FAME 2 Subsidy Explained in Hindi💲⚡🚗,Electrify India,Ola s1pro Gujarat How much subsidy?,2021-08-28T11:06:52Z,0,Neutral,0.8636851906776428,Neutral
Ugxb3CKdk9_SWraM3QV4AaABAg,y_jtj0YvgWk,FAME 2 Subsidy Explained in Hindi💲⚡🚗,Electrify India,Can we get fame 2 and Maharashtra state subsidy together on Nexon EV?,2021-11-25T16:33:46Z,0,Neutral,0.8652970194816589,Neutral
Ugy-7IZTVYx0bpRS4wR4AaABAg,y_jtj0YvgWk,FAME 2 Subsidy Explained in Hindi💲⚡🚗,Electrify India,I live in Pune . I want to know that can I get subsidy on tata nexon?,2021-08-08T13:03:53Z,0,Neutral,0.891963005065918,Neutral
UgztOgAwBCoHIxh2FG94AaABAg,y_jtj0YvgWk,FAME 2 Subsidy Explained in Hindi💲⚡🚗,Electrify India,Ola s1 subsidy price in uttar pradesh??,2021-08-20T11:12:09Z,0,Neutral,0.8755589127540588,Neutral
UgxCRhNw-_iNuaMely94AaABAg,y_jtj0YvgWk,FAME 2 Subsidy Explained in Hindi💲⚡🚗,Electrify India,State subsidy kb aaye ga,2021-07-03T18:38:55Z,0,Neutral,0.7222152352333069,Neutral
UgwlKG_4nf92JRr46z94AaABAg,y_jtj0YvgWk,FAME 2 Subsidy Explained in Hindi💲⚡🚗,Electrify India,is there any video on state subsidy (4 wheeler) for uttar pradesh and chhattisgarh,2021-06-26T11:23:55Z,0,Neutral,0.923488438129425,Neutral
UgxQXRUV_J0Er9RXWMR4AaABAg,y_jtj0YvgWk,FAME 2 Subsidy Explained in Hindi💲⚡🚗,Electrify India,Kya ola ev kharidney ke baad Tata Nexon ev lene ke liye hum eligible hai ya fame 2 subsidy ek hi veh pat milegi 2 veh ya 4 veh par ...pl clear karen ...,2021-10-12T15:53:54Z,0,Neutral,0.7642355561256409,Neutral
UgxoDSgKgzebLUUdru94AaABAg,y_jtj0YvgWk,FAME 2 Subsidy Explained in Hindi💲⚡🚗,Electrify India,I am in gujarat....muje ola s1pro lenahe to subsidy k liye documentation me kya chahiye???? Gharka koi kagaj lagega ya fir dusre document lagege,2021-08-15T09:26:55Z,0,Neutral,0.7601358294487,Neutral
UgzxziiC-Y9oVgJPk3B4AaABAg,y_jtj0YvgWk,FAME 2 Subsidy Explained in Hindi💲⚡🚗,Electrify India,y there is no subsidy on retrosa scooter,2021-11-07T15:36:18Z,0,Neutral,0.5415966510772705,Neutral
UgyFYrw65k2CtdvlRzF4AaABAg,y_jtj0YvgWk,FAME 2 Subsidy Explained in Hindi💲⚡🚗,Electrify India,State wise subsidy info can u plz provide,2021-06-20T03:53:46Z,0,Neutral,0.842661440372467,Neutral
UgxT2eiQolRHhjCcvmB4AaABAg,y_jtj0YvgWk,FAME 2 Subsidy Explained in Hindi💲⚡🚗,Electrify India,Why pure ev is not applied for subsidy,2021-06-14T02:51:45Z,0,Neutral,0.5977470278739929,Neutral
UgzwlzYAZ5621aM9lgx4AaABAg,y_jtj0YvgWk,FAME 2 Subsidy Explained in Hindi💲⚡🚗,Electrify India,Bhai rto aur paper registration k liye 20k maang reha hai.. want to talk with you,2021-07-07T17:20:41Z,0,Neutral,0.883901059627533,Neutral
Ugzu9s1mTvTXBkyLSmt4AaABAg,y_jtj0YvgWk,FAME 2 Subsidy Explained in Hindi💲⚡🚗,Electrify India,Plz attached list subsidy bike model name,2021-06-05T22:26:32Z,0,Neutral,0.7904839515686035,Neutral
Ugy-aPDMcQUPu6CVRQV4AaABAg,y_jtj0YvgWk,FAME 2 Subsidy Explained in Hindi💲⚡🚗,Electrify India,Dealer subsidy nhi dera..msg call ignore kre h....kaha complaint krna chahiye,2022-10-26T16:22:53Z,0,Neutral,0.5486685037612915,Neutral
UgwIpXwwkvyBnAT6oHp4AaABAg,y_jtj0YvgWk,FAME 2 Subsidy Explained in Hindi💲⚡🚗,Electrify India,Govt ne subsidy bdayi he uska video bnao,2021-06-13T03:57:34Z,2,Neutral,0.7333072423934937,Neutral
Ugyya6KYhOdMIvF9QTV4AaABAg,y_jtj0YvgWk,FAME 2 Subsidy Explained in Hindi💲⚡🚗,Electrify India,Kya fame subsidy is only for register vehicle only please reply,2022-05-21T12:17:27Z,1,Neutral,0.7392593622207642,Neutral
UgynEWciaq1qet306P14AaABAg,y_jtj0YvgWk,FAME 2 Subsidy Explained in Hindi💲⚡🚗,Electrify India,is up out of fame 2 subsidy,2021-08-18T14:20:15Z,0,Neutral,0.7593978047370911,Neutral
UgxPkjJ4SGpLcJ0NyoB4AaABAg,y_jtj0YvgWk,FAME 2 Subsidy Explained in Hindi💲⚡🚗,Electrify India,Bro I booked ather 450x in April ...and paid full amount ..only delivery pending ... because of lockdown ...now frame 2 subsidy came ...what about us😔😔,2021-06-15T17:42:36Z,0,Negative,0.8515551090240479,Negative
Ugyuou4TOu_kEnGy3S14AaABAg,y_jtj0YvgWk,FAME 2 Subsidy Explained in Hindi💲⚡🚗,Electrify India,State subsidy par video kab thak aa sakta ha ?,2021-07-05T11:04:43Z,1,Neutral,0.7782214283943176,Neutral
UgymJoeXJGRsu72z52R4AaABAg,y_jtj0YvgWk,FAME 2 Subsidy Explained in Hindi💲⚡🚗,Electrify India,Center govt. Se Tata Tiago ev car ki subsidy lene ka kya process rhega pls mention. I belong to Rajasthan pls mention state subsidy,2023-06-26T05:38:37Z,1,Neutral,0.8092048764228821,Neutral
Ugza7Q6H-i7AQA89GJ14AaABAg,y_jtj0YvgWk,FAME 2 Subsidy Explained in Hindi💲⚡🚗,Electrify India,Bhai agar scooter pe FAME II avail kar li to fir EV car me nhi milegi dame person ko?,2021-09-16T08:07:32Z,0,Neutral,0.8470385074615479,Neutral
Ugy4IpDd0LD6e83v9Xl4AaABAg,y_jtj0YvgWk,FAME 2 Subsidy Explained in Hindi💲⚡🚗,Electrify India,Is Nexon EV comes under FAME 2 subsidy??,2021-09-25T10:21:57Z,1,Neutral,0.8947291374206543,Neutral
UgyQZmW1_m8ARx2Dfpd4AaABAg,y_jtj0YvgWk,FAME 2 Subsidy Explained in Hindi💲⚡🚗,Electrify India,Is subsidy ke liye kya mobile mein otp veg te hein?,2022-09-13T09:38:44Z,0,Neutral,0.8149780035018921,Neutral
Ugw2YDoqx1Tve-B9l2J4AaABAg,y_jtj0YvgWk,FAME 2 Subsidy Explained in Hindi💲⚡🚗,Electrify India,EV से GST हटा दिया तो ज़बरदस्त बूस्ट मिलेगा। 🇮🇳🇮🇳🇮🇳,2021-06-06T03:21:16Z,2,Neutral,0.8118007183074951,Neutral
UgykxtF1HX3fopu26eh4AaABAg,y_jtj0YvgWk,FAME 2 Subsidy Explained in Hindi💲⚡🚗,Electrify India,Ye old h new m to 15k/kw h subsidy,2021-06-24T05:28:28Z,1,Neutral,0.8712014555931091,Neutral
UgzHaLfKn5qJZ7swkoV4AaABAg,y_jtj0YvgWk,FAME 2 Subsidy Explained in Hindi💲⚡🚗,Electrify India,"Is fame 2 subsidy applicable to Pure neo etrance? If yes, then do we have to apply for subsidy or amount is already deducted by company/showroom. Pls let us know the procedure for it..",2021-06-17T18:32:11Z,1,Neutral,0.8743899464607239,Neutral
UgwSR9YEsTLTCuTrLfh4AaABAg,y_jtj0YvgWk,FAME 2 Subsidy Explained in Hindi💲⚡🚗,Electrify India,Benling aura price with subsidy,2021-07-26T07:16:52Z,0,Neutral,0.7931593656539917,Neutral
UgyyE_E4zLZi83uimN14AaABAg,y_jtj0YvgWk,FAME 2 Subsidy Explained in Hindi💲⚡🚗,Electrify India,4 wheeler pr koi subsidy nhi......mard...od o ne 4 wheeler pr only commercial pr di he,2021-07-03T21:17:40Z,0,Neutral,0.7317832112312317,Neutral
UgwpSmep6Y3s-FGDklx4AaABAg,xD4WvecISmw,Fame 2 Subsidy Stopped 🚨। Hero electric। Okinawa। Revolt। Okaya ev।Ampere ev। EvHindi,EV Hindi,Very good step by our government,2022-10-15T14:34:30Z,4,Positive,0.9567456245422363,Positive
UgweyvYQo72puxLTU4N4AaABAg,xD4WvecISmw,Fame 2 Subsidy Stopped 🚨। Hero electric। Okinawa। Revolt। Okaya ev।Ampere ev। EvHindi,EV Hindi,Hop oxo me subsidy milegi kaya?,2022-10-15T14:37:49Z,2,Neutral,0.8849246501922607,Neutral
Ugz-9Nj85dN5cKe23QR4AaABAg,xD4WvecISmw,Fame 2 Subsidy Stopped 🚨। Hero electric। Okinawa। Revolt। Okaya ev।Ampere ev। EvHindi,EV Hindi,15/06/2022 Hiro optima ni subsidy nahi ayi he ahmedabad to ham kya kare,2023-09-01T13:43:51Z,0,Neutral,0.8636131882667542,Neutral
Ugz7lHABhaMGQj_ElfV4AaABAg,xD4WvecISmw,Fame 2 Subsidy Stopped 🚨। Hero electric। Okinawa। Revolt। Okaya ev।Ampere ev। EvHindi,EV Hindi,Ola s1 le rha hu usme kese millege subsidy,2022-12-16T15:26:24Z,0,Neutral,0.7927689552307129,Neutral
UgzAW4i_voZcR5CW22x4AaABAg,xD4WvecISmw,Fame 2 Subsidy Stopped 🚨। Hero electric। Okinawa। Revolt। Okaya ev।Ampere ev। EvHindi,EV Hindi,Bhai state government ka subsidy milega ki ni okinawa ka gadi le rhe hai to ??,2022-11-16T16:00:56Z,0,Neutral,0.7875313758850098,Neutral
UgzZrHhBKy8cc8NfGAR4AaABAg,xD4WvecISmw,Fame 2 Subsidy Stopped 🚨। Hero electric। Okinawa। Revolt। Okaya ev।Ampere ev। EvHindi,EV Hindi,Revolt ki bhi hut gyi kya fame 2 subsidy kyoki uska price bohot increase hogya hai?,2023-03-08T15:30:20Z,0,Neutral,0.8072649836540222,Neutral
Ugy2X9zEVWvqCxKL8t14AaABAg,xD4WvecISmw,Fame 2 Subsidy Stopped 🚨। Hero electric। Okinawa। Revolt। Okaya ev।Ampere ev। EvHindi,EV Hindi,Okaya ka subsidy bandh nehi hua.,2022-12-08T10:09:58Z,0,Neutral,0.7853554487228394,Neutral
UgxV96EoqVLzL3C1BVZ4AaABAg,xD4WvecISmw,Fame 2 Subsidy Stopped 🚨। Hero electric। Okinawa। Revolt। Okaya ev।Ampere ev। EvHindi,EV Hindi,Mujhe hero k regarding document chaiye mil jaye ga kya ....1.ye chinese part use karti h or 2.govt ne iska subsidy band kr dia document formate me,2023-03-01T16:56:30Z,0,Neutral,0.7704353332519531,Neutral
UgzTforSEJJMiYhxup94AaABAg,xD4WvecISmw,Fame 2 Subsidy Stopped 🚨। Hero electric। Okinawa। Revolt। Okaya ev।Ampere ev। EvHindi,EV Hindi,Application is with citizen final submission pending,2023-04-15T01:25:53Z,0,Neutral,0.8638758659362793,Neutral
UgwZGv1C9zm7VZ7yCMV4AaABAg,xD4WvecISmw,Fame 2 Subsidy Stopped 🚨। Hero electric। Okinawa। Revolt। Okaya ev।Ampere ev। EvHindi,EV Hindi,Dealer subsidy nhi dera. 7 months hogye h....msg call ignore kre h....kaha complaint krna chahiye please help .sahara evols ki vehicle h,2022-10-26T16:32:22Z,0,Negative,0.5689411759376526,Negative
Ugzz4OHhQwxI8JnAds54AaABAg,xD4WvecISmw,Fame 2 Subsidy Stopped 🚨। Hero electric। Okinawa। Revolt। Okaya ev।Ampere ev। EvHindi,EV Hindi,Bhai ji kis site se aap ye subsidy wala chart dikha raha ho? Bataiya ga please,2022-10-15T14:52:43Z,1,Neutral,0.7686053514480591,Neutral
Ugwk9bGe4Gv22qSzIod4AaABAg,xD4WvecISmw,Fame 2 Subsidy Stopped 🚨। Hero electric। Okinawa। Revolt। Okaya ev।Ampere ev। EvHindi,EV Hindi,Bhai internet pe kuch report bole rahe he ki march 31st 2023 budget mein fame 2 subsidy government withdraw karne wali hai.kya yeh baat sach hai kya bhai? please batav.,2022-10-16T02:31:55Z,3,Neutral,0.6543142795562744,Neutral
UgztnPOiaNFiP8Jt5uh4AaABAg,xD4WvecISmw,Fame 2 Subsidy Stopped 🚨। Hero electric। Okinawa। Revolt। Okaya ev।Ampere ev। EvHindi,EV Hindi,"Hero pleasure ex showroom price is ₹66768/- that is pre GST should be ₹52162/- That includes an engine, a lead acid dry battery, silencer, oil tank etc. Without above those things it could be almost half. Keeping belt system in place and addind mid drive motor and 4 kwh battery It should around ₹70,000 plus GST Than Subsidy which could be as high as 50000 So Ola S1 should cost only 25 k without state subsidy. These companies are looting common people and government Think about shit like Okinawa now That is around 100 k to 120 k for hub motors and 140 k for shit like OKHI90",2022-10-17T18:44:27Z,0,Neutral,0.6840556859970093,Neutral
Ugz_p_I-uTrYuPVfm1t4AaABAg,xD4WvecISmw,Fame 2 Subsidy Stopped 🚨। Hero electric। Okinawa। Revolt। Okaya ev।Ampere ev। EvHindi,EV Hindi,Is it permanently ban on subsidy of hero electric?,2022-10-16T14:29:08Z,0,Neutral,0.764850914478302,Neutral
Ugw0NYxHSZJ0D8lMk614AaABAg,y_f2ARVtODE,670 Electric Buses and 240 EV Charging Stations Approved Under Fame 2 Scheme  || SINGH AUTO ZONE ||,SINGH AUTO ZONE,"Kejriwal ko Central ki koi bhi baat achha nahi lagta he bohi baza he ki Delhi keliye Bus nahi liya usne upar se bo bus me Make In India ki Sign he,Bo bilkul lega hi nahi...",2020-10-29T18:24:52Z,2,Neutral,0.8095422387123108,Neutral
UgzX7efbB6YO3bX51Vh4AaABAg,y_f2ARVtODE,670 Electric Buses and 240 EV Charging Stations Approved Under Fame 2 Scheme  || SINGH AUTO ZONE ||,SINGH AUTO ZONE,Sir fame 1 bhi complete Nahi hua aur fame 2 sab baate hain,2020-10-31T02:46:05Z,0,Neutral,0.8565971851348877,Neutral
UgzElNkBJd-ECr5Dn4t4AaABAg,WBn7LaCs8TE,Fame 2 Susbidy reduction 😰 | Right or wrong?,EV Gyan,"At current price with FAME subsidy removal or reduction, EV sales will decline. If they introduced Road tax then it'll be Dead sales.",2023-06-10T06:04:00Z,5,Negative,0.6143159866333008,Negative
Ugy-oCbwVK18rFFI2x54AaABAg,WBn7LaCs8TE,Fame 2 Susbidy reduction 😰 | Right or wrong?,EV Gyan,Bhai ab charging infra par govt dhyan degi so that logo ko confidence aaye,2023-06-09T18:16:51Z,4,Neutral,0.8048286437988281,Neutral
Ugy_d1E1R9508MqemWx4AaABAg,WBn7LaCs8TE,Fame 2 Susbidy reduction 😰 | Right or wrong?,EV Gyan,"Bro very knowledgeable and well explained video with good graphics ❤keep it up, No one can match with your dedication towards EV content❤, only need to increase your video frequency bro, eagerly waiting for your next video topic PLI scheme, I am also a Ather❤ owner, And Lots of Love from Nashik, Maharashtra 🚩❤",2023-06-09T18:19:11Z,11,Positive,0.9818156957626343,Positive
Ugzver4bZTYVD2rjko14AaABAg,WBn7LaCs8TE,Fame 2 Susbidy reduction 😰 | Right or wrong?,EV Gyan,"Subsidy should continue, cap should be atleast 40k",2023-06-09T14:38:51Z,20,Neutral,0.7226190567016602,Neutral
Ugzmcs9IBqcWRwckid54AaABAg,WBn7LaCs8TE,Fame 2 Susbidy reduction 😰 | Right or wrong?,EV Gyan,Government has taken the decesion according to market,2023-06-09T16:01:50Z,2,Neutral,0.8816952109336853,Neutral
Ugwy0R8OwbHNF_7Oanx4AaABAg,WBn7LaCs8TE,Fame 2 Susbidy reduction 😰 | Right or wrong?,EV Gyan,"In my opinion, this is a good step from the government because the two-wheeler segment is flooded with imported Chinese vehicles and are claiming the subsidy which is against the main objective of the FAME-II i.e. localisation. This is a loot of public money. And the Three-wheeler segment should be nourished because there is a huge scope of localisation in manufacturing and generation of income and employment throughout the lifespan of the vehicle. Even if you look at the e-rickshaws, where the motors, batteries and controllers are imported and are not eligible for any subsidies, you'll still find that from the process of assembling the rickshaws to driving it, so many people are earning from it. 100% of the Three-wheeler utilisation is for commercial purpose. Big e-commerce houses like Amazon India are moving towards e-mobility for logistics. Also due to high torque of EVs, three-wheeled logistics vehicles could reach every galis of India carrying more items than a two-wheeler.",2023-06-10T03:19:28Z,4,Neutral,0.5184135437011719,Neutral
UgxHmCMFNynHZrS2C8J4AaABAg,WBn7LaCs8TE,Fame 2 Susbidy reduction 😰 | Right or wrong?,EV Gyan,"All the products will be expensive to make and sell initially, then going forward will be cheaper. To fight such a situation govt gave subsidy, by now the companies should be able to produce vehicles cheaper.",2023-06-09T17:00:11Z,2,Neutral,0.5697291493415833,Neutral
UgzRfL2MNu5lgClos0x4AaABAg,WBn7LaCs8TE,Fame 2 Susbidy reduction 😰 | Right or wrong?,EV Gyan,Very good analysis. 2 wheeler EV companies should now look to reduce price so that they don't have to depend on subsidies.,2023-06-09T15:47:17Z,9,Positive,0.6001543998718262,Positive
UgysKK7EqpEc7HNYjjh4AaABAg,WBn7LaCs8TE,Fame 2 Susbidy reduction 😰 | Right or wrong?,EV Gyan,"Hum tax bharte hai to hame hi subsidy milni chahiye na,abhi dheere dheere log ev ke benefits samaj ke le hi rahe the aur fir se badha diya, ab fir 140000 ki ev lene se achha second me petrol le ke baki ke paiso ki sip karake interest pe hi chala sakte hai",2023-06-09T18:21:27Z,1,Neutral,0.7334995865821838,Neutral
Ugzs2l3X6VRbom39RhJ4AaABAg,WBn7LaCs8TE,Fame 2 Susbidy reduction 😰 | Right or wrong?,EV Gyan,"They should reuse the money which they will recieve as refund from ampere, ola and ather. And restart giving subsidy to customers. Penalty capitalisation is important",2023-06-09T18:15:33Z,1,Neutral,0.6978663802146912,Neutral
UgweBAcHPaKJ4ey0yn54AaABAg,WBn7LaCs8TE,Fame 2 Susbidy reduction 😰 | Right or wrong?,EV Gyan,Good explained about ev vehicles subsidy,2023-07-22T06:52:22Z,1,Positive,0.6916289925575256,Positive
UgyEt1VgG44mN-KMku94AaABAg,WBn7LaCs8TE,Fame 2 Susbidy reduction 😰 | Right or wrong?,EV Gyan,"Fact is, jab se government ne subsidy announce ki hai manufacturers ne price badha diye the. Matlab subsidy ka benefits customers ko nahi, company ko mil Rahi hai...",2023-06-14T17:03:42Z,0,Neutral,0.6940948367118835,Neutral
UgxvpnpDa3JrH8iaN5d4AaABAg,WBn7LaCs8TE,Fame 2 Susbidy reduction 😰 | Right or wrong?,EV Gyan,"Most of the companies didn't let consumer to have the benefit of Subsidy, This greedy companies looted Subsidy by raising the vehicle cost When Revolt was launched cost was around 1 lac showroom without subsidy but later it was increased to 172999 (Nov 2021) when subsidy was 48000!! just Imagine what if Company let customer to have benefit. there bike wold have been very affordably around 50k - 60k that to on road & even lesser amount in some states!!",2023-06-09T20:30:49Z,1,Negative,0.7752358913421631,Negative
UgxDwY17CC7bkhteJLp4AaABAg,WBn7LaCs8TE,Fame 2 Susbidy reduction 😰 | Right or wrong?,EV Gyan,"Ev manufacturers were abusing subsidy by increasing listing price , so now if ev manufacturers want to stay relevant they have to price accordingly",2023-06-11T06:57:15Z,0,Negative,0.6488186120986938,Negative
Ugxf04AwRRr3kcMUBIp4AaABAg,WBn7LaCs8TE,Fame 2 Susbidy reduction 😰 | Right or wrong?,EV Gyan,mujhe lagta hai jaise bajaj chetak ne apne price kam kare the bina fame II k wese hi aor company ko bhi karni chahiye sirf fame k bharose nahi rehna chahiye warna ev lene ka fayda hi kya jab wo itni mehengi ho jayngi.... ev lene ka fayda hi tab hai jab wo sasti ho,2023-06-10T07:02:15Z,1,Neutral,0.7880853414535522,Neutral
UgzsEhizD8cg4pn2Lx14AaABAg,WBn7LaCs8TE,Fame 2 Susbidy reduction 😰 | Right or wrong?,EV Gyan,Bought Activa 125 on 26 june... less subsidy high price by ev manufacturers/assemblers,2023-06-30T17:33:08Z,0,Neutral,0.6934743523597717,Neutral
Ugw9IVbhs6USiNLsP9F4AaABAg,WBn7LaCs8TE,Fame 2 Susbidy reduction 😰 | Right or wrong?,EV Gyan,Govt ka bht acha decission he like ola ko hi dekho bht loota he perfomance upgrade ke name pe or charger ke name pe,2023-06-10T03:40:12Z,0,Neutral,0.7965269088745117,Neutral
Ugwj-fhSIztqwJBKb5V4AaABAg,WBn7LaCs8TE,Fame 2 Susbidy reduction 😰 | Right or wrong?,EV Gyan,Middle class budjet me ane se pahle sabsidy khatam hui. 1 lakh ke andar e bike sale hona suru hone ke bad subsidy hata dete to chalta.,2023-06-09T15:59:51Z,0,Neutral,0.5281981825828552,Neutral
UgypqE6I3-u5GSe4h2p4AaABAg,WBn7LaCs8TE,Fame 2 Susbidy reduction 😰 | Right or wrong?,EV Gyan,Bahot si companies sirf subsidy khaane hie mkt me aayi thiii........ Government ko subsidy benefits ke liye price control mein rakhna thaa. Ab tak subsidy ka benefits sirf or sirf EV Manufacturers ne liya hain consumers ko sirf on paper benefishry battaya hain.,2023-06-11T11:48:10Z,0,Neutral,0.7090795040130615,Neutral
Ugx3OJ3WgKeHW7eelWR4AaABAg,WBn7LaCs8TE,Fame 2 Susbidy reduction 😰 | Right or wrong?,EV Gyan,Ola s1 pr charger ke pase nahi mil rahe kya,2023-06-09T22:20:10Z,0,Neutral,0.8085184097290039,Neutral
Ugy3CWL8mBaDAkRcCsJ4AaABAg,WBn7LaCs8TE,Fame 2 Susbidy reduction 😰 | Right or wrong?,EV Gyan,"Govt ne sahi kiya mgar, fame 2subsidy 25% honi chahiye two wheeler ke liye,20% four wheeler ke liye hona chahiye tha . Jai hind vande mataram",2023-06-09T17:46:05Z,1,Neutral,0.7074487805366516,Neutral
Ugy_Go_efw2gbfcfFR54AaABAg,WBn7LaCs8TE,Fame 2 Susbidy reduction 😰 | Right or wrong?,EV Gyan,sahi hai....tab to battery manufacturing hoga..,2023-06-10T05:23:19Z,1,Neutral,0.7861130237579346,Neutral
Ugzr-5xhF4nfqpSgJTh4AaABAg,WBn7LaCs8TE,Fame 2 Susbidy reduction 😰 | Right or wrong?,EV Gyan,Ola charger refund ka kya status hai ? Meri S1 pro ka to mila ni abhi tak...,2023-06-09T14:42:20Z,0,Neutral,0.7870656847953796,Neutral
UgwHag2cDTY74foTP_N4AaABAg,WBn7LaCs8TE,Fame 2 Susbidy reduction 😰 | Right or wrong?,EV Gyan,Subsidy ko band karlena chahiye tha q k company wale munafa bahat Jada kamai kar rahe the thode din ruko jab ev Kum bikne lagega to company walo ko price or Kum karna pdega. Ab vida ko dekhlo phle price tha 140000 ab 146000 subsidy 37500 Kum huye or price 6000 Jada kiye. munafa logo se pehle 37500 Jada kamai kar Rahe the pta nahi ab bhi kitne company wale kitne Jada paise Jada le rahe h. Mujhe lagta h subsidy pura ka pura company wale kha rahe h Ev lene walo ko iska faida nhi milraha Subsidy to sarkar ev lene walo k liye dete hai pr company Wale to khud kha jate h,2023-06-09T18:28:17Z,1,Neutral,0.7797825336456299,Neutral
UgzR48GuXOi8dBKiukl4AaABAg,WBn7LaCs8TE,Fame 2 Susbidy reduction 😰 | Right or wrong?,EV Gyan,Any updates of tvs charger refund,2023-06-10T04:49:03Z,0,Neutral,0.8687291741371155,Neutral
UgxsOgYqydYKwnLGoc14AaABAg,WBn7LaCs8TE,Fame 2 Susbidy reduction 😰 | Right or wrong?,EV Gyan,I bought my ola s1pro in may 2023 but I haven't received subsidy plz tell me what to do,2024-02-24T17:29:19Z,0,Negative,0.5875111222267151,Negative
UgyKWvMz_uyH1-Jy7CN4AaABAg,WBn7LaCs8TE,Fame 2 Susbidy reduction 😰 | Right or wrong?,EV Gyan,Km se kam ola s1 air jo book kiya tha 79999 me unko to mil jata fir km krte subsidy 😢😢😢,2023-06-12T06:18:54Z,0,Negative,0.6579008102416992,Negative
Ugywq8paMtdSbffLCgB4AaABAg,WBn7LaCs8TE,Fame 2 Susbidy reduction 😰 | Right or wrong?,EV Gyan,"Wrong step taken by Government, Jai Hind 🇮🇳",2023-06-10T12:13:42Z,0,Negative,0.8533270955085754,Negative
Ugz724gosYGWXb2DPUt4AaABAg,WBn7LaCs8TE,Fame 2 Susbidy reduction 😰 | Right or wrong?,EV Gyan,what is PLI scheme?,2023-06-10T02:24:57Z,0,Neutral,0.8917750716209412,Neutral
UgwUJnHc1VYUOOAut7h4AaABAg,WBn7LaCs8TE,Fame 2 Susbidy reduction 😰 | Right or wrong?,EV Gyan,"Central Government 11 lakh crore amount ki rebate adani, Ambani etc. corporate companies ko de sakti hai....lekin aam janta ko milegee sirf 10000 crore 😅 masterstrok..... subsidy ko 10000 se 20000 hi kar detey",2023-06-10T05:00:32Z,0,Neutral,0.7941436767578125,Neutral
UgwoqZgNWpI9KgtPOUd4AaABAg,WBn7LaCs8TE,Fame 2 Susbidy reduction 😰 | Right or wrong?,EV Gyan,Bhai m ev ka dealer hu.. or asliyat ye ha ki fame 2 customer ko company kabhi nhi deti.. wo apne manufacturer cost par 30-50% margin lete ha or subsidy ko bilkul alag rakhti ha is margin me se..... Fame ko ye alag rakhte ha usko sukha sukha kha rhe hai... Agar abbi lagam na lagaye to inko adat pad jayegi jo customer k liye musibat banegi,2023-06-11T15:32:13Z,0,Neutral,0.7400349378585815,Neutral
UgxUqxZXYtC2hjwjL0d4AaABAg,WBn7LaCs8TE,Fame 2 Susbidy reduction 😰 | Right or wrong?,EV Gyan,Mene January 2023 ko ola pro Li thi meri subsidy kab Tak aa skti h ?,2023-06-10T10:04:56Z,0,Neutral,0.844197154045105,Neutral
UgxOTlbNe8OLgyq--Jl4AaABAg,WBn7LaCs8TE,Fame 2 Susbidy reduction 😰 | Right or wrong?,EV Gyan,Good decision..... subsidy is not permanent solution,2023-06-10T15:21:57Z,0,Negative,0.49374377727508545,Negative
UgycLMcrl5wXf1_1kqh4AaABAg,WBn7LaCs8TE,Fame 2 Susbidy reduction 😰 | Right or wrong?,EV Gyan,Government should remove subsidy completely,2023-06-09T15:12:58Z,0,Neutral,0.5434552431106567,Neutral
UgwRDOO5TvPIvz61Nfd4AaABAg,WBn7LaCs8TE,Fame 2 Susbidy reduction 😰 | Right or wrong?,EV Gyan,It's the best decision of the government to reduce the subsidy because the as tarun said Chinese companies were taking the most advantage of that. And also one day or the other the subsidy were to stop. Even of the government had not reduced the subsidy it would have to end the next year. So this step will also teach the Indian companies to do more RnD and improve the supply chain to control the price of their vehicles. And even the Indian companies were also misusing the subsidy. They added the pro packs and performance improvement packs and charged 20-30K extra for that. Now we hope that will also reduce. Especially Ather ne sabse zyaada loot macha rakhi hai pro pack k naam par,2023-06-10T06:08:10Z,3,Positive,0.4757336676120758,Positive
UgyaPB0MgZH-9Pp8-NV4AaABAg,WBn7LaCs8TE,Fame 2 Susbidy reduction 😰 | Right or wrong?,EV Gyan,Manufacturing company is not trying to reduce vehicle cost for public. Company is increasing unnecessarily cost with addition of useless features in vehicle.,2023-06-09T15:24:42Z,0,Negative,0.8403227925300598,Negative
Ugz39_TcBxRg6bPmh9p4AaABAg,WBn7LaCs8TE,Fame 2 Susbidy reduction 😰 | Right or wrong?,EV Gyan,Government bhale hi 2₹ petrol par badha de par old subsidy fir se chalu kar de.😄😄,2023-06-10T11:04:43Z,0,Neutral,0.75105881690979,Neutral
UgxG6X4LZRadyou4Kdp4AaABAg,WBn7LaCs8TE,Fame 2 Susbidy reduction 😰 | Right or wrong?,EV Gyan,Govt ne bilkul sahi kiya hey....bi the way meine may 1 st mei kharidliya tha ola s 1 pro😅,2023-06-09T17:26:09Z,1,Neutral,0.7399352788925171,Neutral
UgyPYpF7Fj3orXjj9Bd4AaABAg,WBn7LaCs8TE,Fame 2 Susbidy reduction 😰 | Right or wrong?,EV Gyan,"Good decision to reduce, because it'll prepare EV manufacturers to reduce cost once FAME 2 subsidy ends",2023-06-09T14:48:46Z,52,Positive,0.7567520141601562,Positive
Ugyv2kaJLiebd1cH_654AaABAg,WBn7LaCs8TE,Fame 2 Susbidy reduction 😰 | Right or wrong?,EV Gyan,"they should have kept old subsidy for -2-3 years more ,,,,they are selling petrol and all at premium ever after crude prices have gone down by 25 % ,,so give that benefit to EV adoption ,,, if 10000cr are less ,,, GOV should increase that,,, but they are doing opposite ,,,",2023-06-09T17:32:32Z,0,Neutral,0.6286222338676453,Neutral
UgxblA_MFcmPKxZHcfx4AaABAg,WBn7LaCs8TE,Fame 2 Susbidy reduction 😰 | Right or wrong?,EV Gyan,"Any how electric two wheelers are over priced with or without subsidy. Petrol bikes technology are more complicated than ev technology, so how come they become pricer than petrol two wheelers? I think after the revision of subsidy the ev companies should think how they sustain in the market with the new rules and regulations.",2023-06-09T14:57:54Z,0,Negative,0.5063046813011169,Negative
UgzYhx3sqtcE7a-3T794AaABAg,WBn7LaCs8TE,Fame 2 Susbidy reduction 😰 | Right or wrong?,EV Gyan,No one focus that subsidy is written as susbidy in title,2023-06-09T15:54:10Z,2,Negative,0.5177432298660278,Negative
UgwACO2IWD_k-d3Ksg14AaABAg,WBn7LaCs8TE,Fame 2 Susbidy reduction 😰 | Right or wrong?,EV Gyan,Subsidy mile ya n mile tabhi ev ki price 1lakh tk mil sakthi thi company loot rahi hai,2023-06-09T15:16:05Z,0,Neutral,0.532693088054657,Neutral
UgwTDlhgp--SP5eurHd4AaABAg,WBn7LaCs8TE,Fame 2 Susbidy reduction 😰 | Right or wrong?,EV Gyan,Subsidy ko abhi nhi kam krna chhahiye the abhi to india me electric ko or aage bhada na he abhi to shuruwad hui he subsidy nhi milegi to electric ⚡️ vechile ko koi nhi lega,2023-06-09T15:11:16Z,2,Neutral,0.8258029818534851,Neutral
Ugwyh7gos-NgCH7XDvR4AaABAg,WBn7LaCs8TE,Fame 2 Susbidy reduction 😰 | Right or wrong?,EV Gyan,I think the subsidy should continue. But strictly for 90% indian made vehicle. Where all major parts are manufactured in India. Ola should not get even 1 rupee subsidy. The main part Battery is from South Korea,2023-06-10T19:22:38Z,0,Neutral,0.7036951780319214,Neutral
UgwYLsMmgG3CfLcoya54AaABAg,WBn7LaCs8TE,Fame 2 Susbidy reduction 😰 | Right or wrong?,EV Gyan,Maybe it's ok. Because maximum buyers will get subcidy. I purchased OLA S1Pro on May before Government announced for Fame2 subcidy cut. I got Rs. 60000 Subcidy for 4Klw that means Rs. 15000/Klw . Now the Subcidy is Rs. 10000/klw that means Rs. 40000 will be subcidy on OLA S1 pro. The new Price will increase by Rs. 20000 but OLA has increased only Rs. 15000 that means. Ola has adjusted Rs. 5000 from company Profit margin. After complition of OLA battery factory they can bring the scooter price more down and hope they don't need Subcidy in future.,2023-06-09T18:19:57Z,2,Neutral,0.7391695976257324,Neutral
UgwZMWLpfX1yPE4Xwq94AaABAg,WBn7LaCs8TE,Fame 2 Susbidy reduction 😰 | Right or wrong?,EV Gyan,HUM TO IQUBE ST KI RAAH DEKHATE RAH GAYE OR SUBSIDY KAM HO GAYI..🤣😅,2023-06-14T11:54:27Z,0,Neutral,0.7523689866065979,Neutral
Ugxt-UhJ34DS2dbmnIx4AaABAg,WBn7LaCs8TE,Fame 2 Susbidy reduction 😰 | Right or wrong?,EV Gyan,Bhaiya susbidy nhi subsidy h,2023-06-09T15:49:18Z,0,Neutral,0.7032590508460999,Neutral
UgzW1hXerSS5yIZtkOF4AaABAg,WBn7LaCs8TE,Fame 2 Susbidy reduction 😰 | Right or wrong?,EV Gyan,"Bhai maine 25 may ko ola s1pro book ki 1,47,145 rs mai aur 31 may ko mera RTO registration ho gaya lekin abhi jo aaj ki tarik mai iss same model ka price hai 1,84,569 😂😂 Aur same date 25 may ko mere dost ne dusre showroom mai book ki ola uska 1 jun ko RTO registration huwa usko 15000 aur payment kijiye ye msg aya 🤭🤭🤭🤭🤭🤭🤭🤭",2023-06-09T20:24:43Z,1,Neutral,0.7781809568405151,Neutral
UgytfLhGzoXwTF_YGpl4AaABAg,WBn7LaCs8TE,Fame 2 Susbidy reduction 😰 | Right or wrong?,EV Gyan,"Ev companies looting public..... Must decrease price and subsudy must continue, solution, so called government must appoint poeple to research how much each high selling, best brands in the market, kitna manufacturing cost horaraha h aur Kitna public se lerahi h, impose more gst etc on such companies looting public, taaki sabak mile, to decrase price, but subsidy must continue.",2023-06-11T01:31:01Z,0,Negative,0.6443503499031067,Negative
UgxuhqV75ja6w5Hhh3J4AaABAg,WBn7LaCs8TE,Fame 2 Susbidy reduction 😰 | Right or wrong?,EV Gyan,Jinhone April 23 me EV kharida hai unko to Ola S1 Pro par 19400 subsidy milega,2023-06-09T18:21:19Z,0,Neutral,0.7976879477500916,Neutral
Ugx6WUQVlVNIYUzoIEl4AaABAg,WBn7LaCs8TE,Fame 2 Susbidy reduction 😰 | Right or wrong?,EV Gyan,"Why government gave subsidy like ev scooter ampere and okinava, china imported material company ??",2023-06-10T07:14:28Z,0,Neutral,0.5486374497413635,Neutral
UgxXPo6qVPWAGUcWP194AaABAg,WBn7LaCs8TE,Fame 2 Susbidy reduction 😰 | Right or wrong?,EV Gyan,Its wrong step Stil they have to give 1 more year subsidy,2023-06-11T01:37:37Z,0,Negative,0.7364094257354736,Negative
Ugye9oTEXlzDxT9cbmF4AaABAg,WBn7LaCs8TE,Fame 2 Susbidy reduction 😰 | Right or wrong?,EV Gyan,Is government ki MKC,2023-11-10T05:06:44Z,0,Neutral,0.8231679201126099,Neutral
Ugylgr5Za78tSCwntf54AaABAg,WBn7LaCs8TE,Fame 2 Susbidy reduction 😰 | Right or wrong?,EV Gyan,Kya cars me bhi subsidy kam hui hai???,2023-06-09T15:18:51Z,0,Neutral,0.7579376101493835,Neutral
Ugw6-KA6LmTM6z4irPN4AaABAg,WBn7LaCs8TE,Fame 2 Susbidy reduction 😰 | Right or wrong?,EV Gyan,"Itna subsidies deke bhi itna costly kyun hota hai ev ka 😶 Ye ev companies jyada profit kama rahi hai nahi to price aur kam hota.. Jitna mass market manufacturing hoga, utna price kam hona chahiye lekin greedy ev companies 😒",2023-06-09T16:04:51Z,0,Negative,0.6932511329650879,Negative
UgxHmPbCKgcG86SMY_14AaABAg,WBn7LaCs8TE,Fame 2 Susbidy reduction 😰 | Right or wrong?,EV Gyan,"Hello Tarun bhai, Aaj may ola experiance center Gaya tha ola x1+ lenay. Tho abhi current price 85000 hai ex showroom aur insurance laga kar 96000 tay ayge on road. Fir manay puch bhai subsidy kitna milay ga tho ounlog nay bola subsidy laga kar 96000 hoga. Question yeah hai ki 96000 may subsidy inculaded ya fir alag say milay ga",2024-02-26T12:32:32Z,0,Neutral,0.818403959274292,Neutral
Ugz0Ty4zap_KVt3TduR4AaABAg,WBn7LaCs8TE,Fame 2 Susbidy reduction 😰 | Right or wrong?,EV Gyan,ACHI bat h gov ne subsidy Kam kar di Ab Mera ev 2 wheeler kharidne ka plane khatam Kyo ki itna mehga kharidna aukat ke bahar h,2023-06-09T17:28:26Z,0,Neutral,0.7413716912269592,Neutral
UgxwAs94saUQZ-vcZSt4AaABAg,WBn7LaCs8TE,Fame 2 Susbidy reduction 😰 | Right or wrong?,EV Gyan,No subsidy should be given to ev. they ev manufacturers deceived customer,2023-06-11T02:48:41Z,0,Negative,0.7951747179031372,Negative
UgwW0vW6bmHyPqkxGVh4AaABAg,WBn7LaCs8TE,Fame 2 Susbidy reduction 😰 | Right or wrong?,EV Gyan,Yaar baap ko just convince kar paya tha tab hi subsidy kam hou gyi,2023-06-10T10:32:11Z,1,Neutral,0.7381501793861389,Neutral
UgyLlpqoGWf7YPdoPjF4AaABAg,WBn7LaCs8TE,Fame 2 Susbidy reduction 😰 | Right or wrong?,EV Gyan,Bhai agr March mein scooter liya hai and ab tk subsidy nhi aayi toh woh fame 2 ki purani subsidy ayegi yha new wali ayegi.,2023-06-09T19:03:53Z,0,Neutral,0.7503362894058228,Neutral
UgxDzU-UgS9DmJ0qnEF4AaABAg,WBn7LaCs8TE,Fame 2 Susbidy reduction 😰 | Right or wrong?,EV Gyan,Bekar decusion 10 sal tak subsidy deni banati hai agar ev vehucles launch karne hai,2023-06-09T23:10:03Z,0,Neutral,0.7964861392974854,Neutral
UgwWJN-X5NU0y2qFDMN4AaABAg,WBn7LaCs8TE,Fame 2 Susbidy reduction 😰 | Right or wrong?,EV Gyan,No subsidy,2023-06-09T18:53:23Z,0,Neutral,0.689203679561615,Neutral
UgyG5naR1G6JMp_Fgy54AaABAg,WBn7LaCs8TE,Fame 2 Susbidy reduction 😰 | Right or wrong?,EV Gyan,"Govt ko chahiyey ki baaki bachi subsidy...Neerav Modi, Mehul Bhai, Vijay Bhai se le le 😂😂😂😂",2023-06-09T15:00:35Z,5,Neutral,0.6960731148719788,Neutral
UgzGihSEPjlnB18Limx4AaABAg,WBn7LaCs8TE,Fame 2 Susbidy reduction 😰 | Right or wrong?,EV Gyan,Price of activa without gst is around 68000 but electric scooter costs 1.5 lakhs. Big difference!,2023-06-09T17:13:36Z,7,Neutral,0.6169425249099731,Neutral
Ugyk7Fc577zRn10ZCQJ4AaABAg,WBn7LaCs8TE,Fame 2 Susbidy reduction 😰 | Right or wrong?,EV Gyan,After this video i think this is not that much bad step taken by government 🙂,2023-06-10T01:08:27Z,6,Neutral,0.4886041283607483,Neutral
UgwQXVmh9maWuqDUiwB4AaABAg,WBn7LaCs8TE,Fame 2 Susbidy reduction 😰 | Right or wrong?,EV Gyan,Subsidy sirf naam ki hai milna kuch nhi hai,2023-06-10T15:24:40Z,0,Neutral,0.7742516398429871,Neutral
Ugz-v5Yx5JvvGtg2tO54AaABAg,WBn7LaCs8TE,Fame 2 Susbidy reduction 😰 | Right or wrong?,EV Gyan,"Lets clear it, Fame subsidy ka sabse jada fayda EV manufactures ko hua h na ki consumers ko. Agar dekha jai to ye EV scooters kharide jane chahiye the ek aam aadmi ko jo Splendor ya activa jaise vehicle chalate h or Ye EV scooters ani chahiye thi Under 1 lakh including subsidy taki wo Splendor wala aam admi aram se EV pe shift ho sake but ye manufacture companies itni ghatia h k unone EV k price badha k he bhechna shuru kar dia jis se aam admi ka subsidy share b wo log le gye. Agar aisa nhi hota to abi jo ye 10lakh k around h sales whi is time 50Lakh+ hoti.",2023-06-10T03:33:24Z,2,Neutral,0.7559410929679871,Neutral
Ugzl2rvhVsQ0_DsCyfl4AaABAg,WBn7LaCs8TE,Fame 2 Susbidy reduction 😰 | Right or wrong?,EV Gyan,Bhai subsidy band honi chayiye kyuki apni rnd se price Kam karne chayiye,2023-06-10T08:04:11Z,0,Neutral,0.7228183150291443,Neutral
Ugysd0EUx7x7kjBWFh14AaABAg,WBn7LaCs8TE,Fame 2 Susbidy reduction 😰 | Right or wrong?,EV Gyan,Subsidy Kam nahi karna chahiye tha,2023-06-10T02:11:04Z,0,Neutral,0.7719855308532715,Neutral
UgzhE6nuJlcA0z4krhF4AaABAg,WBn7LaCs8TE,Fame 2 Susbidy reduction 😰 | Right or wrong?,EV Gyan,Ather charger refund,2023-06-09T14:29:44Z,1,Neutral,0.7458900809288025,Neutral
UgwiFOU6LTbvepuuApt4AaABAg,WBn7LaCs8TE,Fame 2 Susbidy reduction 😰 | Right or wrong?,EV Gyan,Not yet received the OLA charger refund. How can we get it.,2023-06-09T14:45:32Z,0,Negative,0.5886880159378052,Negative
Ugzg4y1RdMhDDSCt_QF4AaABAg,WBn7LaCs8TE,Fame 2 Susbidy reduction 😰 | Right or wrong?,EV Gyan,Definitely that's a very good decision taken by Indian government..and also a lot of credit goes to tarun bhai who explained us well about it💯🔥😁❤️,2023-07-05T20:23:35Z,1,Positive,0.9820480346679688,Positive
Ugw8Rm1Gn3iYXXak5N54AaABAg,zx3LAgChDl8,FAME 2 scheme effects on EV segment in india/fame 2 subsidy on electric cars.,SINGH AUTO ZONE,Okinawa I praise ka kya hoga Plsssssss bata do Itni bar puchh liya he 22000 subsidy ya badegi Electric Two wheeler pe capping he ya nahi Or puri jankari ni ho to Video mat banaya karo,2019-03-09T14:13:19Z,2,Neutral,0.7012431025505066,Neutral
UgzunTGJInLdfMI8OKt4AaABAg,3Or35c7-Xhw,Fame 2 Electric Vehicle Subsidy India | Kya Hai FAME II Subsidy | EV NEWS HINDI 2021,Gunisha Diaries,Subsidy Online karne ka link,2021-09-05T11:37:20Z,1,Neutral,0.8220146894454956,Neutral
Ugx3_TCcpmznsmP65cF4AaABAg,3Or35c7-Xhw,Fame 2 Electric Vehicle Subsidy India | Kya Hai FAME II Subsidy | EV NEWS HINDI 2021,Gunisha Diaries,Is applicable for personal car?,2022-08-31T16:06:51Z,1,Neutral,0.8744284510612488,Neutral
UgzaA4U1VeseqdcTHzB4AaABAg,RluvSqShT5E,Electric Vehicle Charging Station India Update//EV infra india//fame 2 scheme.,SINGH AUTO ZONE,Odisha ko 18 Itna kam Kyo ? Odisha ke mining areas me bahut jyada gadiya chalti hai jise Desel se Electric me convert karna bahut jaruri hai Achha hoga ki her ek mines owners ko kam se kam 5 charging stations. Lagane ki jimedari sarkar unhe de,2020-01-05T05:56:01Z,0,Neutral,0.8591446280479431,Neutral
Ugwjh5alC__5FygcxHl4AaABAg,RluvSqShT5E,Electric Vehicle Charging Station India Update//EV infra india//fame 2 scheme.,SINGH AUTO ZONE,Everyone is talking of charging station .one car take 1 hr to 8hrs to charge it full .so what will people do say 1000 station and 10000 vehicle's. So is it practical,2020-01-05T05:02:20Z,3,Neutral,0.7417987585067749,Neutral
Ugy8Mxx0TRIGSYsa44x4AaABAg,RluvSqShT5E,Electric Vehicle Charging Station India Update//EV infra india//fame 2 scheme.,SINGH AUTO ZONE,Jharkhand ka status kya hai govt. Kya kar rahi hai sir ji ?,2020-01-05T05:22:06Z,1,Neutral,0.8705277442932129,Neutral
Ugxplb8EuEZV3gLESfx4AaABAg,RluvSqShT5E,Electric Vehicle Charging Station India Update//EV infra india//fame 2 scheme.,SINGH AUTO ZONE,Telangana state ko ziada hona chahie charging station wahan Hyderabad hai,2020-01-05T19:57:52Z,1,Neutral,0.8607950806617737,Neutral
UgwaGqP41FtxUKSAs9B4AaABAg,RluvSqShT5E,Electric Vehicle Charging Station India Update//EV infra india//fame 2 scheme.,SINGH AUTO ZONE,When Govt will start this ???,2020-01-06T03:05:21Z,1,Neutral,0.6440970301628113,Neutral
UgxJTDgvIxsXlKiGEZB4AaABAg,RluvSqShT5E,Electric Vehicle Charging Station India Update//EV infra india//fame 2 scheme.,SINGH AUTO ZONE,"Aalag se laagake faida nhi. Highways k har eek dhaba, restaurant me charging stations hona chahiye.",2020-01-05T04:17:01Z,6,Neutral,0.5625856518745422,Neutral
UgzKPgiACNOaAFvUrUV4AaABAg,_lAoRIwnTtQ,Fame II Scheme Latest Update -  3 Year Warranty for EV | 25 EV Service Centers,Electric Vehicles India,"another important thing that should have been there is that all dealers should give flat 20% discount so a car that costs 13 lakhs sells at 10.4 L.and one costing 12 lakhs would now need 9.6 L. other condition needed is that for electric cars mileage should be at least 120 km to avail any subsidy (so tata gets subsidy till Mahindra revises the specs). also subsidy for public charging stations at 40% of total plant cost should be made applicable for DC fast chargers only and upto 30% for AC fast chargers. All major shops, hospitals, railway stations and malls now MUST provide at least 3 32 Amp plug points or 3 DC fast chargers.",2019-05-22T06:49:17Z,0,Neutral,0.7837710380554199,Neutral
Ugzi3kF7EdzWCzF3PQ54AaABAg,N8meBeLJmfQ,How FAME 2 scheme aims to promote the use of electric vehicles in India #UPSC #UPSC2020 #IAS,StudyIQ IAS,Make in India is good but current requirement is of Made in India.....,2019-08-17T14:10:46Z,10,Neutral,0.5047383308410645,Neutral
Ugyr5c70Acucn_3NX2B4AaABAg,N8meBeLJmfQ,How FAME 2 scheme aims to promote the use of electric vehicles in India #UPSC #UPSC2020 #IAS,StudyIQ IAS,"electric vechicle facts:- % share of EV 0.06% NITI ayog ----->only 30% can be replace by 2030 progression only seen in buses and three wheeler vehicles. problems FOR INDIA 1) Infrastructure ----> charging , production of parts 2)less option 3)cost of mantaince like battery 4)weak msme 5) low awareness for environment, electric vechicles, gst and subsidies 6)impracticle reports and policies 7) consumer price sensitiveness 8) ineffective policy implementation govt efforts under fameII 1)subsidy 2) infrastructure improvement 3) electrification of public transport criticism 1) subsidy indirect way 2) more focus in public vehicle less on pvt vehicle 3)benefits are applicable only to highly advance batteries 4) strict norms 5) certification time BEST IN FAME II 1) defined timeline 2) localisation both indegineous and TOT 3)more pumping of capital 4) LOW DEPENDENCE ON OIL AND GAS",2019-08-19T16:01:23Z,15,Negative,0.7071987390518188,Negative
UgxSNPDXD8xySU4pPBB4AaABAg,N8meBeLJmfQ,How FAME 2 scheme aims to promote the use of electric vehicles in India #UPSC #UPSC2020 #IAS,StudyIQ IAS,FAME -2 scheme is good Seceme..,2019-08-17T13:56:14Z,8,Positive,0.8582839369773865,Positive
UgzL7dYac2DXKwSFmix4AaABAg,N8meBeLJmfQ,How FAME 2 scheme aims to promote the use of electric vehicles in India #UPSC #UPSC2020 #IAS,StudyIQ IAS,"Vehicles electric se chalenge ar electric sunenergy, hydro energy se ar wind energy se banegi. What a good cycle. India will be a great participater in clean energy and environment safety. Thanks gaurav sir for clearing every aspect of fame 2",2019-08-18T04:31:46Z,2,Positive,0.9390758872032166,Positive
UgxigyNaK8MiRF7XvwZ4AaABAg,N8meBeLJmfQ,How FAME 2 scheme aims to promote the use of electric vehicles in India #UPSC #UPSC2020 #IAS,StudyIQ IAS,Sir up govt ne Jo avhi EV ke liye announce kiya hai uspe videi banaye,2019-08-18T03:24:00Z,1,Neutral,0.7937803268432617,Neutral
Ugy45o9soK1zUJr8Ehp4AaABAg,N8meBeLJmfQ,How FAME 2 scheme aims to promote the use of electric vehicles in India #UPSC #UPSC2020 #IAS,StudyIQ IAS,Subsidy customer ke account me aati h ya company ko milti hai,2020-11-18T14:59:42Z,1,Neutral,0.6717937588691711,Neutral
Ugw1_Ya6Alpb4jSpdiJ4AaABAg,N8meBeLJmfQ,How FAME 2 scheme aims to promote the use of electric vehicles in India #UPSC #UPSC2020 #IAS,StudyIQ IAS,"मेरे विचार में सरकार को EVs के लिए अभी बहोत काम करने की ज़रूरत है... 1) TAX न्यूनतम करना 2) EVs को heavily subsidies करना 3) Reg process के लिए लोगों के जागरूक करना और उन्हें प्राप्त करना आसान और त्वरित बनाना 4) Changing Stations ख़ुद बहोत ज़्यादा मात्रा में बनाना और tier 3 और 4 शहरों और क्षेत्रों पर ख़ास ध्यान देना... क्योंकि कम्पनियां इन जगहों पर ज़्यादा निवेश नहीं करेंगी 5) कंपनियों को आदेशित करना कि चार्जिंग टेक्नोलॉजी एक ही रहे... ताकि कम से कम एक तरह की गाड़ी किसी भी कम्पनी के चार्जिंग स्टेशन पर चार्ज हो सके... क्योंकि अगर ऐसा नहीं हुआ तो सरकार को बहोत मेहनत करनी होगी । 6) उत्तम गुणवत्ता की बैट्रियों के वृहद निर्माण, उपलब्धता, और क़ीमत पर ख़ास ध्यान देना ताकि उपभोक्ता इन्हें लम्बे समय तक इस्तेमाल कर सके और जब कभी भी इन्हें बदलने की ज़रूरत आये तो इन्हें खरीदने के लिए उसे अपनी किडनी ना बेचनी पड़े 7) कारों के किये सोलर और रोड इंफ्रास्ट्रक्चर पर ख़ास ध्यान देना... कई विकसित देश सड़कों में इलेक्ट्रो मैग्नेटिक कॉइल्स इंस्टॉल कर रहे हैं ताकि कार्स वयरलेस्ली भी चार्ज हो सकें तो सरकार को इस पर भी ध्यान देना चाहिए अगर वो वाकई EVs को बढ़ावा देना चाहती हैं... कम से कम हर नई हाइवे और बड़े मरम्मत वाले रास्तों पर तो इन्हें इंस्टॉल किया जाना ही चाहिए और कंपनियों को भी आदेशित किया जाना चाहिए कि वो शुरुआत से ही ऐसी गाड़ियाँ बनाये तो वायरलेस चार्जिंग की इस तकनीक को सपोर्ट करती हों । फिलहाल मैं इतनी ही बातें सोच पा रहा हूँ ।",2022-03-09T05:25:56Z,1,Neutral,0.8253124952316284,Neutral
UgyRcSpSkm_3zQ0NgYN4AaABAg,N8meBeLJmfQ,How FAME 2 scheme aims to promote the use of electric vehicles in India #UPSC #UPSC2020 #IAS,StudyIQ IAS,"My opinion is different than sir. In india, people mostly travel in public transport. That's why government should apply more effort towerd public sector transport like buses, trains, etc.",2019-08-17T18:13:39Z,0,Neutral,0.7518788576126099,Neutral
UgyQp04JaKKGScwSCld4AaABAg,N8meBeLJmfQ,How FAME 2 scheme aims to promote the use of electric vehicles in India #UPSC #UPSC2020 #IAS,StudyIQ IAS,Charging station par electric unit price kya ho skte hai? Or private car ki capacity kitne unit electricity hogi?,2019-08-17T17:38:16Z,0,Neutral,0.8707484006881714,Neutral
UgwQ6ZXPResYCWKnC8x4AaABAg,N8meBeLJmfQ,How FAME 2 scheme aims to promote the use of electric vehicles in India #UPSC #UPSC2020 #IAS,StudyIQ IAS,"Its not expected from NITI ayog to say anything stupid , it is a key reforming council for India and it should show professionalism rather than supporting the present Govt.",2019-08-18T09:27:28Z,3,Negative,0.4855547547340393,Negative
Ugy4LwZzZxKS7vyNjNh4AaABAg,N8meBeLJmfQ,How FAME 2 scheme aims to promote the use of electric vehicles in India #UPSC #UPSC2020 #IAS,StudyIQ IAS,govt announced 2.5 lakh on the interest paid on the loans taken for e vehicle not 1.5 lakh .,2019-08-19T12:59:15Z,0,Neutral,0.8523300290107727,Neutral
UgxUET976C7mRoV8RYJ4AaABAg,N8meBeLJmfQ,How FAME 2 scheme aims to promote the use of electric vehicles in India #UPSC #UPSC2020 #IAS,StudyIQ IAS,Kuch alag tarah ki battery innovate karna chahie Joi lithium ion ki tarah powerful ho aur uska raw material India me plentily available ho tab hum China ke upar rely kam karenge.. We need innovation.. We need to change the whole education system first for that.. otherwise we will only create govt. Employees not scientists..,2019-08-17T13:44:41Z,7,Neutral,0.7672386765480042,Neutral
UgzxLtQsovlMhaRW3iB4AaABAg,N8meBeLJmfQ,How FAME 2 scheme aims to promote the use of electric vehicles in India #UPSC #UPSC2020 #IAS,StudyIQ IAS,"Here if any private company or venture not attract for production of electrice vehicles, so for the creation of ""base of market"" government can initiate with private company or only public company, here government should establishe companys fot production of EV unite and sell it with low cost subsidy and with other post sell services like maintainace, so when local people realize it effectiveness of low cost so other people also buy, so it creat ""base of market"" after it heppen parivate company will also producing EV Bz of low cost market compition so in future we dont depend on import Bz thise type of stapes effect after long time so Here Currunt government take big decesion regarding climate change and pollution but india have low literacy rate and low income group so we cant take big decesion regarding climate change, we face many problems like poverty and agricultural problems so we focus in very much, yes it needed to focus on pollution but we need long term police regarding climate change.",2019-08-18T12:33:33Z,0,Neutral,0.7946473956108093,Neutral
UgyvBxEfMrK0AQlpLqx4AaABAg,N8meBeLJmfQ,How FAME 2 scheme aims to promote the use of electric vehicles in India #UPSC #UPSC2020 #IAS,StudyIQ IAS,Car ki battery change ho jani chahiye Car k upr ik solar panel lga do Petrol pump ko replace kro charging station s,2019-09-27T11:01:31Z,0,Neutral,0.74965900182724,Neutral
UgxRXesY2E5mQWtISnl4AaABAg,N8meBeLJmfQ,How FAME 2 scheme aims to promote the use of electric vehicles in India #UPSC #UPSC2020 #IAS,StudyIQ IAS,sir a new type of electric waste will also generate in the form of used battery and used chemical . this scheme lacks structure to manage that waste.,2019-08-17T17:41:00Z,8,Negative,0.7774618864059448,Negative
UgxwYcGg15M9PXvWJXJ4AaABAg,N8meBeLJmfQ,How FAME 2 scheme aims to promote the use of electric vehicles in India #UPSC #UPSC2020 #IAS,StudyIQ IAS,The main problem in this scheme is govt transferring money to ev company other than customer.Ev company are looting customer,2021-02-15T06:44:10Z,0,Negative,0.8548926115036011,Negative
UgzByJ9gbYU2ub_AfaR4AaABAg,N8meBeLJmfQ,How FAME 2 scheme aims to promote the use of electric vehicles in India #UPSC #UPSC2020 #IAS,StudyIQ IAS,जब तक हमसे जबरदस्ती नहीं की जाएगी तब तक कुछ नहीं होगा। नोटेबंदी कि सब डिजिटल पर आ गए। इसमें भी पेट्रोल का भाव बढ़ा दो ओर उससे जो पैसा आए उससे e Veichle ki subsidy pe kharch karo।,2020-11-18T07:53:53Z,1,Neutral,0.7836078405380249,Neutral
UgyfWFf0scGAZjvkTWd4AaABAg,N8meBeLJmfQ,How FAME 2 scheme aims to promote the use of electric vehicles in India #UPSC #UPSC2020 #IAS,StudyIQ IAS,सभी पेट्रोल पंप पर चार्जर पॉइंट बनाये। सरकार चाहे तो कुछ भी कर सकती है । ENVIRONMENT policy me compulsary kar de,2021-08-29T13:56:12Z,0,Neutral,0.7388626337051392,Neutral
UgxbEw685psj03UaY6p4AaABAg,N8meBeLJmfQ,How FAME 2 scheme aims to promote the use of electric vehicles in India #UPSC #UPSC2020 #IAS,StudyIQ IAS,It should be tax free.,2022-10-30T15:24:41Z,0,Neutral,0.7038084268569946,Neutral
Ugwku1LsEM_own6jAwR4AaABAg,N8meBeLJmfQ,How FAME 2 scheme aims to promote the use of electric vehicles in India #UPSC #UPSC2020 #IAS,StudyIQ IAS,"Instead of giving the subsidy in the car, they are giving a subsidy in the loan, so if I am gonna buy a car without taking a loan, the Government does not want me to buy an electric car?",2019-08-17T16:59:36Z,0,Negative,0.5316909551620483,Negative
UgyntMoljEiH0hhl6J94AaABAg,N8meBeLJmfQ,How FAME 2 scheme aims to promote the use of electric vehicles in India #UPSC #UPSC2020 #IAS,StudyIQ IAS,Government cycle compulsory q ni krr deti h youth k liye .....dekho isse Petrol Disel Traffic jam Accident Health improve Environment ko koi harm ni Jyada soace bhi ni lega bicycle ...jitne m car khdi hoti h utne jgh m 5 bicycle khde hi jaaye ..aur sasti bhi h,2019-08-17T13:51:14Z,0,Negative,0.5167669653892517,Negative
Ugz4OstAWEgrTWgDiOB4AaABAg,OWMQE56w2Bg,Fame India Scheme for Electric Vehicles - EV Telugu,EV Telugu,Thank you for valuable information bro..... I am waiting for your next video for more information about two wheeler eligible for subsidy bro..... Thank you once again bro.....,2020-11-17T12:40:21Z,1,Positive,0.96332186460495,Positive
Ugy0HAMzwvlkQd1aJ6Z4AaABAg,OWMQE56w2Bg,Fame India Scheme for Electric Vehicles - EV Telugu,EV Telugu,Can you provide the list of which company 2 wheeler electric bikes will eligible for this subsidy scheme? That helps alot for people who wanna buy a new bike.,2020-11-17T10:10:48Z,3,Positive,0.664178729057312,Positive
Ugws9z5kr6sMg1A6z914AaABAg,OWMQE56w2Bg,Fame India Scheme for Electric Vehicles - EV Telugu,EV Telugu,"Is Revolt Rv 400 bike eligible for fame 2 scheme in telangana, if eligible how much will be the subsidy amount, And what about the telagana electric vehicle scheme applicable for the above bike",2020-11-17T10:16:45Z,6,Neutral,0.9159132838249207,Neutral
Ugz6EN4bZuQjAKOWRAR4AaABAg,OWMQE56w2Bg,Fame India Scheme for Electric Vehicles - EV Telugu,EV Telugu,Ev car subsidy in every state video please,2022-12-07T02:55:22Z,0,Neutral,0.7525635957717896,Neutral
UgxNQ54_aFHw-YiyZ9N4AaABAg,OWMQE56w2Bg,Fame India Scheme for Electric Vehicles - EV Telugu,EV Telugu,"Can you make the video about electrical buses and with full details like electrical consumption, maintenance and subsidy etc...",2021-05-06T18:51:23Z,0,Neutral,0.9237950444221497,Neutral
Ugxz9Pa1B-8nZRyQ-fR4AaABAg,OWMQE56w2Bg,Fame India Scheme for Electric Vehicles - EV Telugu,EV Telugu,Bro subsidy vacha best electric car ni suggest chay high range lo,2020-12-01T19:21:05Z,0,Neutral,0.6867895126342773,Neutral
UgzAhzxM2kP8-pPRqXt4AaABAg,OWMQE56w2Bg,Fame India Scheme for Electric Vehicles - EV Telugu,EV Telugu,"Bro tata ev 4 wheeler public transport(cabs,ola,uber) ki 1.5l subsidy untunda?",2022-10-14T16:42:47Z,0,Neutral,0.7640636563301086,Neutral
UgxTdnioZdh09NeLHMR4AaABAg,OWMQE56w2Bg,Fame India Scheme for Electric Vehicles - EV Telugu,EV Telugu,bro make a new video on fame 2 subsidy for ola and simple one evs in telengana,2021-09-07T11:24:05Z,0,Neutral,0.8338800072669983,Neutral
UgzY6zKb6S6Bb9g1CtF4AaABAg,OWMQE56w2Bg,Fame India Scheme for Electric Vehicles - EV Telugu,EV Telugu,Subsidy unna bikes videos chey bro,2020-12-15T16:13:57Z,0,Neutral,0.8223879337310791,Neutral
UgyUCdV0tpr0qWnsAoF4AaABAg,OWMQE56w2Bg,Fame India Scheme for Electric Vehicles - EV Telugu,EV Telugu,Is Revolt RV400 Eligible For Fame 2 Scheme. . . !? Please Let Me Know. . .,2020-11-17T18:11:31Z,0,Neutral,0.8794525265693665,Neutral
Ugz4pO2t2C34OBhgri14AaABAg,OWMQE56w2Bg,Fame India Scheme for Electric Vehicles - EV Telugu,EV Telugu,ola scooty model ki e subsidy vastunda,2021-09-05T07:00:02Z,0,Neutral,0.7447396516799927,Neutral
UgzdYzuY6ZBKkfySwuF4AaABAg,OWMQE56w2Bg,Fame India Scheme for Electric Vehicles - EV Telugu,EV Telugu,MG ZS ev vehicle కి subsidy రాదా అన్న,2021-07-08T16:57:29Z,0,Neutral,0.7062659859657288,Neutral
Ugzu4-DEium6xebsfh14AaABAg,OWMQE56w2Bg,Fame India Scheme for Electric Vehicles - EV Telugu,EV Telugu,"Chinna correction bayya ,Maximum 150000 rs cost undali for two wheeler to avail subsidy",2022-03-27T21:09:08Z,0,Neutral,0.8031191229820251,Neutral
UgzCTOez05XWWnvW7B14AaABAg,OWMQE56w2Bg,Fame India Scheme for Electric Vehicles - EV Telugu,EV Telugu,pure ev valu mmau subsidy ivatledu so mru apply chesukovachu antunaruu so yala apply cheiyachooo chepagalara,2021-07-23T10:49:56Z,0,Neutral,0.8010675311088562,Neutral
Ugyb86NKp_Wu1uLRxKt4AaABAg,OWMQE56w2Bg,Fame India Scheme for Electric Vehicles - EV Telugu,EV Telugu,Ola electric scooter ki ela scheme ela pondhali,2021-08-02T14:59:43Z,0,Neutral,0.8133243918418884,Neutral
UgyURe43URJyCybGfm14AaABAg,OWMQE56w2Bg,Fame India Scheme for Electric Vehicles - EV Telugu,EV Telugu,"Fame1 was better, Fame2 is nothing, it's name itself resembles *popularity*, destroyed ev market from oct 31st,2018 as subsidy stopped to low speed ebikes which contributes to 95% of ev two wheeler segment. it is totally like water evaporation on hot plate before putting dosha😂🤩",2020-11-17T15:04:36Z,0,Negative,0.6714062094688416,Negative
UgybhPp9c4TcH03bSr14AaABAg,OWMQE56w2Bg,Fame India Scheme for Electric Vehicles - EV Telugu,EV Telugu,Anna Nenu Revolt 400 Bike Subcidy Adiga Direct Konte 152000Annaru With subcidy Aithe 200000 Kattalata 48000 Manaku return Account lo Vestarata Subcidy Ante bike cost 152000Aithe 48000. Subsidy ponu 104000 Kattali Manam Artham Avvatledu Anna Please Clarify Anna,2023-02-05T05:57:40Z,0,Neutral,0.912266194820404,Neutral
UgzUC11FfTauHAHhlTR4AaABAg,OWMQE56w2Bg,Fame India Scheme for Electric Vehicles - EV Telugu,EV Telugu,Scheme banane electric cycle 00 what camera,2024-08-06T09:10:35Z,0,Neutral,0.8928296566009521,Neutral
UgwL_elBrCcQxuMKp1p4AaABAg,OWMQE56w2Bg,Fame India Scheme for Electric Vehicles - EV Telugu,EV Telugu,RV 400 exshowroom price is rs 109000.sooo fame2 subsidy raadhu.Is it ??,2020-11-17T12:53:21Z,0,Neutral,0.7962140440940857,Neutral
UgytbvqAKx_P_IjJseh4AaABAg,OWMQE56w2Bg,Fame India Scheme for Electric Vehicles - EV Telugu,EV Telugu,"Hi sir, epluto 7g vehicle fame 2 scheme eligible or not?. Please text sir",2021-04-08T22:38:06Z,0,Neutral,0.8950046300888062,Neutral
UgzOYRWVn2KJK3cVu8V4AaABAg,OWMQE56w2Bg,Fame India Scheme for Electric Vehicles - EV Telugu,EV Telugu,"Ippudu nenu hero electric scooty kondham anukuntunna....Daani Showroom Price 75,000 Rs... Ippudu Subsidy Government naaku Account lo vesthundha....How can I Avail Subsidy... please Explain",2021-07-29T08:57:03Z,0,Neutral,0.7768389582633972,Neutral
UgzyUops1lI49_Yc2ZZ4AaABAg,X-ah8lorJdg,Electric Vehicle Policy | Buy Electric Vehicle and Save Tax | Modi Govt EV Policy | Fame 1| Fame 2,Stockk,I'm buying Mahindra e2o from bangalore to ap sir they was asking 68000 registration fee . What can I do sir,2022-06-23T14:18:22Z,0,Neutral,0.5741260647773743,Neutral
Ugz2leDfpehireuqW3p4AaABAg,X-ah8lorJdg,Electric Vehicle Policy | Buy Electric Vehicle and Save Tax | Modi Govt EV Policy | Fame 1| Fame 2,Stockk,What is current benefits,2024-03-17T19:18:39Z,0,Neutral,0.8381317853927612,Neutral
UgxFvWFJvcT75ggITKF4AaABAg,Occ-NX0v60E,Extension Of FAME II EV Scheme | Latest update | Drishti IAS English,Drishti IAS : English,Ques: The Parliamentary Standing Committee on Industry recommended extending the FAME-II scheme for electric vehicles by: a) 1 year b) 2 years c) 3 years d) 5 years,2023-12-26T09:29:07Z,1,Neutral,0.9164987802505493,Neutral
UgyPKlZWI0T3abMaTed4AaABAg,Occ-NX0v60E,Extension Of FAME II EV Scheme | Latest update | Drishti IAS English,Drishti IAS : English,"Extension of Fame -2 EV Schwme at peast 3 yrs beyind its citrent Marcg 2024 dedaline, The lcommitte believes these steps are nwcessaet to arvhieve the desired EV penetration by 2030 and make imdia a Global EV Hub , Extension amd wxpansion ,incentives ,policy stability, infrsture -encourage charging stations in public spaces and by self-help groups ,tq mam ❤",2023-12-26T09:40:49Z,1,Positive,0.8005164861679077,Positive
UgzRWsF1vUSKQZjgS7V4AaABAg,ZfOALUzttT4,PD Simplified | FAME 2 Subsidies,PowerDrift,"Hey #PDArmy, we hope this clears up your doubts about the FAME II subsidies. If you have any more, do write them down below. Hit that Like button if you wanna see more.",2021-07-01T04:16:32Z,29,Neutral,0.4921897351741791,Neutral
UgzoOUYyxRcAjnyUREh4AaABAg,ZfOALUzttT4,PD Simplified | FAME 2 Subsidies,PowerDrift,"Hello PD just love your content, Please amplify volume of Shumi's voice thankx",2021-07-01T04:31:39Z,6,Positive,0.9745638370513916,Positive
Ugx4il-wPNx8DHAJ2tN4AaABAg,ZfOALUzttT4,PD Simplified | FAME 2 Subsidies,PowerDrift,"Just got up and PD's notification popped up Really happy to see shumi first in the morning And yes, the point here is, 1) Is India electric ready? Though the fame 2 will give the manufacturers a great boost for production, are there much recharging stations in the country And next question is something that most of them won't even consider, 2) Do we got a any great plans for dumping these e wastes (batteries) once these run out of their life cycle?",2021-07-01T04:33:26Z,24,Positive,0.88258957862854,Positive
UgyBI7MjcGdQSgUbRZt4AaABAg,ZfOALUzttT4,PD Simplified | FAME 2 Subsidies,PowerDrift,Sir need to know about subsidy on 4 Wheeler ev,2021-07-01T04:24:29Z,12,Neutral,0.7789582014083862,Neutral
UgwIGJD-CrPqDMmBOm54AaABAg,ZfOALUzttT4,PD Simplified | FAME 2 Subsidies,PowerDrift,"Thank you PD army for explaining it clear and crisp, I am eagerly waiting to buy one EV, Ather is shortlisted, but waiting for Bajaj Chetak, TVS icube, Ola electric to launch in Hyderabad, so that I can compare and buy one of them..The only issue I see in EV'S is that the infrastructure is diff from one company to other.. Instead, they should have a common infrastructure so that all the EV'S can be charged with same chargers.. It's very difficult to maintain so many charging points for different charger types..Hope, someone can identify this from the government and make this change .",2021-07-02T15:05:32Z,1,Positive,0.7515516877174377,Positive
UgzKMAdlkrYH2bL2Y754AaABAg,ZfOALUzttT4,PD Simplified | FAME 2 Subsidies,PowerDrift,"Great video .... Nice explanation by sensei shoomi...... I believe electric automotive industry cannot grow substantially as it should unless govt. Along with private companies do not set infrastructure for the same. And when I say infrastructure, I mean charging stations availability, battery change garages, price of charging, etc.",2021-07-01T06:00:29Z,1,Positive,0.8467980027198792,Positive
Ugyiz0yatxEm6Nuftf94AaABAg,ZfOALUzttT4,PD Simplified | FAME 2 Subsidies,PowerDrift,"Hi, the video is informative no doubt, but I would like to know that the subsidies will be provided to first 1 lakhs customers and the rest will not be eligible for the subsidies is it so? or are there any eligibility criteria for the customers to avail the subsidies??",2022-07-10T17:59:26Z,0,Neutral,0.8715100288391113,Neutral
Ugx5whhIHIyaPXMbq8R4AaABAg,ZfOALUzttT4,PD Simplified | FAME 2 Subsidies,PowerDrift,"As per my knowledge, Fame 2 applies on Ex-sh price. So, is the road tax calculated on subsidized amount or ex-sh value(pre-subsidized)?",2023-05-13T16:15:43Z,0,Neutral,0.9107481837272644,Neutral
UgxuzY94ytOWzSlXZBp4AaABAg,ZfOALUzttT4,PD Simplified | FAME 2 Subsidies,PowerDrift,But subsidy is only available to one ev. I'm confused if one can avail subsidy on e2w and one e4w. (And even e3w),2022-06-05T05:02:31Z,0,Negative,0.5590966939926147,Negative
UgwDeGFiWMWLPIl3Csx4AaABAg,ZfOALUzttT4,PD Simplified | FAME 2 Subsidies,PowerDrift,", my question is How can I check the subsidies for different vehicles in different states",2021-08-16T05:29:30Z,0,Neutral,0.8785504698753357,Neutral
UgwvKFhlMHrG8jokI414AaABAg,ZfOALUzttT4,PD Simplified | FAME 2 Subsidies,PowerDrift,Please make a video on the nexon ev subsidy rate... And how much total subsidy will we get for buying an electric 4 wheeler...,2021-07-02T06:37:50Z,1,Neutral,0.7989672422409058,Neutral
UgzNZoE4TL_42_Fzwt14AaABAg,ZfOALUzttT4,PD Simplified | FAME 2 Subsidies,PowerDrift,I bought hero electric cx in 87000 but i get bill of 63000 there is 24000 fame 2 less but they don't return me 24000.. what to do,2022-10-31T12:56:26Z,0,Negative,0.6948811411857605,Negative
UgxhGT_RPV0KPwoNZAB4AaABAg,ZfOALUzttT4,PD Simplified | FAME 2 Subsidies,PowerDrift,Is the revolt under fame 2 subsidiary,2021-07-01T07:36:05Z,1,Neutral,0.8575988411903381,Neutral
Ugw-S1bM9WBnik3KjXp4AaABAg,ZfOALUzttT4,PD Simplified | FAME 2 Subsidies,PowerDrift,"I was in the confusion when i was in the market to purchase new 2 Wheeler 4 months back. Just one thing which made me to select petrol powered bike was RANGE. I am a guy who takes bike more than 350 kms in single strech at every alternate weekend, so the EV option was simply scraped. I think if govt. wants to promote EV, they should work on Charging station at every fuel pump currently operational and promoting technologies to quick charge the EV. Subsidies won't attract the bikers as easily as the infrastructure for recharging. If you want to buy normal 150 CC bike and cost is Rs 1,30,00 (OR) and EV's price is Rs. 1,50,000 (Without Subsidies) and if there is infrastructure and technology that can charge you vehicle say in 30-40 mins upto a range of atleast 100 KMS then nobody will mind paying extra 20,000 because do the math you will eventually save that 20,000 in just 1 year of purchase. because running Petrol powered bike will not only consume petrol but, in 1 year it will consume Rs. 1500 of engine oil (Non synthetic) Rs. 2000 on maintaining chain And other consumables which EV doesn't require. So the conclusion, spend on Infrastructure and technologies not subsidies.",2021-07-01T15:20:12Z,1,Negative,0.5064135193824768,Negative
Ugy1CIqj5Z-Z8W_vrCd4AaABAg,ZfOALUzttT4,PD Simplified | FAME 2 Subsidies,PowerDrift,Any information about why bajaj chetak doesn’t get a FAME subsidy?,2021-07-02T16:07:58Z,0,Neutral,0.5958608388900757,Neutral
Ugx_9giSi96gELH047Z4AaABAg,ZfOALUzttT4,PD Simplified | FAME 2 Subsidies,PowerDrift,You just made it more complicated Lol 😆🤣,2021-07-01T12:02:53Z,2,Neutral,0.4647819697856903,Neutral
Ugz4EHQ3QpMp20CwzzR4AaABAg,ZfOALUzttT4,PD Simplified | FAME 2 Subsidies,PowerDrift,Would like to know about Ola scooter Fame II price...Ola claimed of giving 5k less in ex showroom price in Maharashtra....does I still be able to apply for Fame II? or it is already covered by ola?,2021-09-14T16:42:01Z,0,Neutral,0.8612571954727173,Neutral
UgwSqSB5BNQfHD0WHrF4AaABAg,ZfOALUzttT4,PD Simplified | FAME 2 Subsidies,PowerDrift,For City use it is good but if you decide to go out of the city the problem start there range is not enough plus if you do get a charging station you have to wait for the vehicle to charge up. But if you say you will buy two vehicles one for city use that is electric and other one that will be petrol/diesel. Well everyone does not have that much money that they can buy 2 vehicles And there is a huge shortage of charging stations everywhere Replacing the battery will be a good option when you are in longer journeys or traveling out of the city,2021-07-01T08:17:11Z,1,Neutral,0.5241895914077759,Neutral
UgyvqOzH06qCem8wWqt4AaABAg,ZfOALUzttT4,PD Simplified | FAME 2 Subsidies,PowerDrift,Range is the issue in EVs and lack of charging stations,2021-07-01T07:07:02Z,5,Negative,0.6571837663650513,Negative
Ugx6i1JLLOUEiNq605x4AaABAg,ZfOALUzttT4,PD Simplified | FAME 2 Subsidies,PowerDrift,How can I check the various subsidies offered on different two wheelers in different states and the benefits,2021-07-01T12:44:28Z,1,Neutral,0.8995056748390198,Neutral
Ugyj3GlfN0JVgZnxgnt4AaABAg,ZfOALUzttT4,PD Simplified | FAME 2 Subsidies,PowerDrift,"I think if some standerdized charging stations are integrated into existing petrol pumps and a quick charge enabled battery becomes standard(charges within 1 hour), we will make the largest strides in favour of EVs.",2021-07-01T09:27:48Z,1,Positive,0.820445716381073,Positive
UgyyEKsDYNovZbnbUVR4AaABAg,ZfOALUzttT4,PD Simplified | FAME 2 Subsidies,PowerDrift,Why battery swapping is still not implemented in India?,2021-07-01T08:03:24Z,1,Negative,0.5401133894920349,Negative
Ugy5QPFYfnlGGFpw1C14AaABAg,ZfOALUzttT4,PD Simplified | FAME 2 Subsidies,PowerDrift,There buyback/exchange of existing vehicle could be a better option which govt should consider instead of subsidy.,2021-07-01T08:44:27Z,1,Neutral,0.683182418346405,Neutral
UgwZaMfcfZMtHwKRfuR4AaABAg,ZfOALUzttT4,PD Simplified | FAME 2 Subsidies,PowerDrift,How much subsidy on 4 wheelers like Nexon EV and Tigor EV?,2021-07-01T05:20:11Z,11,Neutral,0.8917419910430908,Neutral
UgyuDdHgek5B8tY57JN4AaABAg,ZfOALUzttT4,PD Simplified | FAME 2 Subsidies,PowerDrift,Isn’t the FAME not a part of Electric car purchase? I heard it’s not!! Any idea why?,2021-07-02T07:23:39Z,1,Negative,0.6359916925430298,Negative
UgxajMshcJo5ocmr3mF4AaABAg,ZfOALUzttT4,PD Simplified | FAME 2 Subsidies,PowerDrift,"I booked an RV 400 with 3.24kw battery but the subsidy being provided is only for Rs. 16000/- 5000 Rs per kw amounts to Rs. 16200/- 15000 Rs per kw amounts to Rs. 48,600/- Can someone tell. Me. If the subsidy is only 5000 Rs per kw if so why does the video mention Rs. 15000/- per kw",2022-01-31T20:23:02Z,0,Neutral,0.711153507232666,Neutral
UgzBBOfLaUenZeteSQF4AaABAg,ZfOALUzttT4,PD Simplified | FAME 2 Subsidies,PowerDrift,"I just love these simplified videos. Just one request though, please use an independent microphone for the voice.",2021-07-01T13:57:36Z,1,Positive,0.94171142578125,Positive
UgwSvBaPhUIboYDx0d14AaABAg,ZfOALUzttT4,PD Simplified | FAME 2 Subsidies,PowerDrift,First government should come up with one nation one road tax policy,2021-07-01T05:30:59Z,14,Neutral,0.7638558149337769,Neutral
UgxydWs20WIqaODpuyJ4AaABAg,ZfOALUzttT4,PD Simplified | FAME 2 Subsidies,PowerDrift,Charging station and range of the EV is the main issue from my prospective,2021-07-01T11:39:29Z,2,Negative,0.5664263367652893,Negative
UgyRlsNsB_Jl363RBAl4AaABAg,ZfOALUzttT4,PD Simplified | FAME 2 Subsidies,PowerDrift,"I have booked bajaj chetak and also got email from bajaj that your chetak is ready for delivery. But when i booked it it was 1,26,000 Rs now it is 1,53,000 and they say chetak is not qualified for subsidies. What should i do wait or cancel it.",2021-07-01T05:11:38Z,1,Negative,0.5560851097106934,Negative
UgzD9OSyehbj87Rms6F4AaABAg,ZfOALUzttT4,PD Simplified | FAME 2 Subsidies,PowerDrift,Some have opined that manufacturer benift as they marked up price to factor in the subsidy,2022-08-24T18:11:44Z,0,Neutral,0.7406402230262756,Neutral
Ugw-lcKCwGm_tkAaWzN4AaABAg,ZfOALUzttT4,PD Simplified | FAME 2 Subsidies,PowerDrift,I just inquired last week about AETHER 450X as per them state subsidy you should apply on your basis. showroom will not interfere in that . they just simply applied Central subsidy what should I do ?? I can provide you break up as I have quotation which coast on road in Pune 158500/-,2021-07-01T10:53:38Z,1,Neutral,0.8218036890029907,Neutral
UgztkWtIoXCD4V3NzTl4AaABAg,ZfOALUzttT4,PD Simplified | FAME 2 Subsidies,PowerDrift,Can u guys make a simplified video about all the automatic transmissions in cars. It always spins my head🥺,2021-07-09T11:02:46Z,0,Neutral,0.491119921207428,Neutral
UgzCZsgKp3kd7u6n2yJ4AaABAg,ZfOALUzttT4,PD Simplified | FAME 2 Subsidies,PowerDrift,"I think, the subsidy conditions need to reform. Because more then 80% EV 2 wheeler sales is from low speed scooters & there is no susidy for the low speed vehicles. If we getting per KW/15000/- Subsidy for High speed Scooters, then why not at least per KW/10000/- for slow speed Scooters.",2021-07-01T09:01:36Z,1,Negative,0.5794663429260254,Negative
UgxPDDTXytC52ub-zqN4AaABAg,ZfOALUzttT4,PD Simplified | FAME 2 Subsidies,PowerDrift,Calling . Expert advice required in understanding how the Fame II subsidy implementation in terms of purchase price actually works on ground cos as per the rules a 3kWh bike should get 45k subsidy but as you said an Ather gets 14500 subsidy..well m confused now.,2021-07-01T11:32:28Z,1,Negative,0.5338891744613647,Negative
UgyI4o2HyOHHNrJFYeR4AaABAg,ZfOALUzttT4,PD Simplified | FAME 2 Subsidies,PowerDrift,"do these rules apply to all states in India? YES price of most EV scooters are one of the major concerns, also the battery life and how much it will cost to REPLACE a battery after about 5 to6 years..",2021-07-01T04:38:18Z,0,Negative,0.6618977785110474,Negative
UgwzIlioq9iVV5knxGN4AaABAg,ZfOALUzttT4,PD Simplified | FAME 2 Subsidies,PowerDrift,"The additional subsidy is welcome but the availability of electric vehicle is still far in remote rural places of India. My parents want to buy an electric 2 wheeler to replace the petrol bike in kerala, but the lack of infrastructure + no electric models available in the district is very disappointing. Also how practical electric 2 wheeler will be with two persons on climbing uphill is another issue. Considering these basic issues, the only option for them now would be to purchase from bangalore and then to transport it to Kerala but availability of services and other processes becomes a huge concern.",2021-07-04T11:28:31Z,0,Negative,0.60258948802948,Negative
Ugz5yItdPjeh58GqC_h4AaABAg,ZfOALUzttT4,PD Simplified | FAME 2 Subsidies,PowerDrift,"Great content but What is that music, content didn't match with that, spy movie music on government policy explaination 😂😂",2021-07-01T08:52:15Z,1,Negative,0.6930539011955261,Negative
UgxKxW7ZjkEa8lLU9Rx4AaABAg,ZfOALUzttT4,PD Simplified | FAME 2 Subsidies,PowerDrift,I've been looking to get an electric scooter for a while but the slow addition of these scooters to new states is the issue. The manufacturers need to make the scooters available in more states. The FAME 2 Subsidy increase is a definite additional incentive to go Electric.,2021-07-01T05:55:45Z,0,Neutral,0.47605305910110474,Neutral
UgyNd_EgGLmUGWkKgWV4AaABAg,ZfOALUzttT4,PD Simplified | FAME 2 Subsidies,PowerDrift,Ather looks great but not available all over India subsidy is great but needs an ecosystem friendly to electric vehicles.,2021-07-01T05:44:50Z,0,Positive,0.4402584135532379,Positive
UgxTaf8FNhnFd2yJWzJ4AaABAg,ZfOALUzttT4,PD Simplified | FAME 2 Subsidies,PowerDrift,Govt at last is getting it. Great job 👏,2021-07-01T05:37:19Z,1,Positive,0.9692904353141785,Positive
UgyMCfRPHzgR3BtxcCR4AaABAg,ZfOALUzttT4,PD Simplified | FAME 2 Subsidies,PowerDrift,Price needs to come down Charging points need to be installed Battery swap stations needs to be installed Availability & after sale service is not upto the mark Most important factor: We need ev bikes & not scooters,2021-07-01T09:00:36Z,3,Neutral,0.501562774181366,Neutral
Ugzdp3fgpQklCvtrvNd4AaABAg,ZfOALUzttT4,PD Simplified | FAME 2 Subsidies,PowerDrift,"Why not keep low speed/low range electric scooties under this scheme, would have increased the sale of electric vehicle by big margin.",2021-07-01T08:20:18Z,1,Neutral,0.6913512945175171,Neutral
UgzEOHn3xrTsX7qYaLh4AaABAg,ZfOALUzttT4,PD Simplified | FAME 2 Subsidies,PowerDrift,Next Simplified video on Engine Braking. Please,2021-07-06T14:05:18Z,0,Neutral,0.7292248010635376,Neutral
Ugwpn0vu_g0g672XGNh4AaABAg,ZfOALUzttT4,PD Simplified | FAME 2 Subsidies,PowerDrift,Adoption needs infra support. How many residential societies have EV charging infrastructure. This needs to be there.,2021-07-01T17:49:30Z,0,Neutral,0.7238020896911621,Neutral
UgyzYOSza8iRVdQhM094AaABAg,ZfOALUzttT4,PD Simplified | FAME 2 Subsidies,PowerDrift,SIR FAME 3 PER VIDEO BANOW ? ! ?,2023-08-15T17:45:19Z,0,Neutral,0.8472779989242554,Neutral
Ugxaw7h-WnYmqpwnOqZ4AaABAg,ZfOALUzttT4,PD Simplified | FAME 2 Subsidies,PowerDrift,Charging Infrastructure....charging Infrastructure....charging Infrastructure...non existent in most metros & Tier 1s...do an analysis of that and ull know why Fame 2 won't go above 15% at all...,2021-07-01T18:00:56Z,1,Negative,0.6450450420379639,Negative
UgwvaHTuJgaG7ugt2s14AaABAg,ZfOALUzttT4,PD Simplified | FAME 2 Subsidies,PowerDrift,Evs should have removable battery so that we can take it out and charge. Because we dont have charging stations near the parking of vehicle.,2021-07-01T04:30:11Z,0,Neutral,0.6876043677330017,Neutral
Ugwy7pNGjAtpUrGGFJN4AaABAg,ZfOALUzttT4,PD Simplified | FAME 2 Subsidies,PowerDrift,Subsidies on ev cars please.,2021-07-01T04:55:01Z,0,Neutral,0.7230086326599121,Neutral
UgxlTyavfI-YnrYPKxF4AaABAg,ZfOALUzttT4,PD Simplified | FAME 2 Subsidies,PowerDrift,"But fame 2 scheme is a goolmaal thing, the best ev pure is not considered bcz it has good quality, but hero ev is of baakwas build quality as battery issues have subsidy , means govt is not bothered of service, quality and price, just a made in india worst products and just release the ev. Suffer is ppl.",2021-07-01T04:36:56Z,3,Negative,0.7375586032867432,Negative
UgxNl9tVmOQu7oYxMKR4AaABAg,ZfOALUzttT4,PD Simplified | FAME 2 Subsidies,PowerDrift,*No proper infrastructure.* Govt should focus on developing them. Fossil fuel lobbyists will make it hard but I'm pretty sure one can come up with a sustainable solution which will benefit both parties.,2021-07-01T06:33:40Z,0,Negative,0.591794490814209,Negative
UgzQFgFOWiaS1ZT_awV4AaABAg,ZfOALUzttT4,PD Simplified | FAME 2 Subsidies,PowerDrift,If government makes charging stations accessible to everyone almost every where like fuel stations I can buy EVs until then reduce the goddam price of petrol stupid government! Or install charging stations ..... FOOLS ( yeah I hate new policies they made lol),2021-07-01T07:03:35Z,1,Negative,0.682533860206604,Negative
Ugzk0EihaFPvu0KVOad4AaABAg,ZfOALUzttT4,PD Simplified | FAME 2 Subsidies,PowerDrift,"the problem with EV is charging. I cant have a standalone charger setup for me, as my apartment will not allow me to. And next, I think that the whole EV process is humbug. 75% of electricity that we use comes from coal, and and in no way I am reducing any carbon footprint. Its just an another idea of western countries to ensure that developing countries remain poor and they keep supplying new tech for dollars And even with Coal, new tech are available to reduce emissions, but wait what they do? they scrap coal (producing power s cheaper and abundant resources in India) and start Solar, nuclear bullshit, which they can export to us and get money. The world runs on money my friend. Maybe this post has gone out of the scope of the video, but yeah wanted to make an example to substantiate my claims :)",2021-07-01T06:10:27Z,1,Negative,0.8305714726448059,Negative
UgwUSi1dSC4zMV7tMSh4AaABAg,ZfOALUzttT4,PD Simplified | FAME 2 Subsidies,PowerDrift,"EVs are not itself at par in terms of 1. power and Range 2. Price and 3. Charging Infrastructure. Subsidies will play no major role in decreasing the CE vehicle sale. Ev in current market situation has no advantage over the Combustion engine CE apart from the fake usp of being environment friendly, customer dnt give a damm... Ev will flourish itself when it achieves above or atleast at Par with CE....",2021-07-01T06:49:39Z,0,Negative,0.7101004123687744,Negative
Ugz6nvegUXTPZwKbFN14AaABAg,ZfOALUzttT4,PD Simplified | FAME 2 Subsidies,PowerDrift,"We don't generate clean electricity, so the electric vehicles aren't really green. The major issue for me is the poor charging infrastructure and it's not gonna get better in the near future.",2021-07-01T06:19:07Z,0,Negative,0.9184365272521973,Negative
Ugyrg0vnx_5wUgnxPuh4AaABAg,ZfOALUzttT4,PD Simplified | FAME 2 Subsidies,PowerDrift,BUT WHO GETS THE BENEFITS OF THESE SUBSIDIES? companies are increasing the base price and hence they are pocketing the subsidies. No change in the price and customers are not getting the benefit.,2021-07-04T01:33:33Z,0,Negative,0.7164940237998962,Negative
UgwwszdAww1bWsLWj7x4AaABAg,ZfOALUzttT4,PD Simplified | FAME 2 Subsidies,PowerDrift,We are bull shited with Kerala right now because of nothing changes in Kerala no electric bike no nothing avilable no subsidy no aether and why is in't in india,2021-07-01T14:58:41Z,1,Negative,0.9276164174079895,Negative
Ugy5IimiUCgOS32LdgB4AaABAg,ZfOALUzttT4,PD Simplified | FAME 2 Subsidies,PowerDrift,Not so simplified,2021-07-01T07:19:34Z,0,Neutral,0.6458348631858826,Neutral
Ugz7x_wZxJ7Z0WeZV-F4AaABAg,XCK5ZFIgoKQ,Fraud by Hero Electric Vehicles in FAME2 Subsidy !! | Electric Vehicles India,Electric Vehicles India,Any subsidy is scam. Subsidy should be returned by income Tax department after ITR.,2022-04-22T19:42:08Z,2,Negative,0.6743340492248535,Negative
UgxI6KPLjtHQwRaWKMB4AaABAg,XCK5ZFIgoKQ,Fraud by Hero Electric Vehicles in FAME2 Subsidy !! | Electric Vehicles India,Electric Vehicles India,Government should manage the increasing prices of ev and should only give subsidy to who who had a tested vehicle.. really manufactured in India,2022-04-22T06:24:56Z,2,Neutral,0.6982478499412537,Neutral
UgxjGl8guANO8lICC-14AaABAg,XCK5ZFIgoKQ,Fraud by Hero Electric Vehicles in FAME2 Subsidy !! | Electric Vehicles India,Electric Vehicles India,"Not only Hero, All EV Manufacturing companies are taking fame2 subsidy by themselves by increasing the x showroom price.",2022-04-23T12:44:33Z,2,Neutral,0.7136266827583313,Neutral
Ugy2oamPukubkPxx2-l4AaABAg,XCK5ZFIgoKQ,Fraud by Hero Electric Vehicles in FAME2 Subsidy !! | Electric Vehicles India,Electric Vehicles India,Definitely government knows who is manufacturing who is not. Everything is done under their watch.,2022-04-23T00:44:14Z,0,Neutral,0.7464389204978943,Neutral
UgwQGSi36CAfrzVUn614AaABAg,HYcNDdQmduA,Fraud by Hero Electric Vehicles in FAME2 Subsidy !!  | EV Hindi |,EV Hindi,This step was taken after indigenous manufacturing started. Its just to give them advantage,2025-02-09T17:34:10Z,0,Negative,0.5169818997383118,Negative
UgxjwFZnilYaWW5-g4t4AaABAg,HYcNDdQmduA,Fraud by Hero Electric Vehicles in FAME2 Subsidy !!  | EV Hindi |,EV Hindi,sir .. EV khreedney ke bad Customer subsidy ko kaisey apply karey,2022-04-23T09:31:43Z,2,Negative,0.598365306854248,Negative
Ugz_NtAwtUwx68bzPDN4AaABAg,HYcNDdQmduA,Fraud by Hero Electric Vehicles in FAME2 Subsidy !!  | EV Hindi |,EV Hindi,"Every company is doing this, and do you think government is not aware about this?😊 All golmaal..",2022-04-24T05:20:36Z,1,Neutral,0.6484382152557373,Neutral
UgyQrY1bLTyE2ajnJ254AaABAg,HYcNDdQmduA,Fraud by Hero Electric Vehicles in FAME2 Subsidy !!  | EV Hindi |,EV Hindi,Corrupt government sabse bada,2022-05-07T08:07:19Z,0,Negative,0.8369238376617432,Negative
Ugw_9gJ1Sk1CWr905u94AaABAg,-GWby-RxrjA,Simple One Update | FAME 2 Electric Scooter Price Hike | Kabira KM5000 | EV News | PVJ Educational,PVJ Educational EV & Solar PV,I bought Ola s1 pro on 20th may so will i get old subsidy ? cause till now i dont got subsidy otp ?,2023-05-23T02:27:21Z,0,Neutral,0.6880903244018555,Neutral
Ugx15QP1YT_ZBZk1Q5x4AaABAg,eXFYcfJYU7I,बहुत बड़ी ख़ुशख़बरी | Electric two wheeler saste hogye | Fame 2 subsidy 2021 🔥,EV Gyan,"Revolt don't want to give govt subsidy benifits to their customers, definitely increase price again 👍👍",2021-06-17T03:40:35Z,4,Negative,0.7410479784011841,Negative
UgxLcF8bQz0mFlX_iuR4AaABAg,eXFYcfJYU7I,बहुत बड़ी ख़ुशख़बरी | Electric two wheeler saste hogye | Fame 2 subsidy 2021 🔥,EV Gyan,Indian government ko bolna Bihar m lane k liy ev bike,2021-06-13T07:31:36Z,1,Neutral,0.6566326022148132,Neutral
UgzxsCOqrfY_EXwrrq14AaABAg,eXFYcfJYU7I,बहुत बड़ी ख़ुशख़बरी | Electric two wheeler saste hogye | Fame 2 subsidy 2021 🔥,EV Gyan,Thanks bhai.. Yhi mujhe janna tha subsidy kise milegi,2021-06-13T13:42:02Z,0,Positive,0.7980520129203796,Positive
Ugw9AD8dXaJ5FE-38pd4AaABAg,eXFYcfJYU7I,बहुत बड़ी ख़ुशख़बरी | Electric two wheeler saste hogye | Fame 2 subsidy 2021 🔥,EV Gyan,"Most customer are not get benefit of the schemes,, b coz of companies",2021-06-13T05:56:57Z,0,Negative,0.7334122061729431,Negative
Ugzu1nkMyMEnEzBBJYp4AaABAg,eXFYcfJYU7I,बहुत बड़ी ख़ुशख़बरी | Electric two wheeler saste hogye | Fame 2 subsidy 2021 🔥,EV Gyan,Price was increased after fame2 subsidy. Earlier rv400 on road cost was rs 123000/- in Mumbai . After the fame2 incentives the manufacturer have increased their ex showroom prices due to the huge demand from customers and now the onroad costs for same bike is approximately rs.138000/-. The manufacturer are not passing the subsidy to customers.,2021-07-17T13:09:22Z,0,Neutral,0.6713705062866211,Neutral
UgygtO7006pDTYoQcuh4AaABAg,eXFYcfJYU7I,बहुत बड़ी ख़ुशख़बरी | Electric two wheeler saste hogye | Fame 2 subsidy 2021 🔥,EV Gyan,"Its a central govt guideline to provide subsidy by manufacturer, i m sharing letter",2021-11-21T03:25:16Z,0,Neutral,0.8658425211906433,Neutral
UgwuyveZNLN4ciEvtsJ4AaABAg,eXFYcfJYU7I,बहुत बड़ी ख़ुशख़बरी | Electric two wheeler saste hogye | Fame 2 subsidy 2021 🔥,EV Gyan,It's applicable for old booking?,2021-06-12T20:46:10Z,1,Neutral,0.9288034439086914,Neutral
Ugzs2cpeyc021Zj0ppB4AaABAg,eXFYcfJYU7I,बहुत बड़ी ख़ुशख़बरी | Electric two wheeler saste hogye | Fame 2 subsidy 2021 🔥,EV Gyan,Trun bhai bihar me kab aayega pliz batana bai pliz🙏🙏🙏 bai batana ok 🇮🇳🇮🇳,2021-06-13T01:20:04Z,0,Neutral,0.6878498196601868,Neutral
UgzXolEed_GzbNoCtU14AaABAg,eXFYcfJYU7I,बहुत बड़ी ख़ुशख़बरी | Electric two wheeler saste hogye | Fame 2 subsidy 2021 🔥,EV Gyan,1:24 Subsidy bhi nahi aur road tax+registration bhi diya 🤣,2021-06-13T02:01:09Z,1,Neutral,0.8517134189605713,Neutral
Ugx8DISx30MfBA8OYyl4AaABAg,eXFYcfJYU7I,बहुत बड़ी ख़ुशख़बरी | Electric two wheeler saste hogye | Fame 2 subsidy 2021 🔥,EV Gyan,"Any new guideline from govt related to fame 2 subsidy, subsidy transfer to customers account?",2021-11-20T03:29:34Z,0,Neutral,0.8588607311248779,Neutral
UgwLi0WcZfPo1BsYcld4AaABAg,eXFYcfJYU7I,बहुत बड़ी ख़ुशख़बरी | Electric two wheeler saste hogye | Fame 2 subsidy 2021 🔥,EV Gyan,bhai jldi reply krna nxt month vale slot me bike milegi to ye subsidy milegi ya nhi 🙏,2021-06-18T18:15:27Z,0,Neutral,0.784887969493866,Neutral
Ugyb3xxH9KJdQ-iD6Sl4AaABAg,eXFYcfJYU7I,बहुत बड़ी ख़ुशख़बरी | Electric two wheeler saste hogye | Fame 2 subsidy 2021 🔥,EV Gyan,Km3000 subsidy kitni hai,2021-06-18T05:45:59Z,0,Neutral,0.7494738698005676,Neutral
UgyxcKqK1um9c4yWaSl4AaABAg,eXFYcfJYU7I,बहुत बड़ी ख़ुशख़बरी | Electric two wheeler saste hogye | Fame 2 subsidy 2021 🔥,EV Gyan,Bhai subcidi only for Government employees,2021-06-18T12:54:51Z,0,Neutral,0.806107759475708,Neutral
UgwMBwSfRfw_7KgmxtF4AaABAg,eXFYcfJYU7I,बहुत बड़ी ख़ुशख़बरी | Electric two wheeler saste hogye | Fame 2 subsidy 2021 🔥,EV Gyan,bhai abi bike delivery h nxt month usme ye subsidy milegi ya nhi,2021-06-18T18:11:16Z,0,Neutral,0.7690607905387878,Neutral
UgxLqNwJlKXszSNjXDx4AaABAg,eXFYcfJYU7I,बहुत बड़ी ख़ुशख़बरी | Electric two wheeler saste hogye | Fame 2 subsidy 2021 🔥,EV Gyan,Comapny ya Govt. ko real price bhi disclose krna chahiye product ka,2021-06-12T20:46:32Z,0,Neutral,0.7690704464912415,Neutral
UgxxVlcznZzDdWGqjZx4AaABAg,eXFYcfJYU7I,बहुत बड़ी ख़ुशख़बरी | Electric two wheeler saste hogye | Fame 2 subsidy 2021 🔥,EV Gyan,bhai revolt ki site pr abi tak koi update nhi aaya h price ko lekr ye kb tak pta lgega ki subsidy kb se milegi new fame2 vali,2021-06-18T18:43:41Z,0,Neutral,0.740176796913147,Neutral
Ugz_ptjwhOE0D1GjDbV4AaABAg,eXFYcfJYU7I,बहुत बड़ी ख़ुशख़बरी | Electric two wheeler saste hogye | Fame 2 subsidy 2021 🔥,EV Gyan,Bhai maine RV400 ORDERED Ki he 30Aug to 4Sep21 delivery solt me milegi latest Fame2 subsidy Apply hogi kya और kitni?,2021-06-14T11:44:37Z,1,Neutral,0.8130762577056885,Neutral
UgwxKnVO7twoPEsKf_R4AaABAg,eXFYcfJYU7I,बहुत बड़ी ख़ुशख़बरी | Electric two wheeler saste hogye | Fame 2 subsidy 2021 🔥,EV Gyan,Brother i have already booked revolt i will get some benefit,2021-06-13T02:21:54Z,0,Neutral,0.5300523638725281,Neutral
UgyoPzgaUurPrZZr-Gp4AaABAg,eXFYcfJYU7I,बहुत बड़ी ख़ुशख़बरी | Electric two wheeler saste hogye | Fame 2 subsidy 2021 🔥,EV Gyan,Har state me alag alg hota hai ya sabhi state me same subsidy hota hai ? Odisha me kyun nahi mil raha subsidy,2021-06-13T02:46:27Z,0,Neutral,0.8114349246025085,Neutral
UgzlkTnyjALjpD8-0pF4AaABAg,eXFYcfJYU7I,बहुत बड़ी ख़ुशख़बरी | Electric two wheeler saste hogye | Fame 2 subsidy 2021 🔥,EV Gyan,Entrance neo me kitni subsidy milegi,2021-06-13T05:21:19Z,0,Neutral,0.7332996726036072,Neutral
Ugxm9P1LEdmn3H4cU3h4AaABAg,eXFYcfJYU7I,बहुत बड़ी ख़ुशख़बरी | Electric two wheeler saste hogye | Fame 2 subsidy 2021 🔥,EV Gyan,Sir meri delivery august mei. H ky mujhe ye sasti milegi or jo delhi ki subsidy h wo ac m wps aaygi ya ni,2021-06-25T17:15:12Z,0,Neutral,0.8230565786361694,Neutral
Ugy5M6O-yrgHXT96zbJ4AaABAg,eXFYcfJYU7I,बहुत बड़ी ख़ुशख़बरी | Electric two wheeler saste hogye | Fame 2 subsidy 2021 🔥,EV Gyan,Sir kya sirf revolt ko hi milti hai kya subsidy baki ke jo elecrtic vehicles hai aur jo ane wale hai unka kya ??? U give nice frequent updates about ev thanks keep it up ❤️❤️❤️❤️👍,2021-06-12T20:10:01Z,0,Positive,0.5899059772491455,Positive
UgwWFeaSemNTuGDopSx4AaABAg,eXFYcfJYU7I,बहुत बड़ी ख़ुशख़बरी | Electric two wheeler saste hogye | Fame 2 subsidy 2021 🔥,EV Gyan,"Fame 2 का letter, जो की subsidy का hain (video main 1:41 सेकंड ) वो letter share kare, प्लीज Revolt making a fraud, he is demanding subsidy amount also",2021-11-21T03:23:31Z,0,Neutral,0.6120872497558594,Neutral
UgxM3pW9TXAn7AuQYFx4AaABAg,eXFYcfJYU7I,बहुत बड़ी ख़ुशख़बरी | Electric two wheeler saste hogye | Fame 2 subsidy 2021 🔥,EV Gyan,"Right now agar RV 400 ka price 125000 hai & as per new norms 15000 ki subsidy par kw par milti hai to total subsidy 15000*3.2=48000, then final price should be 125000-48000=77000 but aapne video mai final price 95000 bataaya hai, why there is difference, please explain???",2021-06-13T09:51:45Z,0,Neutral,0.7897464632987976,Neutral
Ugz6K9lW3E7rRua9TTN4AaABAg,eXFYcfJYU7I,बहुत बड़ी ख़ुशख़बरी | Electric two wheeler saste hogye | Fame 2 subsidy 2021 🔥,EV Gyan,Subsidy to mil jyegi bike kaha se milegi.. 🥲 Uttar Pradesh me to available h hi nhi,2021-06-13T00:55:28Z,0,Negative,0.6021814346313477,Negative
Ugy0uaqfQQFpnkWHkAR4AaABAg,eXFYcfJYU7I,बहुत बड़ी ख़ुशख़बरी | Electric two wheeler saste hogye | Fame 2 subsidy 2021 🔥,EV Gyan,Hello bhai maine NOV 2020 me Order ki thi vo nii mili h abhi tak to kya mujhe bhi milegi ye subsidy,2021-06-14T05:31:14Z,0,Neutral,0.8264752626419067,Neutral
Ugx1W4-xaH3wnsUT8qJ4AaABAg,eXFYcfJYU7I,बहुत बड़ी ख़ुशख़बरी | Electric two wheeler saste hogye | Fame 2 subsidy 2021 🔥,EV Gyan,Bhai matlab gadi ki kimat rs.1cr he to uspe Rs.40 lacks ki subsidy milegi kya,2021-06-13T02:43:23Z,1,Neutral,0.7528156042098999,Neutral
Ugxvk8s_O2QU1CeSKFl4AaABAg,eXFYcfJYU7I,बहुत बड़ी ख़ुशख़बरी | Electric two wheeler saste hogye | Fame 2 subsidy 2021 🔥,EV Gyan,"Muze ye subsidy miligi kya , meri bike sep 21 me delivery slot hai. From mumbai",2021-06-13T04:23:03Z,0,Neutral,0.8885263800621033,Neutral
Ugy-yKFMPfb5dfrWi3F4AaABAg,eXFYcfJYU7I,बहुत बड़ी ख़ुशख़बरी | Electric two wheeler saste hogye | Fame 2 subsidy 2021 🔥,EV Gyan,Bhai ma U.P sa hu agar ma ya bike delhi sa lu tho subsidy applicable hogi kya please bhai tell me??,2021-06-18T19:40:14Z,0,Neutral,0.8838984966278076,Neutral
UgyD0VDZl_MDbj1pkI54AaABAg,eXFYcfJYU7I,बहुत बड़ी ख़ुशख़बरी | Electric two wheeler saste hogye | Fame 2 subsidy 2021 🔥,EV Gyan,"Revolt is demanding subsidy amount also in addition to bike price, ye to fraud hain Kindly comment",2021-11-20T03:19:38Z,0,Negative,0.5425891280174255,Negative
Ugz9yF28XzkWciWIswZ4AaABAg,mSPzmG4KoNY,How to Register for FAME II Scheme by an EV Manufacturer | FAME II Registration Process,Electric Vehicles India,"Hi, I am buying epluto 7g. I have already paid the amount to showroom. Is there any possibility that I can get the subsidy?",2021-02-07T18:44:20Z,0,Neutral,0.847746729850769,Neutral
UgyXoQTsfjFVkL4Ijip4AaABAg,mSPzmG4KoNY,How to Register for FAME II Scheme by an EV Manufacturer | FAME II Registration Process,Electric Vehicles India,Sir please clear my one point that is orginal price= ex. showroom price - subsidy? Sir please answer 🙏🙏,2021-06-03T07:10:41Z,1,Neutral,0.8277287483215332,Neutral
Ugzg7y39wWebOhLjsiJ4AaABAg,mSPzmG4KoNY,How to Register for FAME II Scheme by an EV Manufacturer | FAME II Registration Process,Electric Vehicles India,Brother if I am a customer nd buying th electric bike Revolt bike then do I don't get subsidy or fame 2 amount in my account ....customers buy nd customers don't get benefit of purchasing,2020-08-11T05:05:48Z,0,Neutral,0.641909658908844,Neutral
UgzOeHmwnM3RiwRRqKR4AaABAg,K5etB1S9zec,Electric Scooter FAME Subsidies : &quot;Good Guys&quot; vs Rebels | Industry Watch,PluginIndia Electric Vehicles,Government should suspend disbursement for companies till a complete supply chain audit is not completed for FAME 2 compliance including intelligence based imports data tracking of suppliers for similar components,2021-06-27T04:35:31Z,29,Negative,0.5201612114906311,Negative
UgxCrw0aTE5MrgGinmx4AaABAg,K5etB1S9zec,Electric Scooter FAME Subsidies : &quot;Good Guys&quot; vs Rebels | Industry Watch,PluginIndia Electric Vehicles,"In a policy filled with potential loopholes, how does one verify a company claiming to be 100% make in India is genuinely 100% make in India",2021-06-26T16:22:32Z,29,Neutral,0.548414945602417,Neutral
UgyJL_lR3txjwB2G33F4AaABAg,K5etB1S9zec,Electric Scooter FAME Subsidies : &quot;Good Guys&quot; vs Rebels | Industry Watch,PluginIndia Electric Vehicles,Are subsidies given in the Right companies? Really a big question in susbidy world,2021-06-26T17:44:35Z,17,Neutral,0.6941485404968262,Neutral
Ugx6CGEEH2YooNbj2kh4AaABAg,K5etB1S9zec,Electric Scooter FAME Subsidies : &quot;Good Guys&quot; vs Rebels | Industry Watch,PluginIndia Electric Vehicles,"Instead of a demand side induced subsidy mechanism which leads to potential abuse, we should have only capital subsidy for components level ecosystem development for True success of Make in India program",2021-06-26T17:07:09Z,29,Neutral,0.7031208276748657,Neutral
UgwhUZzfP4CIzL3eR5F4AaABAg,K5etB1S9zec,Electric Scooter FAME Subsidies : &quot;Good Guys&quot; vs Rebels | Industry Watch,PluginIndia Electric Vehicles,"This is a very important topic to speak on. Thank you Atul Ji for this video. FAME 2 subsidy is bad for the Auto EV industry, When anyone speaks of EV 1st thing that comes to mind is Subsidy. The EV industry is not crippled. FAME2 is like a ventilator to companies that cant manage in this race. ""EV means Subsidy"" this FALSE statement has to be gone for better future. 🌴",2021-06-27T09:11:59Z,15,Negative,0.4059767425060272,Negative
UgzJt8DcxhifklhzsPJ4AaABAg,K5etB1S9zec,Electric Scooter FAME Subsidies : &quot;Good Guys&quot; vs Rebels | Industry Watch,PluginIndia Electric Vehicles,Much needed video at this time....For consumers and every EV enthusiast. It will help now to understand this subsidy game better and choose the appropriate vehicle.,2021-06-26T16:57:03Z,17,Positive,0.808560311794281,Positive
Ugy7gxo89PKorW6rJlN4AaABAg,K5etB1S9zec,Electric Scooter FAME Subsidies : &quot;Good Guys&quot; vs Rebels | Industry Watch,PluginIndia Electric Vehicles,"Ceasar wife must ALWAYS stay above suspicion. Every OEM claiming subsidy benefits from taxpayers hard earned money must be able to demonstrate a complete back end ecosystem at supplier and subsupplier level for 100% of their TOTAL SALES to DESERVE subsidy benefits. If the definition of ""Make in India"" is being misinterpreted as importing components through sister concerns and just declaring as Indian made by changing labels, then the whole EV ecosystem needs serious introspection. Short term thinking will lead to serious long term damage by abusing the paperwork just for claiming subsidy benefits.",2021-06-27T16:40:34Z,21,Neutral,0.6566571593284607,Neutral
UgxN4PHpMF15Z_ZtzUh4AaABAg,K5etB1S9zec,Electric Scooter FAME Subsidies : &quot;Good Guys&quot; vs Rebels | Industry Watch,PluginIndia Electric Vehicles,Better to be the rebels . Excellent speech about fame 2,2021-06-26T15:24:36Z,14,Positive,0.8916041851043701,Positive
UgzFgK53fRYIXxfpKep4AaABAg,K5etB1S9zec,Electric Scooter FAME Subsidies : &quot;Good Guys&quot; vs Rebels | Industry Watch,PluginIndia Electric Vehicles,"It's ironic that the incumbent market leader who has been in existence since over 15 years is still looking for hard earned taxpayers money handouts, true and sustainable business models can never be built on foundations of subsidy",2021-06-26T17:17:41Z,15,Negative,0.7577312588691711,Negative
UgxMeiTibd3bf0Y4_ch4AaABAg,K5etB1S9zec,Electric Scooter FAME Subsidies : &quot;Good Guys&quot; vs Rebels | Industry Watch,PluginIndia Electric Vehicles,"My question to govt of India is that ""The purpose of the subsidy should be either Make in India or Made in quality India?"" Subsidiary schemes would make companies start manufacturing electric vehicles for satisfying the government of India instead of focusing on quality, consumer opinions and also results in major problems like lack of competition between rivals since everybody starts focusing on govt of India instead of the product quality. I go with #Rebels",2021-06-27T02:51:57Z,6,Neutral,0.5495145320892334,Neutral
Ugzze3jrAbcoyoDvQDd4AaABAg,K5etB1S9zec,Electric Scooter FAME Subsidies : &quot;Good Guys&quot; vs Rebels | Industry Watch,PluginIndia Electric Vehicles,"I don’t know what is wrong with these electric scooter companies, on one hand they are showing reduced ex showroom prices due to subsidy on their websites, on the other hand, their dealers are quoting higher ex-showroom prices and other RTO, Insurance charges. I don’t understand, whether after buying one, I’ll be a gainer or a loser. Some of those don't even have stock as well. I have lost faith in all these companies. So, I finally decided to go with PURE EV Etrance Neo, at least they are not looting their customers in the name of subsidy and still selling the vehicles on the existing prices which I enquired one month back before this subsidy was increased by government. I can pay some amount extra if i am getting such assurance which PURE EV's Dealer gave it to me.",2021-06-26T16:51:33Z,11,Negative,0.8194530606269836,Negative
UgzEIFtUfWFSbXsNMFt4AaABAg,K5etB1S9zec,Electric Scooter FAME Subsidies : &quot;Good Guys&quot; vs Rebels | Industry Watch,PluginIndia Electric Vehicles,"Fame 2 seems like Instant Gratification With FAME 2 if Quality and Performance of product suffers then its like moving backward in terms of Innovation. Company should be on their Ethics rather than being controlled by bureaucrates. Only companies with strong vision and high values can stand as Rebel # I support Rebel, #PURE EV",2021-06-27T08:10:46Z,13,Negative,0.6053680181503296,Negative
UgzhgK74yE97tbkgMot4AaABAg,K5etB1S9zec,Electric Scooter FAME Subsidies : &quot;Good Guys&quot; vs Rebels | Industry Watch,PluginIndia Electric Vehicles,"As this man used the word REBEL, it perfectly suits to PURE!! REBEL means ""Rise in the Opposition"". Whoever the opponents there in the EV market, only one Rebel (pure ev) can rise & rule the market sector with its cost efficient products irrespective of consumer benefit schemes.",2021-06-26T19:51:04Z,6,Positive,0.7318133115768433,Positive
Ugz0e5nmioPX94KCxyB4AaABAg,K5etB1S9zec,Electric Scooter FAME Subsidies : &quot;Good Guys&quot; vs Rebels | Industry Watch,PluginIndia Electric Vehicles,"Is it ok if PURE buys components from local traders just to make them make in India on paper but not in real spirit. We must atleast appreciate for their transparency and maintaining ethical high ground by leaving a huge subsidy amount like INR 37,500 on the table for both of their models 7G and Neo, which are technically qualified to get the subsidy with battery being produced in-house. Now with this video, it's clear to the EV community why PURE is not in subsidy regime, the promoters don't want to sign on certain documents which have major loopholes and indeed they want to protect their key stakeholders, their dealers and brand in the long run. As well stated by Plugin, it's ultimately consumers who will decide which products he wants to buy.",2021-06-27T06:08:34Z,30,Neutral,0.6787976026535034,Neutral
Ugx9ENZIV3Eh0mfjqfh4AaABAg,K5etB1S9zec,Electric Scooter FAME Subsidies : &quot;Good Guys&quot; vs Rebels | Industry Watch,PluginIndia Electric Vehicles,We need to appreciate companies who are withstanding on their own and without a proper charging infrastructure in our country giving their best battery range and quality as per Indian market,2021-06-26T17:41:04Z,3,Positive,0.47742998600006104,Positive
UgymyXPt0kTzZeKW8E94AaABAg,K5etB1S9zec,Electric Scooter FAME Subsidies : &quot;Good Guys&quot; vs Rebels | Industry Watch,PluginIndia Electric Vehicles,"Very delicate position for both of them. Govt wants localization(not to be dependent on outside, because Chinese are threatening the world with their manufacturing capabilities), PureEV wants quality suppliers, which takes a bit of work (does not want to lose the right suppliers).",2021-06-26T15:57:29Z,8,Neutral,0.6902503371238708,Neutral
UgzYSz2kC-ST0NIjdkt4AaABAg,K5etB1S9zec,Electric Scooter FAME Subsidies : &quot;Good Guys&quot; vs Rebels | Industry Watch,PluginIndia Electric Vehicles,"Electric scooters come with definite benefits. They have elegant design and other features to give you a riding experience without any problem on any surface. Since different companies make electric scooters, it is important to have a general idea about these scooters before making a final decision. You can choose the best pure eV electric scooter as like it’s name😍🤝😍",2021-06-26T18:27:43Z,6,Positive,0.9596889019012451,Positive
UgwZJ8qxOtEorIfzU414AaABAg,K5etB1S9zec,Electric Scooter FAME Subsidies : &quot;Good Guys&quot; vs Rebels | Industry Watch,PluginIndia Electric Vehicles,"The class room was supposed to be on FAME2 but it ended up being an explanation of the view point of PureEV. Rebel PureEV ate most of the screen time which I expected to be spent on the likes of Revolt, Ather which were the good boys in the class room of FAME2.",2021-06-27T04:29:11Z,3,Neutral,0.7671290040016174,Neutral
Ugz8XbIiF5rnjHHM85d4AaABAg,K5etB1S9zec,Electric Scooter FAME Subsidies : &quot;Good Guys&quot; vs Rebels | Industry Watch,PluginIndia Electric Vehicles,"Last dialog was really HARD, petrol Rs. 200/per Liter. Ab kya Indians ki jaan loge. ........ Pure EV has there confidence on there products, which is really good & products also. But for example Benling Aura & E Pluto 7G are almost same scooters, and if Aura gets the benefits of Subsidy then Epluto 7G will definitely loose on sales numbers. Like Amperes Magnus pro & Etrans Neo are neck to neck, but after subsidy Magnus Pro is most affordable. And one more important thing as we are Indians are love Discount word weather it's benefits us or not, but we want it.",2021-06-26T15:54:03Z,4,Neutral,0.5309312343597412,Neutral
Ugy_EtsC93jy8g9FnRN4AaABAg,K5etB1S9zec,Electric Scooter FAME Subsidies : &quot;Good Guys&quot; vs Rebels | Industry Watch,PluginIndia Electric Vehicles,"apart from the external body material (fiber) pure ev is the best in the market !!! unlike other scooters, pure ev gives a correct speedometer(better than other scooters) and accurate(minute errors, which is in all scooters) odometer and trip ranges... i couldn't understand the logic of ""need for external body casings to be in metal!!''' ... Dude!!! the bike is for city limit or town rides only, if you get a small damage on vehicle also, the vehicle body wont get effected much as it is of fiber, but in case of metal, small damage causes indentations and in city, you would go for low speed(approximate of 20-40kmph) in which a fiber body is more than enough!!!! you wont expect high damage in city limit unless you are rash in riding or your luck is bad (some hits from the back)!!!! but i see that fiber quality should be improved by small amount, because they have high speed of 60kmph, which should be a notable thing !! other scooters, but I guess considering this speed limit, they had given the correct quality of fiber.... in case of other 2W EV's the quality of fiber is good and speed is high (max. above of 60Kmph)... finally conclusion i can say is that, Yes... fiber is good enough for this speed range(60kmph) and for the application(city ride) of scooter, but quality should be improved a bit!!",2021-06-26T16:04:54Z,12,Positive,0.6825345158576965,Positive
UgwmmrV5uj5r5Gow9n94AaABAg,K5etB1S9zec,Electric Scooter FAME Subsidies : &quot;Good Guys&quot; vs Rebels | Industry Watch,PluginIndia Electric Vehicles,"instead of subsidies GOVT should remove GST, lifetax, registration fees. Customer should get for ex-showroom price",2021-06-27T04:17:22Z,2,Neutral,0.6676273345947266,Neutral
UgysgdsgsfWjyXLJiVx4AaABAg,K5etB1S9zec,Electric Scooter FAME Subsidies : &quot;Good Guys&quot; vs Rebels | Industry Watch,PluginIndia Electric Vehicles,Complicated laws are the biggest problem in this country and the pblm is only the people who have stayed or worked abroad know the difference in quality not only in EV industry but all the stuff available here .,2021-06-27T06:49:11Z,1,Negative,0.8374711275100708,Negative
UgypG8ai4OmC8L26NwV4AaABAg,K5etB1S9zec,Electric Scooter FAME Subsidies : &quot;Good Guys&quot; vs Rebels | Industry Watch,PluginIndia Electric Vehicles,"PURE EV is fame forever because PURE stands for Power Using Renewable Energy and true to its name ever since the its genesis at IIT Hyderabad.,",2021-06-26T15:51:28Z,24,Positive,0.9159218668937683,Positive
Ugxwv_RZDup0qIVzCRZ4AaABAg,K5etB1S9zec,Electric Scooter FAME Subsidies : &quot;Good Guys&quot; vs Rebels | Industry Watch,PluginIndia Electric Vehicles,I dont know about ather prices i am little confused I have purchased an Ather 450x in mumbai ex showroom for both + and x are 171k Then they have added performance pack of 19k to 450x so is the price of 450x 190k ??? Practically 450+ should be 150k and 450x with performance pack should be 170k and logically 450x should come at 1 lakh not 450+ with maharashtra subsidy i am little confused They sold me on road 131k 450x.,2021-10-08T05:37:59Z,0,Neutral,0.5179750919342041,Neutral
UgxNijMfPeaRH6-V1Q54AaABAg,K5etB1S9zec,Electric Scooter FAME Subsidies : &quot;Good Guys&quot; vs Rebels | Industry Watch,PluginIndia Electric Vehicles,PURE EV COMPANY is not joining govt Of India FAME 2 subsidy scheme just because 70% of their vehicles components are imported from China. And they are only assembling in India. Therefore he is not eligible for FAME 2 subsidy scheme. Nor do they have any near future plans for localization in India.,2021-06-27T04:38:21Z,4,Negative,0.7724172472953796,Negative
Ugy1zikusQYwRU0RCRF4AaABAg,K5etB1S9zec,Electric Scooter FAME Subsidies : &quot;Good Guys&quot; vs Rebels | Industry Watch,PluginIndia Electric Vehicles,"Atulji, I only liked the last part that you said for the government, that is to stop this subsidy as it is, not just seems like a publicity stint and putting the dealers and OEMs in cash flow trouble. As such even the government needs cash for many other more important welfare purpose at the moment in our country. I don't know about Ather like you, but others like hero, Okinawa and ampere dealers have had a tuff time and most have shut shops or diversified to other brands because of the failure to receive the subsidy from the government and the fame2 was a failure in the past 2 years. Some OEMs are having the marketing benefits now but it may be short lived by the facts that you mentioned correctly, about the corrupt government departments handling them, though dealers will face huge losses, ultimately customer will be the sufferer. I already appreciated the efforts of pure ev in bringing out the facts inside the fame2 adoption. On the other hand we see many developments happening in the ICE categories as well which is clear indication that government is not really supporting the EV segment but just creating confusion among the public to push them towards EVs by offering subsidy at the cost of the dealers actually, and government is just getting a good name in the public for doing so, when the other side of the story is entirely unknown to the public.",2021-06-26T14:57:03Z,0,Neutral,0.4961921274662018,Neutral
UgxzoTG_ws9x1Hl5rXV4AaABAg,K5etB1S9zec,Electric Scooter FAME Subsidies : &quot;Good Guys&quot; vs Rebels | Industry Watch,PluginIndia Electric Vehicles,"""If India has indeed developed a deep ecosystem for EV components manufacturing, why don't we see names for successful case studies for global exports for India EV OEMs like we hear in Indian Petrol OEMs!""",2021-06-28T12:04:22Z,1,Neutral,0.597251296043396,Neutral
UgynkzlpIdNseVxz6PZ4AaABAg,K5etB1S9zec,Electric Scooter FAME Subsidies : &quot;Good Guys&quot; vs Rebels | Industry Watch,PluginIndia Electric Vehicles,"The only thing needed for us is Research and Development in every sector in India. This is what we are lacking, look at INSAS. Instead of FAME model , that money should be given to Rn'D Labs itself even though they may exist in a company. Fir bolte hain : Hangama hai kyu barpa Rn'D to nahi ki hai",2021-06-27T09:37:21Z,0,Neutral,0.4569205045700073,Neutral
UgzPyZVch4NvY25up1Z4AaABAg,K5etB1S9zec,Electric Scooter FAME Subsidies : &quot;Good Guys&quot; vs Rebels | Industry Watch,PluginIndia Electric Vehicles,"*Pure has done the correct thing* Even with all the subsidy... Ather lacks the FEATURES of PureEV (Price, Range and Removable Battery). The importance of a REMOVABLE BATTERY is PARAMOUNT in an eBike ... And *Ather has refused to acknowledge this REALITY* (for those who stay in high rises and prefer to charge at home). *Honestly ONLY A FOOL will buy an eBike with FIXED Battery* this trend of fixed battery (with an intention to profit from recharging it) in eBikes should not be encouraged AT ALL.",2021-06-27T04:17:41Z,2,Negative,0.7008092403411865,Negative
Ugx4fBTkZVLusXWFDFh4AaABAg,K5etB1S9zec,Electric Scooter FAME Subsidies : &quot;Good Guys&quot; vs Rebels | Industry Watch,PluginIndia Electric Vehicles,Partially agree with Pure Energy team's stand on not going with FAME 2. They can focus on making good vehicles. Customers are ready to pay more for good quality vehicles if you remember pre-subsidy times.,2021-06-29T01:19:54Z,1,Positive,0.658471941947937,Positive
UgwXgMRf5JzxTz2YDOx4AaABAg,K5etB1S9zec,Electric Scooter FAME Subsidies : &quot;Good Guys&quot; vs Rebels | Industry Watch,PluginIndia Electric Vehicles,"Yeah if Govt increases petrol people will run for electric and not bother about Fame 2 scheme ,another question is why not for the low speed bikes.",2021-06-27T06:57:39Z,0,Neutral,0.5124129056930542,Neutral
UgzI-bQhK7CfOmGr6YV4AaABAg,K5etB1S9zec,Electric Scooter FAME Subsidies : &quot;Good Guys&quot; vs Rebels | Industry Watch,PluginIndia Electric Vehicles,Can we expect same kind of subsidy for Tata nexon ev? I mean four wheelers.,2021-06-26T17:18:52Z,2,Neutral,0.7875704169273376,Neutral
UgwkDSMfyQhxkaptRx94AaABAg,K5etB1S9zec,Electric Scooter FAME Subsidies : &quot;Good Guys&quot; vs Rebels | Industry Watch,PluginIndia Electric Vehicles,By allowing same thing to let makers import things is cause of still IC engine makers imports components from many countries instead of making themselves. Atleast if we dont impose such restrictions we may not be able to develop our own intellectual property rights of critical technology in powertrain. Its good what govt has done and bajaj is mainly concerned about all their profits instead of its national intrest. On the other hand TVS and many big companies are trying to enhance localisation by improving MSME.,2021-06-27T01:48:52Z,2,Neutral,0.4919136166572571,Neutral
UgzIsjc-_bcKY1NuX9R4AaABAg,K5etB1S9zec,Electric Scooter FAME Subsidies : &quot;Good Guys&quot; vs Rebels | Industry Watch,PluginIndia Electric Vehicles,Benling Aura e bike is selected or not for thia scheme phase 2..replay me,2021-06-26T18:18:29Z,0,Neutral,0.8342503905296326,Neutral
UgxqfJRTpQIfylVokWt4AaABAg,K5etB1S9zec,Electric Scooter FAME Subsidies : &quot;Good Guys&quot; vs Rebels | Industry Watch,PluginIndia Electric Vehicles,"electricvehicles in India is becoming a sector with more exaggerations rather than solving real ground problems. Many of us might disagree, but I think its the raw truth. It is creating more puffery than something really worth. What we are doing: - Unnecessary involvements /comparisons - Tesla gossips - Technology Transfers - Statistics - Sharing Govt. schemes/Policies - Creating FOMOS about world's largest/biggest etc. What we need to do - Engineering/technical discussions - Key Market segment talks - Solving each others daily challenges/problems - Strategies to raise the EV awareness among Indian mindsets - Meetings on Standardization of #EV and other relevant components. - Indigenous development of standard components, devices and machineries. We need #innovation more than #puffery.",2021-06-26T18:09:17Z,0,Negative,0.6151857972145081,Negative
UgyfaR4PvrOBFleYM-V4AaABAg,K5etB1S9zec,Electric Scooter FAME Subsidies : &quot;Good Guys&quot; vs Rebels | Industry Watch,PluginIndia Electric Vehicles,Epluto 7G & Etrance NEO are only EV's with 100+ Range(Proven) and Prices below 1Lak in Present India EV market. With out any FAME or GAME subsidys. People need to chose whether they want only Subsidy or a veichle with good range and service in affordable price.,2021-06-26T15:47:37Z,10,Neutral,0.7625887989997864,Neutral
UgxM35lE6XPvh4p0qn14AaABAg,K5etB1S9zec,Electric Scooter FAME Subsidies : &quot;Good Guys&quot; vs Rebels | Industry Watch,PluginIndia Electric Vehicles,"Fame 2 is just like petrol scam of India, but pureev is prices are very affordable",2021-06-26T15:01:39Z,16,Negative,0.47953271865844727,Negative
Ugy17z-ViOe1GYKvAER4AaABAg,K5etB1S9zec,Electric Scooter FAME Subsidies : &quot;Good Guys&quot; vs Rebels | Industry Watch,PluginIndia Electric Vehicles,Thanks sir this type of knowledge really helps consumers to go for right product with affordable prices and pure ev is the only product in that range and pure ev is the only company to stand for the consumer to avoid for further loss in terms of service for such small amount of subsidy,2021-06-26T15:18:23Z,16,Positive,0.8823496699333191,Positive
UgyOx4-PVxJly1ZadxN4AaABAg,K5etB1S9zec,Electric Scooter FAME Subsidies : &quot;Good Guys&quot; vs Rebels | Industry Watch,PluginIndia Electric Vehicles,"Compare to other companies vehicle pure electric vehicles are having more quality, stylish and also more milage.the high speed vehicle gives 120km per charge and also it is most liked by youngsters because of appearance",2021-06-26T15:11:10Z,15,Positive,0.8516478538513184,Positive
UgzcbAr5Mf9MRjFToUl4AaABAg,K5etB1S9zec,Electric Scooter FAME Subsidies : &quot;Good Guys&quot; vs Rebels | Industry Watch,PluginIndia Electric Vehicles,"Pure ev is getting fame every day because of the quality and technology ..very much satisfied with Etrance neo which is giving me the range of 110kms on average city speed of 40kmph, and when it comes to subsidy this vehicle doesn't need it actually it is very affordable even without subsidy ..very good escooter in the market, I test ridden lot of escooters but Etrance neo is best of them all..",2021-06-26T14:56:00Z,13,Positive,0.9657444357872009,Positive
UgywHxz1VCGdaK4F3St4AaABAg,K5etB1S9zec,Electric Scooter FAME Subsidies : &quot;Good Guys&quot; vs Rebels | Industry Watch,PluginIndia Electric Vehicles,"Has of a guy I'm proudly say that India's leading ev bike producers are from our state. And one comment to all paid trollers pure ev is very sustainable and cost efficient is their moto Coming to the point of subsidy, without subsidy they are giving the ev bike with top speed of 60km with 100km range. In a middle class budget. Coming to quality. The built quality is worth enough 👌 After a 7 months of using epluto 7g My review is an good ev to kick start your day. And save petrol cost. The build quality is good worth of money.",2021-06-26T17:14:25Z,11,Positive,0.8918965458869934,Positive
Ugy2524Gtgu833eKN0V4AaABAg,K5etB1S9zec,Electric Scooter FAME Subsidies : &quot;Good Guys&quot; vs Rebels | Industry Watch,PluginIndia Electric Vehicles,Subsidy= compromising vehicle quality by keeping production in new player's hands in the market...,2021-06-28T14:07:46Z,1,Negative,0.627619206905365,Negative
UgyqSwHLQUG46Pp1L8R4AaABAg,K5etB1S9zec,Electric Scooter FAME Subsidies : &quot;Good Guys&quot; vs Rebels | Industry Watch,PluginIndia Electric Vehicles,"*Govt should ALLOW Duty Free import from China ONLY in EVs and Solar Panels* ... Because in EVs: 1. They seem to be fooling the Govt in some way or the other. All of the them make in China nobody can avoid it. This is quite evident in make and feel. 2. It gives Big Corporations UNFAIR ADVANTAGE to allow them to get AHEAD in the EV race. 3. Growth of EV & Solar power will speed up with cheaper prices & lesser govt control. 4. Growth in EVs & Solar power will reduce India's dependence on Oil and reduce the flow of Dollar from India for OIL. 5. Ignoring Low Speed vehicles for subsidies also didn't make much sense because THEY sold in great numbers (LAKHS OF THEM 10Yrs ago & millions... if eRickshaws are counted)... So why was it ignored? Didn't make much sense if promotion of EVs was the objective. *Low speed VEHICLES have been the ABSOLUTE FAVOURITE* ... Yet it has been COMPLETELY ignored. *So we too agree, removing subsidy is more healthier than providing subsidy.*",2021-06-27T05:16:40Z,1,Neutral,0.5711583495140076,Neutral
UgyEcZspLydwFvfTsAx4AaABAg,K5etB1S9zec,Electric Scooter FAME Subsidies : &quot;Good Guys&quot; vs Rebels | Industry Watch,PluginIndia Electric Vehicles,Fame 2 policy is crap. Pure corruption. Good Pure is not getting into this. But I will like to see pure ev commited on its product n bring a 5 yr full warranty product let it be double the other good boys. Remeber there's difference between masses n classes.,2021-06-28T06:27:48Z,1,Negative,0.7408378720283508,Negative
UgxGo_MiAlFVhDqN0rB4AaABAg,K5etB1S9zec,Electric Scooter FAME Subsidies : &quot;Good Guys&quot; vs Rebels | Industry Watch,PluginIndia Electric Vehicles,Subsidies dont matter. We will buy a vehicle which we feel is good for us.,2021-06-26T18:30:42Z,1,Neutral,0.563999354839325,Neutral
Ugzys7_BEEAvByfIwG94AaABAg,K5etB1S9zec,Electric Scooter FAME Subsidies : &quot;Good Guys&quot; vs Rebels | Industry Watch,PluginIndia Electric Vehicles,Subsidy leni chahiye pureev ko.....ye india hai,2021-06-26T17:43:37Z,0,Neutral,0.7423356771469116,Neutral
UgykdWX5En9NGCMRXIB4AaABAg,K5etB1S9zec,Electric Scooter FAME Subsidies : &quot;Good Guys&quot; vs Rebels | Industry Watch,PluginIndia Electric Vehicles,"Govt make half baked policies, which end up creating more problem for the industry than actually help them. I feel govt advisory is filled with yes sir guy.",2021-07-03T07:30:53Z,0,Negative,0.8322210311889648,Negative
UgwT1PKXirRJNSCmYgF4AaABAg,K5etB1S9zec,Electric Scooter FAME Subsidies : &quot;Good Guys&quot; vs Rebels | Industry Watch,PluginIndia Electric Vehicles,The companies who are not going with fame 2 will not do well in future,2021-07-07T02:10:05Z,0,Negative,0.7938959002494812,Negative
UgySvuYjkgD7TMt4Dpx4AaABAg,K5etB1S9zec,Electric Scooter FAME Subsidies : &quot;Good Guys&quot; vs Rebels | Industry Watch,PluginIndia Electric Vehicles,Hope these companies don't increase price and take benefit of increased subsidies . Many people don't know g20 countries spend 55$ billion /year on oil industry subsidies.,2021-06-29T08:55:39Z,0,Negative,0.555483341217041,Negative
UgzIQAE4Z3qyES57ecF4AaABAg,K5etB1S9zec,Electric Scooter FAME Subsidies : &quot;Good Guys&quot; vs Rebels | Industry Watch,PluginIndia Electric Vehicles,"*As per 2Wheeler Driver License the TOP SPEED for 2Wheeler can ONLY be 50kmph* so a ""slow speed"" can only be 25kmph... This law is based on a variety of factors... And the stability of the vehicle. Many vehicle makers are unaware of basic laws of the country and keep increasing the Top Speed of 2-wheelers. Many 2 wheeler accidents have been caused because of this. Govt pretends to not see this trend. Also slow speed vehicles are very attractive to first time 2wheeler buyers and a HUGE section of the society too. *So it's not very bright if a company prefers to avoid this category.* The ONLY problem in this category is the designs are DEAD and the LEAST imaginative. There are ₹70,000 eCycles with 50km range but slow speed eBikes with 70km range costs approx40,000. Something strange 🤔 *Honestly this market is not properly evaluated nor addressed by eBike makers* ... India needs a genuine startup in this category who can create interesting eBike designs... not just import stuff.",2021-06-27T04:51:59Z,0,Neutral,0.4834349751472473,Neutral
Ugzp_zlz4ni9bb-VctJ4AaABAg,K5etB1S9zec,Electric Scooter FAME Subsidies : &quot;Good Guys&quot; vs Rebels | Industry Watch,PluginIndia Electric Vehicles,we will buy Ather as it gives subsidy as well as style and power,2021-06-27T14:38:41Z,2,Neutral,0.6227742433547974,Neutral
UgzEYiCB5ne9wN6eTxN4AaABAg,K5etB1S9zec,Electric Scooter FAME Subsidies : &quot;Good Guys&quot; vs Rebels | Industry Watch,PluginIndia Electric Vehicles,"In india only PURE EV not in Fame -2 , Now big daddy also in Fame-2. Your explanation is in favour of PURE EV only. Currently all company inside the Fame-2.",2021-08-20T04:12:17Z,0,Neutral,0.8015132546424866,Neutral
UgyqZqGK8dTjfOPRL314AaABAg,K5etB1S9zec,Electric Scooter FAME Subsidies : &quot;Good Guys&quot; vs Rebels | Industry Watch,PluginIndia Electric Vehicles,Mostly People go for electric vechile only 1 moto to save money so its also want low prices e v so its considered and search bater value option available in market so fame 2 subsidy give better option to customers to purchase 1st time e v and its have lots of doubt to purchase e v So its trying and go for better deal option and fame 2 subsidy play important role on it So those company not get fame subsidy its gets trouble to make sales and customers base. Because customers want save money and not want to spend money to much on 1st e v After customers use its e v few years and satisfied with then they have spent more money to buy best e v model available on market,2021-06-26T16:41:22Z,2,Neutral,0.6649318933486938,Neutral
Ugwx0nMCi83MC0iIZFR4AaABAg,K5etB1S9zec,Electric Scooter FAME Subsidies : &quot;Good Guys&quot; vs Rebels | Industry Watch,PluginIndia Electric Vehicles,Maruti Suzuki don't get subsidy,2021-06-28T03:16:42Z,1,Neutral,0.66671222448349,Neutral
UgzfdDIRIfmygQiYNVB4AaABAg,K5etB1S9zec,Electric Scooter FAME Subsidies : &quot;Good Guys&quot; vs Rebels | Industry Watch,PluginIndia Electric Vehicles,"Pure Ev is a good vehicle but few Disadvantages of Pure Ev Neo(latest) 1) Seat size is small , only 2 adults can sit comfortably, if u have a kid in between space will be critical 2) built quality needs lot of improvement 3) No Fame 2 subsidy But as said it is t best value for money even without subsidy... If they could have got subsidy then it would be 🔥🔥🔥🔥",2021-06-26T15:59:05Z,8,Negative,0.5329824090003967,Negative
UgxIJyrSjvwB2W-pCIh4AaABAg,K5etB1S9zec,Electric Scooter FAME Subsidies : &quot;Good Guys&quot; vs Rebels | Industry Watch,PluginIndia Electric Vehicles,"They should avail fame2 they are importing things from China thats why they are not able to avail, even Bajaj electric now a days importing their products directly from china",2021-06-26T18:27:34Z,2,Negative,0.7358920574188232,Negative
UgwXz0eEcZmXqaXCKGJ4AaABAg,K5etB1S9zec,Electric Scooter FAME Subsidies : &quot;Good Guys&quot; vs Rebels | Industry Watch,PluginIndia Electric Vehicles,"The purpose of Fame2 has 2 layers. The short term purpose is to enable more people to buy EVs at affordable price, but the more important and long term purpose is to create an EV ecosystem in the country, so that, the EVs become affordable in future without the subsidy..and that's why FAME 2 pushes for the localization. Of course, no law or regulation is perfect and can't fulfill all the scenarios...but Pure EV or Bajaj's stand make less people buy their products and hence less EVs on road which is not good. Both of them have very good products and it's time they opt for localization for the sake of their customer. Making a controller is no big deal at all, motor isn't that easy, but there are suppliers who are making them, it's not that we need Tesla's revolutionary motor for the scooters. Or else, they can make their products so good that the value will override the price and even without the subsidy people will buy the product, just what we are seeing in the US with Tesla. So, yeah I am with everyone who's making EVs and the govt too because they are providing subsidy(from the money earned from oil), what I am not in favor of is bitchin' about something because something is not favorable anymore, which used to be favorable earlier.",2021-06-26T18:56:17Z,1,Neutral,0.527262806892395,Neutral
Ugxg-FI81WXIW91Ku_t4AaABAg,K5etB1S9zec,Electric Scooter FAME Subsidies : &quot;Good Guys&quot; vs Rebels | Industry Watch,PluginIndia Electric Vehicles,I have been my self riding PuRE EV's two products pure ev etron + and epluto 7g and after using both for more than 1 year I am proud that I made a good decision that time buying these otherwise I had cheaper options available but then for quality I went for then and these are like build to last and till now no complications thanks to pure ev for maintaining such a quality that other products can't give you,2021-06-27T07:46:23Z,4,Positive,0.9438523650169373,Positive
UgwujfP8fBzDCAT3PgF4AaABAg,K5etB1S9zec,Electric Scooter FAME Subsidies : &quot;Good Guys&quot; vs Rebels | Industry Watch,PluginIndia Electric Vehicles,Pure needs to come under FAME 2 scheme otherwise they will suffer a lot in terms of market share And Ola electric will definitely shake the entire market with their production numbers,2021-06-26T14:27:56Z,11,Neutral,0.5402431488037109,Neutral
Ugx6yRSHmC_TSlikeSN4AaABAg,K5etB1S9zec,Electric Scooter FAME Subsidies : &quot;Good Guys&quot; vs Rebels | Industry Watch,PluginIndia Electric Vehicles,Benling Aura getting Subsidy,2021-07-05T09:52:37Z,0,Neutral,0.8274935483932495,Neutral
UgyzFjET9bb7dUajktp4AaABAg,K5etB1S9zec,Electric Scooter FAME Subsidies : &quot;Good Guys&quot; vs Rebels | Industry Watch,PluginIndia Electric Vehicles,"I think subsidy is being misrepresented here... Govt is not giving any money, they are just taking less in taxes from people who comply with certain rules ...i feel that is fair ..",2021-06-26T14:50:10Z,2,Neutral,0.5092018246650696,Neutral
UgwGI0fPnpruBjywmct4AaABAg,K5etB1S9zec,Electric Scooter FAME Subsidies : &quot;Good Guys&quot; vs Rebels | Industry Watch,PluginIndia Electric Vehicles,Sir I have booked Chetak bzck in April.... Now I have been communicated to complete the final payment & documentation. but is it good to oay 1.5L for that vehicle... please suggest... will chetak get the subsidy or reduces the cost any sooner? 😥,2021-06-27T02:36:07Z,0,Neutral,0.5387454628944397,Neutral
UgzVAJojQXY2CGgR2R54AaABAg,K5etB1S9zec,Electric Scooter FAME Subsidies : &quot;Good Guys&quot; vs Rebels | Industry Watch,PluginIndia Electric Vehicles,FAME or NO FAME these companies should try localise as much as possible. Otherwise today we are dependent for Oils on other countries tomorrow we will be dependent on other countries for EV components.,2021-06-26T18:06:28Z,3,Neutral,0.6308178901672363,Neutral
UgyLWh5uPohOkbBEnJ54AaABAg,K5etB1S9zec,Electric Scooter FAME Subsidies : &quot;Good Guys&quot; vs Rebels | Industry Watch,PluginIndia Electric Vehicles,Government should fine Bajaj and Pureev for not giving Subsidy,2021-06-28T02:08:21Z,0,Negative,0.6145029664039612,Negative
UgyIgmpPjNm2ArcoQhZ4AaABAg,K5etB1S9zec,Electric Scooter FAME Subsidies : &quot;Good Guys&quot; vs Rebels | Industry Watch,PluginIndia Electric Vehicles,"Pure Ev is using cheap quality parts in their bikes to match the prices with their counter part because others receive subsidy and they don't and to match the prices prices they are using cheap quality parts in their bikes in areas like body plastics , seat and many more Just to save little bit of costs",2021-06-26T15:24:46Z,4,Neutral,0.5297569632530212,Neutral
UgwekuHFfXyxvTEoThR4AaABAg,K5etB1S9zec,Electric Scooter FAME Subsidies : &quot;Good Guys&quot; vs Rebels | Industry Watch,PluginIndia Electric Vehicles,Don't buy pure ev made in china product thats why no fame 2 And making fool people in the name of IIT Hyderabad,2021-06-30T11:27:59Z,2,Negative,0.757647693157196,Negative
UgyrwXmPY7ji6XtTKst4AaABAg,wSCMR7ME74I,EV SUBSIDY UPDATE 2026 #singhautozone #ev #evnews #evsubsidy,SINGH AUTO ZONE,"Gujarat me REGISTRATION TAX dena padega kya, EV purchase karte vakht....?????",2026-04-07T13:54:23Z,0,Neutral,0.7934699654579163,Neutral
Ugx8VZEDBDhLgQ-Gisx4AaABAg,wSCMR7ME74I,EV SUBSIDY UPDATE 2026 #singhautozone #ev #evnews #evsubsidy,SINGH AUTO ZONE,What is about PM E-drive subsidy for 2 wheelers after 31 March 2026?,2026-03-27T12:19:17Z,5,Neutral,0.9315279722213745,Neutral
UgyDB3R6mSRhQd3CaSR4AaABAg,wSCMR7ME74I,EV SUBSIDY UPDATE 2026 #singhautozone #ev #evnews #evsubsidy,SINGH AUTO ZONE,March me gaadi li ho agar to April me subsidy milegi? Delhi me. Mai March me gaadi le chuka hu,2026-03-28T02:32:27Z,0,Neutral,0.6708076596260071,Neutral
UgxyIvRcz3-p-Xyr5L54AaABAg,wSCMR7ME74I,EV SUBSIDY UPDATE 2026 #singhautozone #ev #evnews #evsubsidy,SINGH AUTO ZONE,Road tax should be abolished for ev in all states.,2026-03-26T08:40:26Z,1,Negative,0.6619183421134949,Negative
UgzxtPbjiOqplFRNFRZ4AaABAg,wSCMR7ME74I,EV SUBSIDY UPDATE 2026 #singhautozone #ev #evnews #evsubsidy,SINGH AUTO ZONE,i am in telangana and trying to buy a mg ev. but the dealer is forcing to pay 15k registration fee.,2026-04-07T02:47:29Z,0,Negative,0.7185959219932556,Negative
UgymLIK0sfV2796a0uR4AaABAg,wSCMR7ME74I,EV SUBSIDY UPDATE 2026 #singhautozone #ev #evnews #evsubsidy,SINGH AUTO ZONE,Madhya Pradesh ka bataiye yahan to subsidy band kar di gai hai abhi June 15 ko gadi Li Hai subsidy nahin Mili,2026-06-16T07:28:50Z,0,Neutral,0.7328118085861206,Neutral
UgzGFyGZFpuML-sV1_F4AaABAg,wSCMR7ME74I,EV SUBSIDY UPDATE 2026 #singhautozone #ev #evnews #evsubsidy,SINGH AUTO ZONE,3 sal ho gya hi mujhe subsidy nhi mila hi abhi tak ola s1 ka,2026-03-31T09:43:43Z,0,Neutral,0.788760781288147,Neutral
UgzsS1RebfEybRhzMW14AaABAg,wSCMR7ME74I,EV SUBSIDY UPDATE 2026 #singhautozone #ev #evnews #evsubsidy,SINGH AUTO ZONE,Mera ola ki subsidy 3 sal me aai,2026-03-28T07:29:18Z,0,Neutral,0.7492103576660156,Neutral
UgzGb4g5f19Yk7g48C54AaABAg,wSCMR7ME74I,EV SUBSIDY UPDATE 2026 #singhautozone #ev #evnews #evsubsidy,SINGH AUTO ZONE,"99% indain ev charging station band Hai ,soft ware bhi bekar hai",2026-04-25T00:14:57Z,0,Neutral,0.6863358616828918,Neutral
Ugx2-IR5bXbOtXlY65l4AaABAg,wSCMR7ME74I,EV SUBSIDY UPDATE 2026 #singhautozone #ev #evnews #evsubsidy,SINGH AUTO ZONE,Sir haryana sarkar ko jagao ki ev pe kuch achi policy banae yaha bhi bahot pollution hai,2026-03-26T03:21:54Z,3,Neutral,0.6345784664154053,Neutral
UgyWkm3bMKX5QwTlRql4AaABAg,xzcXO1fAZCA,Fame 3 Subsidy for EV&#39;s Coming soon ⚡#fame3 #subsidy #government,Ev Gyan Shorts,"Bro I am planning to buy punch ev when is the vest time to book it, and is subsidy given for delivery date or the booking date",2024-02-13T04:48:51Z,0,Neutral,0.8461687564849854,Neutral
UgxT8RbT38ngTNLx_Eh4AaABAg,xzcXO1fAZCA,Fame 3 Subsidy for EV&#39;s Coming soon ⚡#fame3 #subsidy #government,Ev Gyan Shorts,Sir kab aayega fame 2 katam hone ke baad,2023-10-04T13:14:45Z,1,Neutral,0.8291043043136597,Neutral
UgwYyyV0M-c0P4YtDxN4AaABAg,xzcXO1fAZCA,Fame 3 Subsidy for EV&#39;s Coming soon ⚡#fame3 #subsidy #government,Ev Gyan Shorts,Jab fame 3 aaye to muze bata dena plzzz,2023-11-27T14:33:32Z,0,Neutral,0.776252269744873,Neutral
UgyYgmdTnJdInr0C00N4AaABAg,xzcXO1fAZCA,Fame 3 Subsidy for EV&#39;s Coming soon ⚡#fame3 #subsidy #government,Ev Gyan Shorts,Bhai agar mein fame 3 se pehle lelu electric vehicle to subsidy milegi ya nhi ye Bata do bus bro,2024-07-04T19:42:29Z,0,Neutral,0.7946524024009705,Neutral
UgxJx8kyuZCzBmw56yZ4AaABAg,xzcXO1fAZCA,Fame 3 Subsidy for EV&#39;s Coming soon ⚡#fame3 #subsidy #government,Ev Gyan Shorts,Bhai punch ev ke liye fame 3 mile high kia,2024-01-18T10:44:45Z,0,Neutral,0.7877217531204224,Neutral
UgxGf4c9z0hxdDIQty54AaABAg,VR9C8vyi6JE,🚨 FAME 3 SUBSIDY UPDATE | ELECTRIC SCOOTER SUBSIDY,Auto Wiser,EMPS is ending by July 31st right? Why Fame 3 subsidy will not be available by 1st August?,2024-06-09T15:38:52Z,0,Neutral,0.7850081324577332,Neutral
Ugwom24bLUzNG8kbWtp4AaABAg,zLkOdHURR-o,NEW EV POLICY 2026 -  ₹ 1 Lakh 🤯 Profit - Delhi Ev policy 2026 Explain | Ev News u ,Badass Ritz,Road tax jabtak zero nhi karenge..tabtak fayda nhi h . Har ek k pas purani gadi nhi h.. Aur nayi gadi kharidne wale bahut h,2026-03-22T03:22:08Z,1,Neutral,0.5155173540115356,Neutral
UgwPU0LO2duR9aFf6MV4AaABAg,zLkOdHURR-o,NEW EV POLICY 2026 -  ₹ 1 Lakh 🤯 Profit - Delhi Ev policy 2026 Explain | Ev News u ,Badass Ritz,Nice policy,2026-03-21T10:48:00Z,0,Positive,0.8173312544822693,Positive
UgxgVt05n9th-7Nve8J4AaABAg,zLkOdHURR-o,NEW EV POLICY 2026 -  ₹ 1 Lakh 🤯 Profit - Delhi Ev policy 2026 Explain | Ev News u ,Badass Ritz,First Government should make a policy: 1. Evey 2 wheeler EV must have common charging male and female plug. Similarly for 4 wheelers also. 2. Every petrol pump location must have charging infra for 2/3/4 wheelers. 3. Rationalisation of cost of battery/KVA. 4. Scrap value of the old vehicle should be fixed according to manufacturing year. With this lot of people voluntarily will swithover to EV .,2026-03-23T16:39:51Z,0,Neutral,0.8500123023986816,Neutral
UgwsR3ApbR4PAJiRbXt4AaABAg,zLkOdHURR-o,NEW EV POLICY 2026 -  ₹ 1 Lakh 🤯 Profit - Delhi Ev policy 2026 Explain | Ev News u ,Badass Ritz,New policy me #neverbuyola,2026-03-22T14:32:12Z,0,Negative,0.5154237747192383,Negative
Ugy_OJ4hmRi5W4q2DOd4AaABAg,FK8aOnBWZIc,🚨EV Subsidy Extended! 😳 1 April 2026 से फिर मिलेगा फायदा | Electric Scooter Price Drop ?,Badass Ritz,Humare time per (2022 March) central subsidy 60000 + rajasthan state subsidy 10000 = total subsidy 70000 milta tha orr sone per suhagan 9000 ola charger refund hokaay 121000 net price pada😂 ola s1 pro gen 1 orr tho orr 32000km kaay baad warranty maay battery bhi change ho gya wo bhi 6 months before warranty expires 😂😂 wha moj kara di ev naay tho,2026-03-30T11:13:04Z,8,Neutral,0.8384310007095337,Neutral
UgzcVpnoueoY9z98jlh4AaABAg,FK8aOnBWZIc,🚨EV Subsidy Extended! 😳 1 April 2026 से फिर मिलेगा फायदा | Electric Scooter Price Drop ?,Badass Ritz,Kaun sa state hai jo subsidy nahi de raha two wheeler pe,2026-04-17T08:13:56Z,0,Neutral,0.7745878100395203,Neutral
UgzZUVIy4TOSLW_f_cV4AaABAg,FK8aOnBWZIc,🚨EV Subsidy Extended! 😳 1 April 2026 से फिर मिलेगा फायदा | Electric Scooter Price Drop ?,Badass Ritz,We need old subsidy fame 2,2026-03-30T09:08:46Z,1,Neutral,0.7145524024963379,Neutral
Ugz1oLCA2TrVlAJfDPd4AaABAg,FK8aOnBWZIc,🚨EV Subsidy Extended! 😳 1 April 2026 से फिर मिलेगा फायदा | Electric Scooter Price Drop ?,Badass Ritz,But hmare state m subsidy nhi milti kam s km central se fayda utha lo,2026-03-30T09:07:32Z,1,Neutral,0.7599181532859802,Neutral
Ugw55CHSutnhmSWeA5N4AaABAg,FK8aOnBWZIc,🚨EV Subsidy Extended! 😳 1 April 2026 से फिर मिलेगा फायदा | Electric Scooter Price Drop ?,Badass Ritz,"Ye govt new new scheme lak nuksan hi krti h 😂logo ka hmare time m 15,ooo milta tha state bhi alag se",2026-03-30T09:08:29Z,1,Neutral,0.7776557803153992,Neutral
UgxYxuJPVsUkwfpMdWR4AaABAg,zlPSPHV0DZc,Electric Vehicle FAME II Subsidy Complete Details,Electric Vehicles India,What is the period for FAME II. Can I get FAME II subsidy after March 2022,2021-09-26T14:43:04Z,0,Neutral,0.9172712564468384,Neutral
UgwDsyNpgZGmrnZGjnl4AaABAg,zlPSPHV0DZc,Electric Vehicle FAME II Subsidy Complete Details,Electric Vehicles India,I have sale my vehicle before claim subsidy by ather now they said am not eligible for claiming subsidy any other way to claim subsidy......,2023-04-07T05:15:33Z,0,Negative,0.6314378976821899,Negative
UgzsKJXs-CQRx1fEMg54AaABAg,zlPSPHV0DZc,Electric Vehicle FAME II Subsidy Complete Details,Electric Vehicles India,How can we know that we are getting ay subsidy if we go to buy any electric vehicle? Like if a went to buy mahindra trio then how?,2020-12-02T17:18:23Z,0,Neutral,0.8357009291648865,Neutral
UgxTO_uFSFS0miKSbmB4AaABAg,zlPSPHV0DZc,Electric Vehicle FAME II Subsidy Complete Details,Electric Vehicles India,What's mendetiry documents for getting fame 2 subsidi as a customer?,2021-09-09T07:43:25Z,1,Neutral,0.8825100064277649,Neutral
Ugw3fTKWpyR3059aDl94AaABAg,zlPSPHV0DZc,Electric Vehicle FAME II Subsidy Complete Details,Electric Vehicles India,I have buy hero flash lx of ev and i want to know have i got subsidy yes or no ? pls reply,2021-06-19T03:13:41Z,0,Neutral,0.8668238520622253,Neutral
UgwB1BAW7y6AICuPycR4AaABAg,zlPSPHV0DZc,Electric Vehicle FAME II Subsidy Complete Details,Electric Vehicles India,Hero electric company has subsidy ...??,2019-08-03T04:55:24Z,0,Neutral,0.8038212060928345,Neutral
UgzNGroOgUustbYsk5l4AaABAg,zlPSPHV0DZc,Electric Vehicle FAME II Subsidy Complete Details,Electric Vehicles India,Good information. What about the subsidy of different states?,2021-07-19T14:14:43Z,0,Positive,0.49992239475250244,Positive
UgxHHZ8WhF1lZL7OFXR4AaABAg,zlPSPHV0DZc,Electric Vehicle FAME II Subsidy Complete Details,Electric Vehicles India,Subsidy should send to direct to bank acount,2019-09-18T14:31:33Z,4,Neutral,0.8587996363639832,Neutral
UgyibmO2B3JgCq6IL4V4AaABAg,zlPSPHV0DZc,Electric Vehicle FAME II Subsidy Complete Details,Electric Vehicles India,How do we know that the companies are giving subsidy as per govt rules?Who will check that?,2020-11-15T12:14:57Z,0,Neutral,0.8074774742126465,Neutral
Ugxbws43bsOcQ_Fcaeh4AaABAg,zlPSPHV0DZc,Electric Vehicle FAME II Subsidy Complete Details,Electric Vehicles India,Tata EV Cars are comes under this FAME 2 Subsidy ??,2021-06-23T05:08:16Z,0,Neutral,0.9211620092391968,Neutral
UgxLjGD9AxEQJDlQZGF4AaABAg,zlPSPHV0DZc,Electric Vehicle FAME II Subsidy Complete Details,Electric Vehicles India,This subsidy system has huge potential of corruption between private companies and the government. I think this system has been made keeping this loophole in mind.,2019-06-10T11:58:36Z,8,Negative,0.7665839195251465,Negative
UgyD9KtaXi8eQanfak94AaABAg,zlPSPHV0DZc,Electric Vehicle FAME II Subsidy Complete Details,Electric Vehicles India,"COMPANY LOOT... subsidy should reduce while buying vehicle.. company show fake cost to FAME,they take that money,sel as they want,if manufacturing cost is 10lac they say 12lac get sub 2lac..they sell 10lac,so 2lac for company",2021-01-22T08:02:53Z,1,Negative,0.6235870718955994,Negative
Ugw2ZlOHDY33mNZgxXV4AaABAg,RDzfplCozjY,FAME 3 Subsidy PM EV Yojana 🔥 ₹10900 Crore | PVJ Educational,PVJ Educational EV & Solar PV,FAME-3 ME SCOTER PAR SUBCIDY MILEGI YANAHI,2024-09-26T10:51:43Z,2,Neutral,0.7039950489997864,Neutral
UgxIvaW4V4Fe8CA2ZO94AaABAg,RDzfplCozjY,FAME 3 Subsidy PM EV Yojana 🔥 ₹10900 Crore | PVJ Educational,PVJ Educational EV & Solar PV,Charging station ke stocks kharid lo ...he he,2024-09-20T14:37:48Z,1,Neutral,0.7847296595573425,Neutral
Ugx_fTBfEGBAfY53d3N4AaABAg,RDzfplCozjY,FAME 3 Subsidy PM EV Yojana 🔥 ₹10900 Crore | PVJ Educational,PVJ Educational EV & Solar PV,Bhai kabtk fame 3 ayega usme ev scooters ko include krenge ya nahi,2024-11-01T08:22:47Z,0,Neutral,0.8123503923416138,Neutral
UgwHwxjvX-MpK6iB5Dd4AaABAg,S2bRcChTifM,Huge Price Drop on Electric Vehicles🤩 | Fame 3 Subsidy Soon | Electric Vehicles India,Electric Vehicles India,"Uncertainty of things will always cause confusion, doubts, suspicion and hesitation people will always think that government might anytime change or roll back schemes so they will not go for that thing.",2024-05-30T21:42:21Z,2,Negative,0.5349277853965759,Negative
UgyVErILOxcB1N9HQxt4AaABAg,S2bRcChTifM,Huge Price Drop on Electric Vehicles🤩 | Fame 3 Subsidy Soon | Electric Vehicles India,Electric Vehicles India,"India is experiencing unprecedented heat waves and excessive temperatures. There needs to be more talk about the climate crisis and the cause is burning fossil fuels.. We need to phase out coal power plants and replace them with clean and cheap wind and solar energy. People need to buy electric vehicles and stop burning petrol and diesel for transportation. Electric vehicles are just better. No noise, no pollution, less fuel costs and less maintenance costs. How hot does it have to get before the government acts and goes all in on solar energy and starts to phase out coal power plants.",2024-05-30T15:31:48Z,3,Negative,0.6938859820365906,Negative
Ugw2cCidSmVQzyzc73B4AaABAg,lIRYz0kM_CQ,New Subsidy 🤯Electric Mobility Promotion Scheme  2024 only for Electric Auto | FAME 2 Subsidy,Shabu Wheels,Auto purchase kya March me lekin cancel chaqe me name account me surname change to account subsidy aaygi surname change krne padega,2024-08-04T05:08:34Z,1,Neutral,0.667608380317688,Neutral
UgyWmy22hxCZnhFcoDZ4AaABAg,lIRYz0kM_CQ,New Subsidy 🤯Electric Mobility Promotion Scheme  2024 only for Electric Auto | FAME 2 Subsidy,Shabu Wheels,Sir ye bhi bata do ki ye incentives kon kon si Companies de rahi hai,2024-06-07T11:54:27Z,0,Neutral,0.8378869891166687,Neutral
UgzOr_ZthRye-0dCVJF4AaABAg,lIRYz0kM_CQ,New Subsidy 🤯Electric Mobility Promotion Scheme  2024 only for Electric Auto | FAME 2 Subsidy,Shabu Wheels,I am a mahindra treo plus user. Don't buy it views because major problem in mahindra all electric three Wheeler. I face Charger problem in two month. And car problem in one month twenty two days. 👉if you want to buy a electric three wheelers than take bajaj Re 9.0 or Montra electric,2024-04-25T05:18:55Z,1,Negative,0.799848735332489,Negative
UgyF5m74ruzfgFXXgbp4AaABAg,lIRYz0kM_CQ,New Subsidy 🤯Electric Mobility Promotion Scheme  2024 only for Electric Auto | FAME 2 Subsidy,Shabu Wheels,E rickshaw pr subsidy milti hai kya sir,2024-04-25T06:47:46Z,0,Neutral,0.7791756391525269,Neutral
Ugx50EiewS_dG6w3fXR4AaABAg,dYaKV8Lruzc,EV Subsidy Odisha Online Apply | Latest Update 2025,Odia Helping Hand ,"New ev policy kebe start haba ,please make a updated video",2026-03-20T05:39:52Z,1,Neutral,0.7145174741744995,Neutral
Ugxn6uy_49Fxy4LSDsV4AaABAg,dYaKV8Lruzc,EV Subsidy Odisha Online Apply | Latest Update 2025,Odia Helping Hand ,Bhai gadi kinibara ketedina bhitare subsidy apply karibaku padiba,2026-04-28T10:45:34Z,1,Neutral,0.7950505614280701,Neutral
Ugxmi2aKRdf51ROkIIR4AaABAg,dYaKV8Lruzc,EV Subsidy Odisha Online Apply | Latest Update 2025,Odia Helping Hand ,Bhai mu bhi 2 week hela apply karithili application status show karuthila but ebe 3 days helani aau application status open hin houni,2026-02-14T05:20:06Z,3,Neutral,0.8321629762649536,Neutral
UgzTJjMm-B8Lr-QIVCl4AaABAg,dYaKV8Lruzc,EV Subsidy Odisha Online Apply | Latest Update 2025,Odia Helping Hand ,Financial year closer pain march 12 re kini thili hele e jain subsidy asilanahi,2026-05-06T12:22:32Z,0,Neutral,0.5462079644203186,Neutral
UgyR-4hcF5uvVs-iOyZ4AaABAg,dYaKV8Lruzc,EV Subsidy Odisha Online Apply | Latest Update 2025,Odia Helping Hand ,Bhai phone number ku otp asuni subsidy apply time re yara kn solution achi,2026-06-29T07:17:34Z,0,Neutral,0.7876535654067993,Neutral
UgyqskYXWM93_6EWHFp4AaABAg,dYaKV8Lruzc,EV Subsidy Odisha Online Apply | Latest Update 2025,Odia Helping Hand ,Sir samaste kahuchhanti ev subsidy au milibani please reply,2026-02-23T12:50:48Z,0,Neutral,0.8076644539833069,Neutral
UgyhKI-1h-9E6Dtsz-x4AaABAg,dYaKV8Lruzc,EV Subsidy Odisha Online Apply | Latest Update 2025,Odia Helping Hand ,Bhai yamaha ec 06 re 4kwh battery deichhi ta athire kn pain subsidy apply kari hauni Show room bala mana karuchhanti j yamaha company dauni subsidy.Please reply,2026-05-21T16:27:47Z,0,Neutral,0.6095307469367981,Neutral
UgyAc2TN_67dbbMN5k94AaABAg,dYaKV8Lruzc,EV Subsidy Odisha Online Apply | Latest Update 2025,Odia Helping Hand ,Application is pending on EV Subsidy Portal for new bill generation kana kariba,2026-06-23T07:24:58Z,0,Neutral,0.7742131352424622,Neutral
UgxUTPQEQLBdtbUKCYB4AaABAg,dYaKV8Lruzc,EV Subsidy Odisha Online Apply | Latest Update 2025,Odia Helping Hand ,Odisha government Is the subsidy ending in March 2026? Will I still get it in May 2026?😊,2026-03-09T14:30:32Z,1,Neutral,0.5998453497886658,Neutral
UgytVk1c5wSpI_V5mAR4AaABAg,dYaKV8Lruzc,EV Subsidy Odisha Online Apply | Latest Update 2025,Odia Helping Hand ,While checking the application status ..it's showing ''Due to financial year closure the disbursement is stopped ''...what does it mean??,2026-04-18T05:47:40Z,0,Neutral,0.5368232727050781,Neutral
Ugw8wUJ-VvZgX-VHIQd4AaABAg,dYaKV8Lruzc,EV Subsidy Odisha Online Apply | Latest Update 2025,Odia Helping Hand ,Aji reason deuchanti fin ye closing stop subsidy G marei hele mo,2026-02-11T13:44:58Z,1,Neutral,0.5937886238098145,Neutral
Ugx00pzdwBHkM_R5oJJ4AaABAg,dYaKV8Lruzc,EV Subsidy Odisha Online Apply | Latest Update 2025,Odia Helping Hand ,Sir electric vehicle re registration charges kete sir,2026-05-17T07:12:14Z,0,Neutral,0.7946240901947021,Neutral
UgyGmmviCB5orDdVBIN4AaABAg,dYaKV8Lruzc,EV Subsidy Odisha Online Apply | Latest Update 2025,Odia Helping Hand ,Bhai application status show karuni kn kariba,2026-02-12T10:23:44Z,0,Neutral,0.8885985016822815,Neutral
UgyK--y-fB-kli-WIjd4AaABAg,dYaKV8Lruzc,EV Subsidy Odisha Online Apply | Latest Update 2025,Odia Helping Hand ,Bhai moro application status not varified dekhauchi k n koribi..?,2026-02-20T06:55:37Z,0,Neutral,0.584094762802124,Neutral
Ugxo63yaxomNpSiVXzZ4AaABAg,dYaKV8Lruzc,EV Subsidy Odisha Online Apply | Latest Update 2025,Odia Helping Hand ,Bhai same person ra 2 thara subsidiary asiba ki.. Please reply karantu Nb. Mora purbaru gote Ev 2wheller ra subsidy asichi bartaman mu mo name re aau gote 2 wheeler ev anile state subsidy puni miliba ki..,2026-02-20T12:50:10Z,0,Neutral,0.7505151033401489,Neutral
UgwS22M75oif4DtpSyZ4AaABAg,dYaKV8Lruzc,EV Subsidy Odisha Online Apply | Latest Update 2025,Odia Helping Hand ,"I am from Kolkata but lived in Odisha, Kansbahal near Rourkela. I think about purchasing an electric vehicle, can I get this subsidy from Odisha goverment?? My Adhar,PAN,Voter Card all are having West Bengal address, please explain am i eligible for subsidy,?",2026-03-29T08:25:49Z,1,Neutral,0.8838098645210266,Neutral
UgwV-SIfDv5L3x6exCJ4AaABAg,dYaKV8Lruzc,EV Subsidy Odisha Online Apply | Latest Update 2025,Odia Helping Hand ,Bhai mora ola bike 9.1kw ra subsidy apply hauni kna paen. Lekhuchi battery capacity for this model has not registered. Contact dealer.,2026-02-13T14:58:12Z,0,Negative,0.724244236946106,Negative
UgyJzivgiJsWmJs4eF14AaABAg,dYaKV8Lruzc,EV Subsidy Odisha Online Apply | Latest Update 2025,Odia Helping Hand ,"Approval pare ebe financial year closure, disbursement is stopped lekhuchi, subsidy asiba ki nahi",2026-02-21T06:28:20Z,0,Neutral,0.5069405436515808,Neutral
UgzRlgxgtHZvrKRQfRJ4AaABAg,dYaKV8Lruzc,EV Subsidy Odisha Online Apply | Latest Update 2025,Odia Helping Hand ,Bajaj chetak 3.5kw battery re 17500 rupee subsidy miliba ? Central government ra 5000 subsidy saha total 22500 subsidy milipariba ? Please reply,2026-04-15T07:20:38Z,0,Neutral,0.7410483956336975,Neutral
Ugzpw-UTlOQ5lFVTzZN4AaABAg,sa49w9LroH8,Government Not Keen On Extending FAME Subsidy Scheme: Sources | Editors&#39; Roundtable,CNBC-TV18,Then.. I recommend Mr. Bajaj to not avail the subsidy now itself.. He can go without subsidy sales and try to capture the market without subsidy and the same spec that competitors give.,2023-04-23T05:38:57Z,0,Neutral,0.660062849521637,Neutral
UgxHord8bvjyw3zBjfV4AaABAg,zPpnyhP185A,Govt. Reduced FAME-II Subsidy on Electric Two Wheeler. #subsidy @ElectroWorldev,Electro World,Bhai ola S1 ki subsidy wagera kat ke kitne me padigi,2023-05-30T10:29:42Z,0,Neutral,0.6941700577735901,Neutral
UgzSK2ZBKPRki5J5zWV4AaABAg,zPpnyhP185A,Govt. Reduced FAME-II Subsidy on Electric Two Wheeler. #subsidy @ElectroWorldev,Electro World,Bro is this applicable to vehicles brought before june 1 ? I have ordered ola s1 pro 2 days back but today they called me n said the subsidy has increased from today n i should pay more..is it true or are they trying to cheat me..,2023-05-26T07:38:40Z,0,Negative,0.5321377515792847,Negative
UgxQlaLS3BQMkc9dhH94AaABAg,FKcmf2-DkLI,Why is FAME II Subsidy for EVs ending? Best time to buy an Electric scooter?,EVINDIA,Mere ko ev charging station perches krna hai,2024-03-23T16:42:57Z,0,Neutral,0.8115596175193787,Neutral
UgwC-68j3aTM06ZMz0h4AaABAg,2e6Q1vqoBYI,How to apply for UP EV Subsidy | Ola State Subsidy Apply #automobile #automotive #olaelectric,Mohd Kamaal Ali,Got my subsidy today. Applied on 15th January and credited in my account on 28th day. Hats off to UP government . 🙏🙏,2026-02-13T08:07:16Z,5,Positive,0.9671869874000549,Positive
UgzUtYnfMXumgN44h3d4AaABAg,2e6Q1vqoBYI,How to apply for UP EV Subsidy | Ola State Subsidy Apply #automobile #automotive #olaelectric,Mohd Kamaal Ali,All verification of application had been completed ye likha aa raha par credit nhi hua,2026-08-08T12:12:04Z,0,Neutral,0.7539518475532532,Neutral
Ugx_1mufWiPHCI6Hg-x4AaABAg,2e6Q1vqoBYI,How to apply for UP EV Subsidy | Ola State Subsidy Apply #automobile #automotive #olaelectric,Mohd Kamaal Ali,Bhai me dubara everyone scooter liya hu showroom wale boll rhe he subsidy nhi milega,2025-12-09T14:15:09Z,1,Neutral,0.7152366042137146,Neutral
Ugz5EWG8A4YrxVn4MUB4AaABAg,2e6Q1vqoBYI,How to apply for UP EV Subsidy | Ola State Subsidy Apply #automobile #automotive #olaelectric,Mohd Kamaal Ali,Delhi EV subsidy form kaise bharte hain us par ek video bana do please.,2026-07-11T18:27:49Z,1,Neutral,0.8857107162475586,Neutral
UgzKzsPTDHBySRoiu2Z4AaABAg,2e6Q1vqoBYI,How to apply for UP EV Subsidy | Ola State Subsidy Apply #automobile #automotive #olaelectric,Mohd Kamaal Ali,Registration nhi ho rha hai,2025-04-18T18:23:11Z,1,Neutral,0.8021805882453918,Neutral
UgyUxX3XGqAb4EjgSHJ4AaABAg,2e6Q1vqoBYI,How to apply for UP EV Subsidy | Ola State Subsidy Apply #automobile #automotive #olaelectric,Mohd Kamaal Ali,"Vahan Portal not provide your complete information, Please contact to helpline ये लिखा आ रहा है क्या करे",2025-12-21T14:10:47Z,1,Negative,0.5329633951187134,Negative
UgxCnOu6jaecC9tp-jF4AaABAg,2e6Q1vqoBYI,How to apply for UP EV Subsidy | Ola State Subsidy Apply #automobile #automotive #olaelectric,Mohd Kamaal Ali,Bhai abhi bhi subsidy arahi hai ya nahi?,2026-01-06T10:25:42Z,1,Neutral,0.8250190615653992,Neutral
UgwSP5pVnRnRgtUDvt54AaABAg,2e6Q1vqoBYI,How to apply for UP EV Subsidy | Ola State Subsidy Apply #automobile #automotive #olaelectric,Mohd Kamaal Ali,Nhi ane wala koi bhi subsidy ya to vo company wale kha jate h ya to state gov apne jeb me rakh leti hogi,2025-09-20T17:19:42Z,3,Neutral,0.773820161819458,Neutral
UgzP_IQdRa4_4Iwh9XJ4AaABAg,2e6Q1vqoBYI,How to apply for UP EV Subsidy | Ola State Subsidy Apply #automobile #automotive #olaelectric,Mohd Kamaal Ali,Sir Pending at RIT/ATC for verification show ho raha hai kab tak aayegi up state subsidy 😊,2025-08-18T23:06:10Z,1,Neutral,0.7203577756881714,Neutral
UgxIijCCPgM8KM9SYC14AaABAg,2e6Q1vqoBYI,How to apply for UP EV Subsidy | Ola State Subsidy Apply #automobile #automotive #olaelectric,Mohd Kamaal Ali,"Registration ho hi nahi Raha hain, error ""Vahan portal does not provide complete information"" aa raha hain. Lagta hain sab dokha hain",2024-12-23T10:17:08Z,1,Negative,0.6387574672698975,Negative
Ugy3x7gFK0FGVz2fDFB4AaABAg,2e6Q1vqoBYI,How to apply for UP EV Subsidy | Ola State Subsidy Apply #automobile #automotive #olaelectric,Mohd Kamaal Ali,Maximum subsidy kitni mil rhi h ?,2026-03-10T11:55:05Z,1,Neutral,0.8704459071159363,Neutral
UgziBPZDMfQxlYYSteN4AaABAg,2e6Q1vqoBYI,How to apply for UP EV Subsidy | Ola State Subsidy Apply #automobile #automotive #olaelectric,Mohd Kamaal Ali,Ab tak kisi ki subsidy ayi h kya,2025-02-02T13:42:01Z,3,Neutral,0.7495554685592651,Neutral
UgyKWEFlGiZ9FwoM70Z4AaABAg,2e6Q1vqoBYI,How to apply for UP EV Subsidy | Ola State Subsidy Apply #automobile #automotive #olaelectric,Mohd Kamaal Ali,Not get subsidy in more than 6 months,2026-05-03T07:06:03Z,1,Negative,0.5873785614967346,Negative
UgyiGJVQu3vcSOt2CU54AaABAg,pZQ0KUuM97s,EV Subsidy in Your State? Find Out Now! #be6 #be6e #electricvehicletalks #subsidyscheme,Electric Vehicle Talks,"Exclusive Tools, Best Buy Chargers & Accessories link⚡ ⚡🔌 Best Buy EV Chargers & Adapters – Portable, Wall-Mount, V2V & V2L ✨ Discount inside 👉 ( Exclusive Discount for Electric Vehicle Talks Subscriber in the above Link ) 🔋 EV Life-Savers: Top Gadgets You Need! I Use them Personally Here 👉 🔗💰 Best Deals on Car Insurance & Loans Here 👉 📱 Pick My EV App – Compare EVs & lots of access tools for EV owner 👉 Go to Google Play Type Pick My EV 📝 Electric Vehicle Talks Blog – Articles & insights & Web version of Pick My EV too 👉 electricvehicletalks.com",2025-10-28T05:48:31Z,0,Positive,0.7035072445869446,Positive
Ugyu6t83V2h2hyoGZS94AaABAg,pZQ0KUuM97s,EV Subsidy in Your State? Find Out Now! #be6 #be6e #electricvehicletalks #subsidyscheme,Electric Vehicle Talks,Link for Subsidy article 👉,2025-06-11T08:17:21Z,1,Neutral,0.9125989675521851,Neutral
UgzgtM58ghV-liIL02J4AaABAg,pZQ0KUuM97s,EV Subsidy in Your State? Find Out Now! #be6 #be6e #electricvehicletalks #subsidyscheme,Electric Vehicle Talks,Have you received your subsidy yet or not?,2025-06-14T23:04:23Z,0,Neutral,0.9157392978668213,Neutral
Ugwnv01TeBDsJmVANZ94AaABAg,pZQ0KUuM97s,EV Subsidy in Your State? Find Out Now! #be6 #be6e #electricvehicletalks #subsidyscheme,Electric Vehicle Talks,No Subsidy in Gujarat. Pathetic policies regarding EVs. These policies will deter the state for becoming an EV hub.,2025-06-15T05:04:37Z,3,Negative,0.8844027519226074,Negative
UgzO77imODUJpAXXhLp4AaABAg,pZQ0KUuM97s,EV Subsidy in Your State? Find Out Now! #be6 #be6e #electricvehicletalks #subsidyscheme,Electric Vehicle Talks,No subsidy in telangana,2025-06-11T11:20:39Z,1,Neutral,0.779514491558075,Neutral
UgxZgK9lqeamgvnDw_p4AaABAg,pZQ0KUuM97s,EV Subsidy in Your State? Find Out Now! #be6 #be6e #electricvehicletalks #subsidyscheme,Electric Vehicle Talks,Went to Mahindra showroom.. they said no subsidy for Maharashtra now.. it was only 10000 vehicle,2025-09-09T14:58:05Z,1,Neutral,0.5071039199829102,Neutral
Ugyi2zUWq7unlMWmtCZ4AaABAg,pZQ0KUuM97s,EV Subsidy in Your State? Find Out Now! #be6 #be6e #electricvehicletalks #subsidyscheme,Electric Vehicle Talks,No subsidy for HP only e-taxi,2025-06-12T12:02:59Z,0,Neutral,0.8075570464134216,Neutral
UgwtIqFkbLCve2RhuNN4AaABAg,pZQ0KUuM97s,EV Subsidy in Your State? Find Out Now! #be6 #be6e #electricvehicletalks #subsidyscheme,Electric Vehicle Talks,Fame का बताओ,2025-12-09T09:30:01Z,0,Neutral,0.7857859134674072,Neutral
Ugz3fKm17nJKC_7iG8N4AaABAg,pZQ0KUuM97s,EV Subsidy in Your State? Find Out Now! #be6 #be6e #electricvehicletalks #subsidyscheme,Electric Vehicle Talks,My showroom in Pune (Maharashtra) didn't give any subsidy on my Mahindra XEV 9E car. Purchased on 11th June 2025. Kindly guide me how to avail the subsidy,2025-06-11T17:33:31Z,0,Negative,0.6076935529708862,Negative
Ugw4f9s_nozbbC1Syb54AaABAg,pZQ0KUuM97s,EV Subsidy in Your State? Find Out Now! #be6 #be6e #electricvehicletalks #subsidyscheme,Electric Vehicle Talks,How to claim subsidy on corporate registration,2025-06-11T19:03:42Z,0,Neutral,0.8022853136062622,Neutral
UgzrXHDai7D_UFLmpzF4AaABAg,pZQ0KUuM97s,EV Subsidy in Your State? Find Out Now! #be6 #be6e #electricvehicletalks #subsidyscheme,Electric Vehicle Talks,"Sir, Please provide portal link for Maharashtra subsidy portal",2025-06-11T08:47:18Z,0,Neutral,0.7720332741737366,Neutral
UgxWTQVKLDsErpjAURF4AaABAg,pZQ0KUuM97s,EV Subsidy in Your State? Find Out Now! #be6 #be6e #electricvehicletalks #subsidyscheme,Electric Vehicle Talks,How to apply for the subsidy in U.P,2025-06-11T09:35:09Z,0,Neutral,0.9059839844703674,Neutral
UgxBB0nxNsrwhPMPYDV4AaABAg,pZQ0KUuM97s,EV Subsidy in Your State? Find Out Now! #be6 #be6e #electricvehicletalks #subsidyscheme,Electric Vehicle Talks,Sir how did you apply for subsidy for be6? Did you get your money back or was the subsidy amount deducted from your ex showroom price?,2025-06-13T05:43:31Z,0,Neutral,0.8899319767951965,Neutral
UgwqEbh-8m-aWTKPQT14AaABAg,pZQ0KUuM97s,EV Subsidy in Your State? Find Out Now! #be6 #be6e #electricvehicletalks #subsidyscheme,Electric Vehicle Talks,"Hello sir, I am planning to buy Clavis EV in Pune, Maharashtra, but Kia showroom is not sure about subsidy. They are saying that there is no information about subsidy yet. I might get or might not get. Every dealer is saying something different. They are saying that there is subsidy for only first 5k or 10k buyers. They are keep on pushing me to book the vehicle without providing any proper information. My question is, should I buy the vehicle now or wait for subsidy information? If I book my car now and subsidy comes after delivery, will I be eligible for subsidy?",2025-08-07T15:50:50Z,0,Negative,0.543995201587677,Negative
Ugzs2w_bPRQMWwDitAp4AaABAg,pZQ0KUuM97s,EV Subsidy in Your State? Find Out Now! #be6 #be6e #electricvehicletalks #subsidyscheme,Electric Vehicle Talks,How Subsidy on nexon ev in Maharashtra? Showroom offering 1.5 lakh only,2025-06-26T16:00:41Z,0,Neutral,0.9017903208732605,Neutral
Ugy8sycjI62WbuGmAaZ4AaABAg,pZQ0KUuM97s,EV Subsidy in Your State? Find Out Now! #be6 #be6e #electricvehicletalks #subsidyscheme,Electric Vehicle Talks,Rajasthan me four wheelers per kitni subsidy hai,2025-06-12T00:52:27Z,0,Neutral,0.8068951368331909,Neutral
UgyE_psUhC_utzRwi1B4AaABAg,pZQ0KUuM97s,EV Subsidy in Your State? Find Out Now! #be6 #be6e #electricvehicletalks #subsidyscheme,Electric Vehicle Talks,MH. Me nhi mil rahi subsidy ..ek baar wapas check kariye.,2025-06-13T05:43:15Z,0,Neutral,0.7663774490356445,Neutral
UgxBxnN4lGhd6hVgeDx4AaABAg,pZQ0KUuM97s,EV Subsidy in Your State? Find Out Now! #be6 #be6e #electricvehicletalks #subsidyscheme,Electric Vehicle Talks,I am planning to buy a XEV 9E so how can I claim the Subsidy. Showroom is not giving me the subsidy.,2025-06-23T05:15:35Z,0,Neutral,0.6216594576835632,Neutral
UgzjMeIsD3NZ8mCuymR4AaABAg,pZQ0KUuM97s,EV Subsidy in Your State? Find Out Now! #be6 #be6e #electricvehicletalks #subsidyscheme,Electric Vehicle Talks,maharashtra mai kab tak subsidy milegi ?,2025-08-18T12:22:55Z,0,Neutral,0.8475565314292908,Neutral
UgypMHnMDrCde92C1it4AaABAg,pZQ0KUuM97s,EV Subsidy in Your State? Find Out Now! #be6 #be6e #electricvehicletalks #subsidyscheme,Electric Vehicle Talks,Haryana me electric car pe subsidy hai ya nahi,2025-07-16T09:39:05Z,0,Neutral,0.8025647401809692,Neutral
UgzCFs9KvQUXb66_t8V4AaABAg,pZQ0KUuM97s,EV Subsidy in Your State? Find Out Now! #be6 #be6e #electricvehicletalks #subsidyscheme,Electric Vehicle Talks,"Sir if in my State their is more waiting period. So if I purchase ev from other state, then can I claim subsidy of my state?",2026-04-27T14:35:41Z,1,Neutral,0.815650224685669,Neutral
UgyL8ytoLiYeHilIvxN4AaABAg,pZQ0KUuM97s,EV Subsidy in Your State? Find Out Now! #be6 #be6e #electricvehicletalks #subsidyscheme,Electric Vehicle Talks,Mein Maharashtra se hu mere pass punch ev LR 35 kws ka hai mujhe koi subsidy nahie milli hai haan rto charges l,2025-06-12T07:53:27Z,0,Neutral,0.7537829875946045,Neutral
UgyYZrcQLqASHM2tBq54AaABAg,pZQ0KUuM97s,EV Subsidy in Your State? Find Out Now! #be6 #be6e #electricvehicletalks #subsidyscheme,Electric Vehicle Talks,Buy EV cars in Maharashtra and then re-register in Karnataka with small administration fee. Wouldn't this help to get more benefits?,2025-06-11T09:25:57Z,0,Neutral,0.558553159236908,Neutral
Ugw6vst19f0btXMrgMp4AaABAg,pZQ0KUuM97s,EV Subsidy in Your State? Find Out Now! #be6 #be6e #electricvehicletalks #subsidyscheme,Electric Vehicle Talks,No Subsidy in Congress ruled Karnataka. Upon that they have imposed 10% road tax on EVs Boot out Scamgress looters.,2025-06-27T19:35:39Z,1,Negative,0.795637309551239,Negative
UgyYEcwTAGCa-PRkZhx4AaABAg,pZQ0KUuM97s,EV Subsidy in Your State? Find Out Now! #be6 #be6e #electricvehicletalks #subsidyscheme,Electric Vehicle Talks,"This video is misleading. FAME 2 ( second version of national EV policy) me electric cars ki subsidy central government ne hata di hai. Center ne khali GST 5% rakha hai compared to ICE. Kuchh states EV cars/SUVs pe subsidy de rahe hai par wo technically subsidy nahi hai balki different types ke fees waiver hai. Jaise ki UP, Delhi and Maharashtra RTO registration almost waived hai... jisme 1 se dedh lakh rupees bach jaate hai.",2025-06-15T05:11:51Z,0,Neutral,0.5254206657409668,Neutral
Ugx0e5achOSA7KBjd7x4AaABAg,pZQ0KUuM97s,EV Subsidy in Your State? Find Out Now! #be6 #be6e #electricvehicletalks #subsidyscheme,Electric Vehicle Talks,I have booked mahindra xev9e. How to avail the subsidy? And do I have to apply for it now only or after delivery?,2025-06-12T05:14:10Z,0,Neutral,0.9270448088645935,Neutral
UgxbQINW6xKNBHWxD6d4AaABAg,2O3GxLnNuL4,"EV Subsidy Guide 2026 🔥 ₹35,000-₹40,000 तक का फायदा? | State Subsidy on Ev two wheeler 2026 ",Badass Ritz,haryana m eletric scoter per subsidy mile thi h,2026-08-02T05:24:51Z,1,Neutral,0.7922517657279968,Neutral
UgyJ6OdXjW3zymuogUR4AaABAg,2O3GxLnNuL4,"EV Subsidy Guide 2026 🔥 ₹35,000-₹40,000 तक का फायदा? | State Subsidy on Ev two wheeler 2026 ",Badass Ritz,Kya maharastra State me subsidy milega,2026-07-20T15:36:27Z,0,Neutral,0.7550582885742188,Neutral
Ugz-COGr55wrtrVEpGt4AaABAg,2O3GxLnNuL4,"EV Subsidy Guide 2026 🔥 ₹35,000-₹40,000 तक का फायदा? | State Subsidy on Ev two wheeler 2026 ",Badass Ritz,Delhi m oben rorr evo pr subsidy mil rhi h? Bcos showroom pr mna kr rhe h,2026-08-01T04:36:42Z,0,Neutral,0.8600945472717285,Neutral
UgxY31VKBkJah8haQit4AaABAg,2O3GxLnNuL4,"EV Subsidy Guide 2026 🔥 ₹35,000-₹40,000 तक का फायदा? | State Subsidy on Ev two wheeler 2026 ",Badass Ritz,Sir mp me subsidy kaise Milagi please bataye sir,2026-09-03T16:12:33Z,0,Neutral,0.7838640809059143,Neutral
Ugzt9kheiM3tQzKE7t54AaABAg,2O3GxLnNuL4,"EV Subsidy Guide 2026 🔥 ₹35,000-₹40,000 तक का फायदा? | State Subsidy on Ev two wheeler 2026 ",Badass Ritz,Bihar patna me subsidy ha bhai?,2026-07-07T12:43:18Z,0,Neutral,0.8318397998809814,Neutral
UgzXm6_NF-PwqMnLcyF4AaABAg,2O3GxLnNuL4,"EV Subsidy Guide 2026 🔥 ₹35,000-₹40,000 तक का फायदा? | State Subsidy on Ev two wheeler 2026 ",Badass Ritz,Gujarat subsidy ka kya haal hai?,2026-07-07T16:00:32Z,0,Neutral,0.8479365110397339,Neutral
Ugz0H7Fvevcd7jq0oMZ4AaABAg,2O3GxLnNuL4,"EV Subsidy Guide 2026 🔥 ₹35,000-₹40,000 तक का फायदा? | State Subsidy on Ev two wheeler 2026 ",Badass Ritz,"Bhai Ather Ke showroom Gaya Tha 450 series Lane, I belong to Bangalore and then the salesman say no subsidy from Central you may have state benefit, but you have to pay full and I liked the overtone Colour and it cost me 1,87,000 on road",2026-07-08T15:13:34Z,0,Neutral,0.5620307326316833,Neutral
UgwbMo6DZpfMyfnkWaR4AaABAg,2O3GxLnNuL4,"EV Subsidy Guide 2026 🔥 ₹35,000-₹40,000 तक का फायदा? | State Subsidy on Ev two wheeler 2026 ",Badass Ritz,My friend told to me open electric not eligible for Delhi EV subsidy or other any subsidy is this true or it is a false ?,2026-07-07T12:18:58Z,0,Neutral,0.5218356847763062,Neutral
UgwhF6xQqiKICD1_i154AaABAg,2O3GxLnNuL4,"EV Subsidy Guide 2026 🔥 ₹35,000-₹40,000 तक का फायदा? | State Subsidy on Ev two wheeler 2026 ",Badass Ritz,Up me kisi ko subsidy mili ??,2026-08-13T06:47:06Z,0,Neutral,0.820359468460083,Neutral
UgyrGqXOcekSEYAFJUh4AaABAg,bVyszEsiGhU,GOOD NEWS 🤩2026 Ev Buyers | EV Subsidy 2026 Explained ⚡ Delhi vs Other States | ,Badass Ritz,"Main raigarh Chattisgarh ka nivasi hoon, yaha ev scooter subsidy scam chal raha hain,kisi ko bhi aaj tak subsidy mili hi nahi hain",2026-06-14T15:58:24Z,4,Negative,0.5315314531326294,Negative
UgwIQ4RmYkEwsI7jkcl4AaABAg,bVyszEsiGhU,GOOD NEWS 🤩2026 Ev Buyers | EV Subsidy 2026 Explained ⚡ Delhi vs Other States | ,Badass Ritz,Jisko pahle Ev Scooty per state subsidy Mili Hai Kya usko New EVScooty pe bhi Subsidy mile gayi Delhi me,2026-06-29T19:24:12Z,0,Neutral,0.8748527765274048,Neutral
UgxfZi9skCjoedd82Od4AaABAg,bVyszEsiGhU,GOOD NEWS 🤩2026 Ev Buyers | EV Subsidy 2026 Explained ⚡ Delhi vs Other States | ,Badass Ritz,sir mein maharashtra se hu.. mera question hai ki.. ev ke liye subsidy kon apply karta hai.. dealer ya customer.. kyu ki ether dealer bol rahe ki subsidy band ho gayi hai,2026-06-24T05:07:26Z,0,Neutral,0.7781896591186523,Neutral
UgweULLlvsFemoiYKN54AaABAg,bVyszEsiGhU,GOOD NEWS 🤩2026 Ev Buyers | EV Subsidy 2026 Explained ⚡ Delhi vs Other States | ,Badass Ritz,Bhai mere state mein bhi subsidy nahin milati yah log bus katate Hain,2026-06-14T17:22:02Z,0,Neutral,0.7566303610801697,Neutral
UgyqCzzLbGEGXN4QJ1x4AaABAg,bVyszEsiGhU,GOOD NEWS 🤩2026 Ev Buyers | EV Subsidy 2026 Explained ⚡ Delhi vs Other States | ,Badass Ritz,India mein subsidy naam ki chij nahin Hoti😮,2026-06-14T17:22:35Z,0,Neutral,0.5864580273628235,Neutral
UgygeMMaDr1fJkKffa94AaABAg,bVyszEsiGhU,GOOD NEWS 🤩2026 Ev Buyers | EV Subsidy 2026 Explained ⚡ Delhi vs Other States | ,Badass Ritz,Kal hi showroom gaya tha wahaan bol rahe hai ki subsidy govt ne band kar di hai 😔 delhi me,2026-06-19T05:52:41Z,0,Negative,0.5959205031394958,Negative
UgxGGdFnUEBc0groGc14AaABAg,bVyszEsiGhU,GOOD NEWS 🤩2026 Ev Buyers | EV Subsidy 2026 Explained ⚡ Delhi vs Other States | ,Badass Ritz,Maharashtra government should also give,2026-06-14T15:12:08Z,0,Neutral,0.8485680222511292,Neutral
UgwrbuaqUbm-OEURdEJ4AaABAg,bVyszEsiGhU,GOOD NEWS 🤩2026 Ev Buyers | EV Subsidy 2026 Explained ⚡ Delhi vs Other States | ,Badass Ritz,Bhai maine to 4din pehle li hai pm-e subsidy hi mili 5k ki😭😭 in delhi,2026-06-18T17:16:46Z,0,Negative,0.6359766721725464,Negative
Ugxt2kJiuaIlSqyMcl54AaABAg,sHeob7fVLSo,Electric Vehicle Subsidy in Rajasthan | Electric Vehicle Subsidy | Bike Gallery,Bike Gallery,Bhai state subsidy band pdi hai,2024-04-09T10:04:48Z,0,Neutral,0.757922887802124,Neutral
UgxmjZ33v3KiFeXsp5R4AaABAg,9suE_FQfmmA,"🔥 1 July 2026 से बड़ा बदलाव! EV पर ₹30,000 Subsidy 😱 | New Delhi EV Policy july 2026 ",Badass Ritz,Idhr government subsidy degi udhr utna hi Company Price bhada degi,2026-06-30T14:53:38Z,6,Neutral,0.7997999787330627,Neutral
UgxvGR4ehSGI_2xYw094AaABAg,9suE_FQfmmA,"🔥 1 July 2026 से बड़ा बदलाव! EV पर ₹30,000 Subsidy 😱 | New Delhi EV Policy july 2026 ",Badass Ritz,Subsidy claim kaise krenge? Bill me se minus hogi?,2026-06-30T20:22:13Z,0,Neutral,0.7467163801193237,Neutral
Ugx86qhwvNGRswGlyFJ4AaABAg,9suE_FQfmmA,"🔥 1 July 2026 से बड़ा बदलाव! EV पर ₹30,000 Subsidy 😱 | New Delhi EV Policy july 2026 ",Badass Ritz,Maharashtra me subsidy hai kya?,2026-06-30T14:46:45Z,1,Neutral,0.8662665486335754,Neutral
UgzYeXKSQUwBlr6zROp4AaABAg,9suE_FQfmmA,"🔥 1 July 2026 से बड़ा बदलाव! EV पर ₹30,000 Subsidy 😱 | New Delhi EV Policy july 2026 ",Badass Ritz,Pehle to ev gari pe 18% gst lete hay Fir road tax uske bad bolte hay govt subsidy dega😂😂😂,2026-06-30T18:12:05Z,1,Neutral,0.5030638575553894,Neutral
UgyG3Co3uUAspHOdBo14AaABAg,9suE_FQfmmA,"🔥 1 July 2026 से बड़ा बदलाव! EV पर ₹30,000 Subsidy 😱 | New Delhi EV Policy july 2026 ",Badass Ritz,Hmari state m nhi h bhai mujhe bhi subsidy nhi mili 2 sal hogya,2026-06-30T10:05:46Z,0,Neutral,0.7777144312858582,Neutral
Ugx_Dt76Rw3gWZ-gX6h4AaABAg,9suE_FQfmmA,"🔥 1 July 2026 से बड़ा बदलाव! EV पर ₹30,000 Subsidy 😱 | New Delhi EV Policy july 2026 ",Badass Ritz,mp ki policy kya hai or rate bda diya 😅😅,2026-06-30T15:06:14Z,0,Neutral,0.815211832523346,Neutral
UgztQnIpNH-QJT1etAF4AaABAg,9suE_FQfmmA,"🔥 1 July 2026 से बड़ा बदलाव! EV पर ₹30,000 Subsidy 😱 | New Delhi EV Policy july 2026 ",Badass Ritz,Chhattisgarh subsidy ke baar mein btao,2026-06-30T10:29:40Z,0,Neutral,0.6746889352798462,Neutral
UgxSNKAY955m20sPhdN4AaABAg,9suE_FQfmmA,"🔥 1 July 2026 से बड़ा बदलाव! EV पर ₹30,000 Subsidy 😱 | New Delhi EV Policy july 2026 ",Badass Ritz,Khatam ho gyi hai central goverment subsidy,2026-06-30T12:37:52Z,0,Neutral,0.8145361542701721,Neutral
UgxhO0QYeGy0_mg83L94AaABAg,9suE_FQfmmA,"🔥 1 July 2026 से बड़ा बदलाव! EV पर ₹30,000 Subsidy 😱 | New Delhi EV Policy july 2026 ",Badass Ritz,Odisha ke subsidy ke upar video bano❤,2026-06-30T11:15:36Z,0,Neutral,0.5178695917129517,Neutral
UgxcEt9B33joXCWvDkh4AaABAg,9suE_FQfmmA,"🔥 1 July 2026 से बड़ा बदलाव! EV पर ₹30,000 Subsidy 😱 | New Delhi EV Policy july 2026 ",Badass Ritz,"Dealer Bol raha Hai Abhi Ye Sqeme Hamare pas Nahi Aaya hai , Youtube par har jagah news bana rahe hai , Sab fake Hai Government bewakoof Banq Rahe Hai",2026-07-06T05:33:11Z,0,Negative,0.5285400152206421,Negative
UgxjNmTO3_TKvcc1vWZ4AaABAg,CyQjYDWN2P4,ev subsidy for scooter in odisha 2026 | ev scooter subsidy details in odia | ev subsidy in  bank,Lipun Odia Tv,4:51 80k subsidy 😮😮 ate tanka dauchi?,2026-07-04T11:42:21Z,0,Neutral,0.7551807165145874,Neutral
UgxdAqXg-7J1wMgzZTV4AaABAg,CyQjYDWN2P4,ev subsidy for scooter in odisha 2026 | ev scooter subsidy details in odia | ev subsidy in  bank,Lipun Odia Tv,3.5kw re 17500 subsidy 30k nuha,2026-08-19T05:33:48Z,0,Neutral,0.8527807593345642,Neutral
UgwUvQuBQzIqh2JJeEZ4AaABAg,CyQjYDWN2P4,ev subsidy for scooter in odisha 2026 | ev scooter subsidy details in odia | ev subsidy in  bank,Lipun Odia Tv,Bhai mu 3.5 kwh battry scooty plan korichi mote kete subsidy mele ba please reply,2026-05-16T03:05:13Z,0,Neutral,0.8347635865211487,Neutral
UgyQCKWfXVIySEvYj4B4AaABAg,CyQjYDWN2P4,ev subsidy for scooter in odisha 2026 | ev scooter subsidy details in odia | ev subsidy in  bank,Lipun Odia Tv,bhai subsidy battery kw hisabare mile na ki price hisabare thik se aga jana,2026-08-19T05:32:37Z,0,Neutral,0.679485023021698,Neutral
UgypG-ItFFypB2mx73h4AaABAg,AeXxrLzhNq0,Delhi EV Policy | subsidy explained in detail | ₹30000 State subsidy | ,Dil Toota Biker,bro agar koi person EMI par bhi leta hai to bhi subsidy milegi kya?? Please Reply.,2026-07-07T13:08:31Z,2,Neutral,0.7582207322120667,Neutral
UgyrtkSqGd92DyLbNpx4AaABAg,AeXxrLzhNq0,Delhi EV Policy | subsidy explained in detail | ₹30000 State subsidy | ,Dil Toota Biker,Mene isi week li h scooty Website pr kese apply krege subsidy l liye,2026-07-26T17:24:37Z,1,Neutral,0.7761805057525635,Neutral
UgzsxrNnZ0Ganue_4GF4AaABAg,AeXxrLzhNq0,Delhi EV Policy | subsidy explained in detail | ₹30000 State subsidy | ,Dil Toota Biker,Bhai Authorised scarp bike dealer address and scarp karne bad subsidy keliye apply kese kare,2026-07-17T13:22:57Z,0,Neutral,0.6040659546852112,Neutral
UgwP_y4OlgJUjO914ZJ4AaABAg,AeXxrLzhNq0,Delhi EV Policy | subsidy explained in detail | ₹30000 State subsidy | ,Dil Toota Biker,mere pas aadhar pe delhi ka address hai but mera voter id card kisi aur state ka hai. kya mujhe ye subsidy milegi?,2026-07-18T10:14:53Z,1,Neutral,0.7646241784095764,Neutral
UgwJRqvXyah9ucqIWzl4AaABAg,AeXxrLzhNq0,Delhi EV Policy | subsidy explained in detail | ₹30000 State subsidy | ,Dil Toota Biker,Bhai ahr me ola s1z leta hu to mujhe subsidy milegi,2026-07-31T21:56:29Z,0,Neutral,0.7658620476722717,Neutral
UgzNXiOcDJTLqHZyx2t4AaABAg,AeXxrLzhNq0,Delhi EV Policy | subsidy explained in detail | ₹30000 State subsidy | ,Dil Toota Biker,par bhai PM E DRIVE subsidy toh bnd krdi govt ne ? mujhe jaipur rajasthan me sb mna kr rhe hain ki bnd hogyi please reply,2026-07-09T12:34:01Z,0,Neutral,0.8327695727348328,Neutral
Ugy_6mGqzQwln6xORrJ4AaABAg,AeXxrLzhNq0,Delhi EV Policy | subsidy explained in detail | ₹30000 State subsidy | ,Dil Toota Biker,Bhaiji maine ola s1x+ purchase Kiya hua h 2023 me but subsidy nhi mili. Agr me ab ev two wheeler purchase krta hu to kya 30000 rupye subsidy milegi.,2026-08-25T03:49:17Z,0,Neutral,0.6660383939743042,Neutral
UgxzbADfQjyv61eECwR4AaABAg,AeXxrLzhNq0,Delhi EV Policy | subsidy explained in detail | ₹30000 State subsidy | ,Dil Toota Biker,Electric car k liye bhi subsidy milegi kya ??,2026-07-09T10:01:29Z,0,Neutral,0.7527496218681335,Neutral
UgySM6xd1sJiL8w2l5R4AaABAg,AeXxrLzhNq0,Delhi EV Policy | subsidy explained in detail | ₹30000 State subsidy | ,Dil Toota Biker,I qube st p subsidy milegi ya nhi,2026-07-21T01:58:39Z,1,Neutral,0.7788463234901428,Neutral
UgyJQO0CqMHnAcMwIFN4AaABAg,AeXxrLzhNq0,Delhi EV Policy | subsidy explained in detail | ₹30000 State subsidy | ,Dil Toota Biker,Bahi pm e drive available ni h,2026-07-13T15:54:55Z,1,Neutral,0.8962005972862244,Neutral
Ugy8ZLV6xz2SMABklfh4AaABAg,AeXxrLzhNq0,Delhi EV Policy | subsidy explained in detail | ₹30000 State subsidy | ,Dil Toota Biker,Nhi milti subsidy 3 saal hogy h hero vida ki abhi tk nhi mili,2026-07-17T08:41:41Z,0,Neutral,0.8098090887069702,Neutral
UgwuwIQcDFUb7OMEBI94AaABAg,AeXxrLzhNq0,Delhi EV Policy | subsidy explained in detail | ₹30000 State subsidy | ,Dil Toota Biker,"Correction - Oben ki electric bikes par pm e drive subsidy hai hi nahi , toh wo evo par ni milegi. (My mistake )",2026-07-08T06:41:20Z,0,Neutral,0.7026616930961609,Neutral
Ugw7to7lvPi0XSGEv8p4AaABAg,AeXxrLzhNq0,Delhi EV Policy | subsidy explained in detail | ₹30000 State subsidy | ,Dil Toota Biker,Make a video on How to claim Delh subsidy full prosser 🎉,2026-07-07T08:42:33Z,8,Positive,0.6061884164810181,Positive
Ugwq4kiXQ8XRohzOkbN4AaABAg,AeXxrLzhNq0,Delhi EV Policy | subsidy explained in detail | ₹30000 State subsidy | ,Dil Toota Biker,Are dil toota biker bhai mere ola ka charger kharab hogya h 1 month se try krra hu abhi tak nhi mila koi jugad hoto kuch help kardo yar videos dekhne ka kuch to fayeda mile hume bhi,2026-07-08T13:56:57Z,0,Neutral,0.7415923476219177,Neutral
Ugw6ZQFpxYIIBE7D0Yx4AaABAg,AeXxrLzhNq0,Delhi EV Policy | subsidy explained in detail | ₹30000 State subsidy | ,Dil Toota Biker,Bro ek video subsidy process on portal par bhi bana do it would be great help for major audience,2026-07-08T20:32:26Z,0,Positive,0.8851958513259888,Positive
UgyvF5le5wMrNsZX3K14AaABAg,AeXxrLzhNq0,Delhi EV Policy | subsidy explained in detail | ₹30000 State subsidy | ,Dil Toota Biker,i can't find a single video on how to apply for this subsidy. please make a video.,2026-07-08T09:01:08Z,2,Negative,0.8384466171264648,Negative
UgyP3yH6zzSPjYSmi6t4AaABAg,AeXxrLzhNq0,Delhi EV Policy | subsidy explained in detail | ₹30000 State subsidy | ,Dil Toota Biker,me delhi me govt service me hu mere aadhar car pan car me number mp ka h kya me EV lekr subcidy mil skti h,2026-07-13T11:59:23Z,0,Neutral,0.8337330222129822,Neutral
UgzV5y9zsyR5MjDBTwl4AaABAg,AeXxrLzhNq0,Delhi EV Policy | subsidy explained in detail | ₹30000 State subsidy | ,Dil Toota Biker,Subsidy apply karne ke liye Delhi government ka ev portal/website chal hi nahi rahi to ab kese apply Karu 1 mahine ke andar,2026-07-08T06:09:13Z,4,Neutral,0.83799809217453,Neutral
UgxzZyCZD5uHmtBthn94AaABAg,AeXxrLzhNq0,Delhi EV Policy | subsidy explained in detail | ₹30000 State subsidy | ,Dil Toota Biker,Bhai me hero vida lena hai delhi me or bharat series ka number me subsidy milega,2026-07-08T08:01:13Z,0,Neutral,0.8322970271110535,Neutral
UgxLzLVTpGEt7QSTdJx4AaABAg,AeXxrLzhNq0,Delhi EV Policy | subsidy explained in detail | ₹30000 State subsidy | ,Dil Toota Biker,oben rorr evo pr Delhi m subsidy milegi??,2026-08-01T04:24:16Z,0,Neutral,0.8762437105178833,Neutral
Ugz6KpXEf5DjQQ7TDA54AaABAg,AeXxrLzhNq0,Delhi EV Policy | subsidy explained in detail | ₹30000 State subsidy | ,Dil Toota Biker,Bike mene 1 mahine pehle hi scrab kiya h .lekin certificate ni liya h bus video h choti si.scrab to kya subsidy ke liye eligible h ki ni.,2026-07-17T07:19:30Z,0,Neutral,0.7585540413856506,Neutral
Ugzix2WuLf_Wu0u_taN4AaABAg,AeXxrLzhNq0,Delhi EV Policy | subsidy explained in detail | ₹30000 State subsidy | ,Dil Toota Biker,Bhai mujhr ev lena hai maine sare showroom pe patah karliya But n tp pm subsidy de rahe hai n 30k wali keh rahe he hamare pass koi update nhi,2026-07-07T17:37:37Z,1,Neutral,0.7923460006713867,Neutral
UgyvdS_LfZ7FKtFQ9ph4AaABAg,AeXxrLzhNq0,Delhi EV Policy | subsidy explained in detail | ₹30000 State subsidy | ,Dil Toota Biker,Mp ke log delhi se kharidenge toh subsidy milegi,2026-07-09T09:44:06Z,0,Neutral,0.7486278414726257,Neutral
UgwNtaNR91-fSMgptJV4AaABAg,AeXxrLzhNq0,Delhi EV Policy | subsidy explained in detail | ₹30000 State subsidy | ,Dil Toota Biker,Joh yeh 30000 vala subsidy hai voh sirf delhi meh hai yaa punjab meh bhi hai,2026-07-08T04:26:30Z,0,Neutral,0.7821443676948547,Neutral
Ugx1JDTisPzA00HUowp4AaABAg,AeXxrLzhNq0,Delhi EV Policy | subsidy explained in detail | ₹30000 State subsidy | ,Dil Toota Biker,Bhai kisi ki subsidy aayi h kya ab tak Delhi policy 2026 me,2026-09-07T18:30:23Z,0,Neutral,0.8197367787361145,Neutral
Ugy-kqAIT_rPNJH2gPF4AaABAg,AeXxrLzhNq0,Delhi EV Policy | subsidy explained in detail | ₹30000 State subsidy | ,Dil Toota Biker,Bhai ev agar finence par lete hai to benefit mile ga sabsidy ka ya nahi,2026-07-27T18:59:09Z,0,Neutral,0.7811521887779236,Neutral
UgygrS045BBI1pp6OQd4AaABAg,AeXxrLzhNq0,Delhi EV Policy | subsidy explained in detail | ₹30000 State subsidy | ,Dil Toota Biker,3-6-26 rc pr date h Kya state subsidy apply krni hogi,2026-08-23T08:25:22Z,0,Neutral,0.9015304446220398,Neutral
Ugw-56_Zx740sqPZool4AaABAg,AeXxrLzhNq0,Delhi EV Policy | subsidy explained in detail | ₹30000 State subsidy | ,Dil Toota Biker,hlw bhi agr mee uttar pradesh se ev loon ga 1Lakh ev subsidy mile gi ya wo sirf up ke logo ke liye hi h aur panjab se hoon aur army me job krta hoon,2026-07-09T06:08:05Z,0,Neutral,0.6986711025238037,Neutral
UgxGTUZF8oiWP4i_tBZ4AaABAg,AeXxrLzhNq0,Delhi EV Policy | subsidy explained in detail | ₹30000 State subsidy | ,Dil Toota Biker,Sir ji non RTO vehicle ke upar Koi subsidy hai ? agar Hai To kya hai 🙏,2026-07-07T08:28:20Z,0,Neutral,0.7903485894203186,Neutral
UgzA03mjpAExhEyJnUF4AaABAg,AeXxrLzhNq0,Delhi EV Policy | subsidy explained in detail | ₹30000 State subsidy | ,Dil Toota Biker,Agar flipkart se purchase kare to usne scrap wala incentive and subsidy dono milegi ?,2026-07-07T17:36:58Z,0,Neutral,0.7577996253967285,Neutral
UgzuW-r9RyqfMGShR_N4AaABAg,AeXxrLzhNq0,Delhi EV Policy | subsidy explained in detail | ₹30000 State subsidy | ,Dil Toota Biker,Lakin bhai me hero vida vx2 buy kar raha hu usme tho 3.4 kw ki battery hai lakin subsidy 17200 ruppee he mil rahe hai official website me bhi 17200 he mil raha hai,2026-07-07T15:22:47Z,1,Neutral,0.8458690643310547,Neutral
UgzvtsCXYnQXwR4gn_F4AaABAg,AeXxrLzhNq0,Delhi EV Policy | subsidy explained in detail | ₹30000 State subsidy | ,Dil Toota Biker,Oben Rorr Evo 2 mahine pahle booking ki Hai ful payment Kar Di Hai To Kya humko subsidy milegi jab humko delivery hogi to bike ki,2026-07-08T04:10:21Z,0,Neutral,0.8442665338516235,Neutral
UgxT_hOWAdV1yau8AoZ4AaABAg,AeXxrLzhNq0,Delhi EV Policy | subsidy explained in detail | ₹30000 State subsidy | ,Dil Toota Biker,"bhai jo log NCR mein rehte hai and gaadi ki registration DELHI se karwate hai, toh kya subsidy milegi? matlab adhaar card par NON DELHI address, lekin registration gaadi ki delhi se krwale toh kya subsidy milegi state wali also kya mein office ka address proof / work address laga skta hu, cuz office delhi mein hai",2026-07-07T06:06:32Z,1,Neutral,0.7950805425643921,Neutral
UgyDIKjYwAFb-p5EvjR4AaABAg,AeXxrLzhNq0,Delhi EV Policy | subsidy explained in detail | ₹30000 State subsidy | ,Dil Toota Biker,Mene flipkart se book kar di h tvs iqube 5000 Subsidy less karke payment ki h delivery next month h. To dono Subsidy milegi na muje,2026-07-08T11:33:35Z,0,Neutral,0.7219443321228027,Neutral
Ugy1oq8KUImsD_JFux14AaABAg,AeXxrLzhNq0,Delhi EV Policy | subsidy explained in detail | ₹30000 State subsidy | ,Dil Toota Biker,"Bhai me maharastra se hu , maharastra me koi subsidy hai kya? Nhi toh kya maharastra me ye 10k per subsidy ayegi ya nhi",2026-07-07T06:39:15Z,1,Neutral,0.8259919285774231,Neutral
UgxNjOab8eT3I8XvYW94AaABAg,AeXxrLzhNq0,Delhi EV Policy | subsidy explained in detail | ₹30000 State subsidy | ,Dil Toota Biker,Is delhi voter id mandatory to claim subsidy. I have only aadhar card of delhi address,2026-07-07T17:04:28Z,0,Neutral,0.8767764568328857,Neutral
Ugx2LwJMlU2P-IDyqIV4AaABAg,AeXxrLzhNq0,Delhi EV Policy | subsidy explained in detail | ₹30000 State subsidy | ,Dil Toota Biker,Bhai vida vx2 plus vs iqube 3.1 kWh kon si better rahegi in long term me and emi par subsidy milegi ya nahi please 🥺😢😅,2026-07-07T21:08:37Z,0,Neutral,0.5274147987365723,Neutral
UgxVKFI0_utJZ-rPbO14AaABAg,AeXxrLzhNq0,Delhi EV Policy | subsidy explained in detail | ₹30000 State subsidy | ,Dil Toota Biker,Mai delhi se hu to scrap mai 10000 ka incentive kaise mil sakta hai ??,2026-07-07T08:01:32Z,0,Neutral,0.7830922603607178,Neutral
UgyaU8mwdsG7UzWHfkl4AaABAg,AeXxrLzhNq0,Delhi EV Policy | subsidy explained in detail | ₹30000 State subsidy | ,Dil Toota Biker,Oben rorr evo pe nahi milega subsidy Kyuki vo bike eligibil nahi h for delhi ev policy 2.0 😢,2026-07-07T08:37:21Z,0,Negative,0.5923492312431335,Negative
UgymTXfim09ABddwVpR4AaABAg,AeXxrLzhNq0,Delhi EV Policy | subsidy explained in detail | ₹30000 State subsidy | ,Dil Toota Biker,"Benefit of Rs 1 Lac for scraping old vehicle, Kya COD (Certificate of Deposit) bhi upload karna hoga portal pe? along with RC of purchase of EV worth upto 30 Lacs. This is most crucial part which is not covered in the Vedio. Please clarify.",2026-07-12T06:10:24Z,0,Neutral,0.8511013984680176,Neutral
Ugwxg9COYd3kxRTtC-N4AaABAg,AeXxrLzhNq0,Delhi EV Policy | subsidy explained in detail | ₹30000 State subsidy | ,Dil Toota Biker,Bhai me Delhi se hu mene ather se baat kiya tha unhone pehle bola 0 subsidy dubara baat kiya to dusre ather dealer ne bola 1 july se state subsidy 10k pr kwh he lekin pm subsidy nahi he wo band ho gayi he kya sahi me band he pm subsidy reply jarur karna bhai❤ or aap bolrahe he pm subsidy milegi,2026-07-07T06:16:03Z,4,Neutral,0.7437842488288879,Neutral
UgyQ1cjZWGqUgXbyg-94AaABAg,AeXxrLzhNq0,Delhi EV Policy | subsidy explained in detail | ₹30000 State subsidy | ,Dil Toota Biker,Bhai Agar kisi ne Pahle Subsidy le hai to usse dobara EV vehicle kharidne per Delhi ki subsidy milegi,2026-07-07T15:44:11Z,0,Neutral,0.782856285572052,Neutral
UgwpYZ30brn5JMEHtxx4AaABAg,AeXxrLzhNq0,Delhi EV Policy | subsidy explained in detail | ₹30000 State subsidy | ,Dil Toota Biker,"Delhi govt took the flying spear down their arse. If they care about pollution, then let people use their old vehicles, which do not create any pollution after 15 years. As creating new vehicle creates more pollution than using a still perfectly working vehicle.",2026-07-08T12:46:25Z,0,Negative,0.7387633323669434,Negative
UgzxGX78HgArnZ9T1H94AaABAg,AeXxrLzhNq0,Delhi EV Policy | subsidy explained in detail | ₹30000 State subsidy | ,Dil Toota Biker,Brother in the draft delhi govt said that first 10k women buyers will get 12k per kw subsidy. Is this available in final policy,2026-07-07T08:40:05Z,0,Neutral,0.9150906205177307,Neutral
UgyamMOdeG3rtQO00iN4AaABAg,AeXxrLzhNq0,Delhi EV Policy | subsidy explained in detail | ₹30000 State subsidy | ,Dil Toota Biker,Up me milegi subsidy,2026-07-07T07:56:31Z,0,Neutral,0.7107959985733032,Neutral
UgyO4qEF8qyIiO4pkC94AaABAg,AeXxrLzhNq0,Delhi EV Policy | subsidy explained in detail | ₹30000 State subsidy | ,Dil Toota Biker,Ev me kabhi subsidy nahi milta,2026-07-08T05:33:02Z,0,Neutral,0.7387139201164246,Neutral
UgxFzYQk50oA9n-8wr54AaABAg,AeXxrLzhNq0,Delhi EV Policy | subsidy explained in detail | ₹30000 State subsidy | ,Dil Toota Biker,brother what about BH registration. will they be eligible for the subsidy??,2026-07-17T23:11:07Z,0,Neutral,0.9234374165534973,Neutral
Ugw4KP8NnArHDikAly14AaABAg,AeXxrLzhNq0,Delhi EV Policy | subsidy explained in detail | ₹30000 State subsidy | ,Dil Toota Biker,Kyu pagal bana rhe ho... Show room wale mana kr rhe h subsidy k liye,2026-07-17T22:34:58Z,0,Neutral,0.7883753776550293,Neutral
UgzMeZAyol-haLjGFKV4AaABAg,AeXxrLzhNq0,Delhi EV Policy | subsidy explained in detail | ₹30000 State subsidy | ,Dil Toota Biker,me bhopal se hu kya koi subsidy milegi mujhe?,2026-07-07T06:56:16Z,0,Neutral,0.8329561948776245,Neutral
UgxzzbXpWFueQtA9lml4AaABAg,KNyFENvZqf0,"Delhi EV Policy 2026 Full Details | Subsidy, New Rules &amp; EV Scooter Benefits Explained",MsAutoVlogs,August Mein Lenge 3.4 ki to Kitni subsidy milegi,2026-07-28T15:16:10Z,0,Neutral,0.8209137916564941,Neutral
Ugx-l-c65RoIAmp_Y9d4AaABAg,KNyFENvZqf0,"Delhi EV Policy 2026 Full Details | Subsidy, New Rules &amp; EV Scooter Benefits Explained",MsAutoVlogs,Army person jo delhi me posted hai unko subsidy milegi ya nahi iss par information dijiye bahut hi new aur necessary information hai.,2026-07-03T07:17:55Z,1,Neutral,0.8499337434768677,Neutral
UgzPVKAqUlhy2_HDG1V4AaABAg,KNyFENvZqf0,"Delhi EV Policy 2026 Full Details | Subsidy, New Rules &amp; EV Scooter Benefits Explained",MsAutoVlogs,Kya locale ev scooty pr bhi subsidy milegi,2026-07-02T03:19:59Z,1,Neutral,0.7350432872772217,Neutral
UgytjdgbQYAJM2aM1lF4AaABAg,NHZroTdpC3o,Delhi EV Policy 2026: Scooter Subsidy Process Explained | How to Apply &amp; Timeline ⚡️🛵,MsAutoVlogs,Full process video how to apply subsidy :,2026-09-13T03:10:27Z,0,Neutral,0.9142424464225769,Neutral
UgzoMgTxi0FlskeEOSl4AaABAg,NHZroTdpC3o,Delhi EV Policy 2026: Scooter Subsidy Process Explained | How to Apply &amp; Timeline ⚡️🛵,MsAutoVlogs,Maine subsidy apply ki thi but application revert kar diya reason upload rc ab dobara rc upload karne k liye na to application status pe upload document ka option aa rha na hi find application pe click karne pe registration no. Or chesis no. Dalne pe otp aa rha registered number pe,2026-09-12T21:08:36Z,0,Neutral,0.8350672721862793,Neutral
UgyieF8ayA1nujnlBup4AaABAg,NHZroTdpC3o,Delhi EV Policy 2026: Scooter Subsidy Process Explained | How to Apply &amp; Timeline ⚡️🛵,MsAutoVlogs,"Delhi govt website link is Incorrect, it is fraud website.",2026-08-25T12:27:51Z,0,Negative,0.8794560432434082,Negative
UgwceSmuDzJCD4za-it4AaABAg,NHZroTdpC3o,Delhi EV Policy 2026: Scooter Subsidy Process Explained | How to Apply &amp; Timeline ⚡️🛵,MsAutoVlogs,Bhai meri subsidy abhi tak pending me he 1 month se uper ho gya mene showroom vaalo ke kehene pe photo copy uploaded ki thi fir 3 baar rejected ho gya uske baad showroom se baat ki toh unhone bola digital loker se download krke rc daal do lekin ab vo ab reject nhi ho rha he or rc dubra upload krne ka msg nhi aarha he kiya kru me kaafi time ho gya he subsidy milegi ya nhi bhai 😢😢😢 vida vx2 plus he mere pass 3.4 kwh kitni subsidy milegi ispe or delhi se kiya seen he bhai dubars daal na he mujhe digital loker se download kr liya he lekin ab vo options nhi he kiya kru me yr batao bhai yr mail bhi kr diya koi response nhi he govt ka,2026-08-31T23:52:46Z,1,Neutral,0.6204013228416443,Neutral
Ugze6sNf4yWTTFVDYZN4AaABAg,NHZroTdpC3o,Delhi EV Policy 2026: Scooter Subsidy Process Explained | How to Apply &amp; Timeline ⚡️🛵,MsAutoVlogs,sir pahle jisne ev lay rakha unki subsidy abhi tak nahi ai kya karna hoga,2026-07-06T04:40:04Z,1,Neutral,0.7932549118995667,Neutral
Ugxedkp1Eq4h0j2omFh4AaABAg,NHZroTdpC3o,Delhi EV Policy 2026: Scooter Subsidy Process Explained | How to Apply &amp; Timeline ⚡️🛵,MsAutoVlogs,Bhaiya Maine ampere Magnus purchase Kari hai maine subsidy apply kiya hai so Mai puchna chahta hu mai second year bhi subsidy apply kar sakta hu Mtlb jab Scooty ko ek saal ho jaiga,2026-08-14T16:56:33Z,1,Neutral,0.850741982460022,Neutral
UgzNHNb7sRpUs7Qkt5F4AaABAg,NHZroTdpC3o,Delhi EV Policy 2026: Scooter Subsidy Process Explained | How to Apply &amp; Timeline ⚡️🛵,MsAutoVlogs,Bhaiya meri ev subsidy m voter id card ka rejection aagya h mene galti se bas front wala upload kardiya kya solutioin h kese jhoga reupload pls bta doi samjh n aara pls pls pls,2026-08-14T08:25:35Z,0,Neutral,0.6433724761009216,Neutral
UgzE1Xdge1cve53BXsV4AaABAg,NHZroTdpC3o,Delhi EV Policy 2026: Scooter Subsidy Process Explained | How to Apply &amp; Timeline ⚡️🛵,MsAutoVlogs,Bhai Aadhar delhi ka h voterid rajasthan ka subsidy milegi..?,2026-08-28T13:39:47Z,1,Neutral,0.7971661686897278,Neutral
Ugz6e6nn7mm-MmsMuKx4AaABAg,NHZroTdpC3o,Delhi EV Policy 2026: Scooter Subsidy Process Explained | How to Apply &amp; Timeline ⚡️🛵,MsAutoVlogs,EV Pilicy 2.0 ke regarding abhi koi update available nahi hai delhi government ki site pr. alo authorized sellers and vehicles ki list bhi purani 2022 ki hai. Do you know update kb tk ho jayegi site?,2026-08-12T15:29:54Z,1,Neutral,0.8651250600814819,Neutral
UgwptI0xLoL-YjbPXo94AaABAg,NHZroTdpC3o,Delhi EV Policy 2026: Scooter Subsidy Process Explained | How to Apply &amp; Timeline ⚡️🛵,MsAutoVlogs,Bhai rent pr rhta hu delhi document rajasthan k h prr rent agreement prr scooty mil jayegi to muje subsidy milegi ya nhi?,2026-07-14T12:53:51Z,1,Neutral,0.8482801914215088,Neutral
UgyGA2UW9TJb-wSZ5qR4AaABAg,NHZroTdpC3o,Delhi EV Policy 2026: Scooter Subsidy Process Explained | How to Apply &amp; Timeline ⚡️🛵,MsAutoVlogs,Bro scrap policy Mai 11 year old wali Scooty ko scrap karwa sakte hai. For subsidy,2026-07-14T19:28:33Z,1,Neutral,0.5145521759986877,Neutral
UgzngTpFXirdhsvaj1V4AaABAg,NHZroTdpC3o,Delhi EV Policy 2026: Scooter Subsidy Process Explained | How to Apply &amp; Timeline ⚡️🛵,MsAutoVlogs,River indie aur ather k scooters h iss policy mein ?,2026-07-18T19:52:58Z,2,Neutral,0.8717970252037048,Neutral
UgyDafy3TFHVjSI1h9x4AaABAg,NHZroTdpC3o,Delhi EV Policy 2026: Scooter Subsidy Process Explained | How to Apply &amp; Timeline ⚡️🛵,MsAutoVlogs,"Hello, I'm a defence personnel posted in Delhi. Am I authorised for ev policy 2026.",2026-07-11T08:04:16Z,1,Neutral,0.9356936812400818,Neutral
Ugw180yvMCh7OW3M8XB4AaABAg,NHZroTdpC3o,Delhi EV Policy 2026: Scooter Subsidy Process Explained | How to Apply &amp; Timeline ⚡️🛵,MsAutoVlogs,Bro agar 30k down payment pe ev li he aur baaki ki loan karai he to subsidy milegi kya ??,2026-07-10T05:18:44Z,1,Neutral,0.6885998845100403,Neutral
Ugz4Mi4PlBPtaX3hFgR4AaABAg,NHZroTdpC3o,Delhi EV Policy 2026: Scooter Subsidy Process Explained | How to Apply &amp; Timeline ⚡️🛵,MsAutoVlogs,emi pe lene ke liye pe subsidy milegi,2026-08-30T03:21:02Z,1,Neutral,0.7387006878852844,Neutral
UgzGOX4fvqNQ8AT_--t4AaABAg,NHZroTdpC3o,Delhi EV Policy 2026: Scooter Subsidy Process Explained | How to Apply &amp; Timeline ⚡️🛵,MsAutoVlogs,Bro mene Aadhar me address delhi ka change kra liya h Uske alawa to koi document nhi chahiye na Me Saharanpur rhta hu Delhi se 200 km dur Vida Vx2 plus 4.4 lena h Delhi showroom se hi purchase Krna h ?,2026-07-13T11:06:29Z,1,Neutral,0.888248085975647,Neutral
Ugw2Omgw01y-jemek5V4AaABAg,NHZroTdpC3o,Delhi EV Policy 2026: Scooter Subsidy Process Explained | How to Apply &amp; Timeline ⚡️🛵,MsAutoVlogs,website khul ni ri incentive wali,2026-07-07T11:27:57Z,0,Neutral,0.8247610330581665,Neutral
UgzXNMVShsqov7lXard4AaABAg,NHZroTdpC3o,Delhi EV Policy 2026: Scooter Subsidy Process Explained | How to Apply &amp; Timeline ⚡️🛵,MsAutoVlogs,Sir delhi mai State subsidy Apply kerne kai liye kon kon ki document lagega ?,2026-07-27T13:00:58Z,1,Neutral,0.8866752982139587,Neutral
UgxeS8bLvP9qWVzB9vV4AaABAg,NHZroTdpC3o,Delhi EV Policy 2026: Scooter Subsidy Process Explained | How to Apply &amp; Timeline ⚡️🛵,MsAutoVlogs,I have Aadhar from other state. I work in a govt office in Delhi. I have a service certificate mentioning my present address of Delhi. Can I apply for subsidy?,2026-07-15T06:43:14Z,0,Neutral,0.8977445960044861,Neutral
UgzMi3IGMhemJEwvYep4AaABAg,NHZroTdpC3o,Delhi EV Policy 2026: Scooter Subsidy Process Explained | How to Apply &amp; Timeline ⚡️🛵,MsAutoVlogs,Adhar card up ka hai agar delhi se le to subsidy milega???,2026-07-13T13:23:45Z,1,Neutral,0.7475038170814514,Neutral
Ugw_oxTjzuL3NcedFM54AaABAg,NHZroTdpC3o,Delhi EV Policy 2026: Scooter Subsidy Process Explained | How to Apply &amp; Timeline ⚡️🛵,MsAutoVlogs,Bhaiya agar me faridabad se ev scooter purchase karu or rto delhi ka ho toh bhi delhi subsidy ke liye eligible rahunga?,2026-07-09T04:46:04Z,1,Neutral,0.8753114938735962,Neutral
UgyEMTDM0kpKxvy-DhF4AaABAg,NHZroTdpC3o,Delhi EV Policy 2026: Scooter Subsidy Process Explained | How to Apply &amp; Timeline ⚡️🛵,MsAutoVlogs,I got the delhi gov 30k subsidy today gov do the good work 👍,2026-09-10T08:04:03Z,2,Positive,0.9400432109832764,Positive
UgxoDcLMQ0SXJjP5p9h4AaABAg,NHZroTdpC3o,Delhi EV Policy 2026: Scooter Subsidy Process Explained | How to Apply &amp; Timeline ⚡️🛵,MsAutoVlogs,Is delhi voter id card mandatory for subsidy,2026-07-07T17:01:35Z,1,Neutral,0.8620761036872864,Neutral
UgwPAF9AxJemwZ1cY-N4AaABAg,NHZroTdpC3o,Delhi EV Policy 2026: Scooter Subsidy Process Explained | How to Apply &amp; Timeline ⚡️🛵,MsAutoVlogs,Is this applicable for Delhi only???,2026-07-10T03:24:01Z,1,Neutral,0.9261805415153503,Neutral
UgzKWjJCFmonguA5-yd4AaABAg,NHZroTdpC3o,Delhi EV Policy 2026: Scooter Subsidy Process Explained | How to Apply &amp; Timeline ⚡️🛵,MsAutoVlogs,Bhai me rajasthan se lekar rto delhi me register karwane ke bad mil jayegi kya subsidy delhi ke aadhar se,2026-08-30T05:27:36Z,0,Neutral,0.6809276938438416,Neutral
Ugxq1Wc8GYpMuSMZlAx4AaABAg,y_e--tezq6M,EV Subsidy : EV लेने के लिए Subsidy का फायदा कैसे उठाएं? समझाइये Easy Steps में  | Auto Live,Auto LIVE,Hllo sir 🙏 mene 19april 2026 ko issi saal ev bajaj chetak purchased kia h but showroom wale ne pm drive ke 5000/ unhone wo to de diya hai lekin jo State govt ki subsidy hai uska kuch bhi nhi btaya nd wo bol rhe h abhi kuch pta nhi h milgi ya nhi to pls aap hi guide kijiye ab subsidy k liye kya kre pls 🙏,2026-07-26T13:15:15Z,0,Neutral,0.7976819276809692,Neutral
UgzsQdt2YKESbbsak994AaABAg,QSLO2Y5PCIE,"How to Apply for EV Subsidy Odisha Online 2026: Get Up to ₹50,000 Incentive on Electric Vehicles",PSP Studio【ଓଡ଼ିଆ】,Ev scooter subsidy upare detail explain kari video banantu both central and state,2026-08-16T15:44:31Z,1,Neutral,0.770659327507019,Neutral
Ugzbh-ATW0oEkFSp4Xp4AaABAg,QSLO2Y5PCIE,"How to Apply for EV Subsidy Odisha Online 2026: Get Up to ₹50,000 Incentive on Electric Vehicles",PSP Studio【ଓଡ଼ିଆ】,"Bhai kehi b ola Ev ana nahi...mu nije gadi anileni 1year heijiba apajyanta Gadi no. asiparilani, RC ta durara katha...kete mail kete thara showroom visit pare b kichhi hela nahi ..olati showroom band heigala pakhare 2 ta ola showroom...bina no re subsidy b apply kariheuni....Kan kariheba bhai kahibe ki?",2026-07-25T19:48:35Z,0,Neutral,0.7812399864196777,Neutral
UgzLl_cosc5nJz8Pqqx4AaABAg,QSLO2Y5PCIE,"How to Apply for EV Subsidy Odisha Online 2026: Get Up to ₹50,000 Incentive on Electric Vehicles",PSP Studio【ଓଡ଼ିଆ】,After clicking submit button it is showing Registration for Electric Vehicle subsidy failed.,2026-07-15T04:50:17Z,0,Negative,0.6874839663505554,Negative
UgwcNc-fjCrAVBFREYl4AaABAg,QSLO2Y5PCIE,"How to Apply for EV Subsidy Odisha Online 2026: Get Up to ₹50,000 Incentive on Electric Vehicles",PSP Studio【ଓଡ଼ିଆ】,Ev Vehicle purchase karila pare 6 month pare subsidy apply kari haba ya kichhi time line achhi,2026-07-20T03:16:28Z,0,Neutral,0.8339910507202148,Neutral
UgyQll87q7oWgljRxyF4AaABAg,QSLO2Y5PCIE,"How to Apply for EV Subsidy Odisha Online 2026: Get Up to ₹50,000 Incentive on Electric Vehicles",PSP Studio【ଓଡ଼ିଆ】,Bhai 30 June pare nua ev scooter anile subsidy miliba na nahin Odisha,2026-07-03T12:28:21Z,0,Neutral,0.8170158267021179,Neutral
UgxedPVx06fei8zRDKZ4AaABAg,QSLO2Y5PCIE,"How to Apply for EV Subsidy Odisha Online 2026: Get Up to ₹50,000 Incentive on Electric Vehicles",PSP Studio【ଓଡ଼ିଆ】,Sir Jane person nkara gote ev car achi tanka nija name re se already se car re ev subsidy paichanti then se ebe puni tanka name re aou gote new ev car anibe ta se puni second time pai ev subsidy apply kari paribe ki nahi second time puni ev subsidy paibe ki nahi. Sir it's very important please sir tk reply debe,2026-07-07T17:21:38Z,0,Neutral,0.8327056169509888,Neutral
UgzesFc16EOjNKVQUjR4AaABAg,QSLO2Y5PCIE,"How to Apply for EV Subsidy Odisha Online 2026: Get Up to ₹50,000 Incentive on Electric Vehicles",PSP Studio【ଓଡ଼ିଆ】,Application is pending on EV Subsidy Portal for new bill generation,2026-06-23T07:26:02Z,0,Neutral,0.8085017204284668,Neutral
UgxwdKjJm5mlP7G1oZd4AaABAg,QSLO2Y5PCIE,"How to Apply for EV Subsidy Odisha Online 2026: Get Up to ₹50,000 Incentive on Electric Vehicles",PSP Studio【ଓଡ଼ିଆ】,"Tvs iqube 3.5 kw subsidy not able to apply, error msg shows like 👇 Either this model is not registered by manufacturer or not meeting the technical specification 4.1.7 of Odisha EV Policy 2021, kindly contact to the manufacturer",2026-07-02T14:46:53Z,0,Negative,0.7938830256462097,Negative
UgwMw9T_aYbjPCyxatF4AaABAg,QSLO2Y5PCIE,"How to Apply for EV Subsidy Odisha Online 2026: Get Up to ₹50,000 Incentive on Electric Vehicles",PSP Studio【ଓଡ଼ିଆ】,"July month chalichi, ae masare kinile subsidy milibaki? Aau perticular car model registered ki nahin kemiti jani haba please guide karantu",2026-07-08T15:08:17Z,0,Neutral,0.8345644474029541,Neutral
UgxFDAhaS1VXSpvCFuJ4AaABAg,QSLO2Y5PCIE,"How to Apply for EV Subsidy Odisha Online 2026: Get Up to ₹50,000 Incentive on Electric Vehicles",PSP Studio【ଓଡ଼ିଆ】,Subsidy valid on June 26?,2026-06-12T09:33:04Z,0,Neutral,0.9432337880134583,Neutral
UgyTB-ee-EV6f8I4pXB4AaABAg,hoRvg5WBeL4,"Devendra Fadnavis on EV Policy: राज्यात नवं EV धोरण, मुख्यमंत्री बघा काय म्हणाले?",Sakal (सकाळ),Showroom wale det nahi subsidy motha scam karat hai ani toll var suddha free nahi sodat double charges ghetat 😂,2025-07-14T18:22:42Z,3,Negative,0.5248728394508362,Negative
Ugz-DF7Rf9Wj_K9RRGN4AaABAg,hoRvg5WBeL4,"Devendra Fadnavis on EV Policy: राज्यात नवं EV धोरण, मुख्यमंत्री बघा काय म्हणाले?",Sakal (सकाळ),Dealer pe koi scheme Nai hai sab chor mil ke dakar gaye,2025-12-08T16:50:00Z,0,Neutral,0.7714769244194031,Neutral
UgzPIxwosZreo2C_oC54AaABAg,UhEBga4DQbw,Bihar Electric Vehicle Subsidy Online Form 2026 Kaise Bhare | Electric Vehicle Subsidy Online Apply,Online Update STM,"Jharkhand state ka registration vechile ka hai, lakin mai bihar sae hu, kiya subsidy milae ga?",2026-07-24T00:18:05Z,0,Neutral,0.8076249361038208,Neutral
UgxDAi7aEKmIkN6vVX54AaABAg,UhEBga4DQbw,Bihar Electric Vehicle Subsidy Online Form 2026 Kaise Bhare | Electric Vehicle Subsidy Online Apply,Online Update STM,Kya Bina registration wali scuty par bhi mil raha hai,2026-07-22T04:36:19Z,0,Neutral,0.8509424924850464,Neutral
UgxQeixwa1Dcsm38-eV4AaABAg,UhEBga4DQbw,Bihar Electric Vehicle Subsidy Online Form 2026 Kaise Bhare | Electric Vehicle Subsidy Online Apply,Online Update STM,Non rto scooty ka subsidy milega,2026-07-23T02:38:45Z,0,Neutral,0.6669985055923462,Neutral
Ugx711aADJ-kE3M4K4d4AaABAg,UhEBga4DQbw,Bihar Electric Vehicle Subsidy Online Form 2026 Kaise Bhare | Electric Vehicle Subsidy Online Apply,Online Update STM,Central government ka koi subsidy hai....agar hai toh uss par bhi video banaye,2026-07-23T02:45:32Z,3,Neutral,0.7832684516906738,Neutral
Ugx9aa-Tczj4nSC8Wm14AaABAg,UhEBga4DQbw,Bihar Electric Vehicle Subsidy Online Form 2026 Kaise Bhare | Electric Vehicle Subsidy Online Apply,Online Update STM,26 April 2026 ke buy kiya hu kya milega subsidy,2026-07-23T02:39:25Z,0,Neutral,0.8850954174995422,Neutral
UgxD-2lpNaShIfDKMRd4AaABAg,0N1MAlFS-Hw,"Telangana EV Policy 2026 Explained | Subsidy, Benefits &amp; Discounts || Idi Sangathi",ETV Telangana,"private emplyoees major taxes , govt employee discounts.... wahhaa... wahaa...😆",2026-03-28T06:06:32Z,22,Neutral,0.49196335673332214,Neutral
UgxjT9wxJfiWO3bVm-R4AaABAg,0N1MAlFS-Hw,"Telangana EV Policy 2026 Explained | Subsidy, Benefits &amp; Discounts || Idi Sangathi",ETV Telangana,1 suggestion to government mandal ki 1 station pedthe inka evs perguthai state lo,2026-03-26T17:18:13Z,9,Neutral,0.8475239276885986,Neutral
UgzJ3vX4ZcHW--MmzhF4AaABAg,0N1MAlFS-Hw,"Telangana EV Policy 2026 Explained | Subsidy, Benefits &amp; Discounts || Idi Sangathi",ETV Telangana,"Government employees em takkuva guddavalga salary, lancham, commission vallu kotishwarlu vaniki inka 20℅ Discounts shame on you Common people ivvandi sir minister vadandi mla, mp lu vadandi",2026-03-27T04:49:34Z,12,Negative,0.7566360235214233,Negative
UgwEd8T1_0KufUg9WNt4AaABAg,0N1MAlFS-Hw,"Telangana EV Policy 2026 Explained | Subsidy, Benefits &amp; Discounts || Idi Sangathi",ETV Telangana,It should be for all the people in telangana not for govt employees only. most of the govt employees are in rural area. They even dont drive for 10 KM per day. Useless govt decision. I think this benefit is giving by companies only. Not giving govt. Else all companies in EV sector can give same discount.,2026-03-27T08:29:28Z,8,Negative,0.6866298913955688,Negative
Ugy9kWZxPNaUEJomCcB4AaABAg,0N1MAlFS-Hw,"Telangana EV Policy 2026 Explained | Subsidy, Benefits &amp; Discounts || Idi Sangathi",ETV Telangana,Government jobs valaki money Lev kada,2026-03-31T08:02:41Z,0,Neutral,0.780282199382782,Neutral
UgzdOpAKdbTwWToKc7N4AaABAg,0N1MAlFS-Hw,"Telangana EV Policy 2026 Explained | Subsidy, Benefits &amp; Discounts || Idi Sangathi",ETV Telangana,Govt employees ki em thakuva ani 20% discounts ! Common people ki evali,2026-03-27T03:20:01Z,24,Neutral,0.7750112414360046,Neutral
UgwGpbeRlhbCqElWAiJ4AaABAg,0N1MAlFS-Hw,"Telangana EV Policy 2026 Explained | Subsidy, Benefits &amp; Discounts || Idi Sangathi",ETV Telangana,Private employees high taxes pay chestunaru. Benefits and discounts emo government employees ki... bribes kuda valla ke...,2026-03-28T21:39:32Z,5,Neutral,0.5270727276802063,Neutral
UgyqDEUW5EVyCpL-TDF4AaABAg,0N1MAlFS-Hw,"Telangana EV Policy 2026 Explained | Subsidy, Benefits &amp; Discounts || Idi Sangathi",ETV Telangana,Govt employee ki kadu un employee ki evvali discount,2026-04-01T06:23:01Z,0,Neutral,0.8033186793327332,Neutral
UgxmmFVDl5I6RCmvby14AaABAg,0N1MAlFS-Hw,"Telangana EV Policy 2026 Explained | Subsidy, Benefits &amp; Discounts || Idi Sangathi",ETV Telangana,20 % రాయితీ మరియు రోడ్ tax రద్దు అనేవి రిటైర్డ్ ఉద్యోగులకు కూడా వర్తించేలా ప్రభుత్వం పాలసీ తీసుకుని రావాలి.,2026-03-27T10:07:55Z,2,Neutral,0.7501758337020874,Neutral
UgxTPksvXRXNv2oywnF4AaABAg,0N1MAlFS-Hw,"Telangana EV Policy 2026 Explained | Subsidy, Benefits &amp; Discounts || Idi Sangathi",ETV Telangana,Common people ku ivvali kani dabbu unna valaku isthunaru. Ento tingari govt,2026-03-27T19:14:33Z,1,Neutral,0.7031127214431763,Neutral
UgxdbzNPUo_hepvWsa94AaABAg,0N1MAlFS-Hw,"Telangana EV Policy 2026 Explained | Subsidy, Benefits &amp; Discounts || Idi Sangathi",ETV Telangana,GOVERNMENT EMPLOYEES KI EEMI TAKKUVA UNDDI PRIVATE SCHOOL TEACHERS PRIVATE COLLEGE LECTURERS KI HELP CHIYNDI,2026-03-27T00:42:17Z,1,Neutral,0.6508492827415466,Neutral
Ugy7DJ7nnS2gVdiGDFB4AaABAg,0N1MAlFS-Hw,"Telangana EV Policy 2026 Explained | Subsidy, Benefits &amp; Discounts || Idi Sangathi",ETV Telangana,Avunu papam govt employees ki discount ivalisinda lekapota konaleru,2026-04-04T05:04:54Z,0,Neutral,0.7890267968177795,Neutral
Ugx4Rsmv4e8fYCZbAbp4AaABAg,0N1MAlFS-Hw,"Telangana EV Policy 2026 Explained | Subsidy, Benefits &amp; Discounts || Idi Sangathi",ETV Telangana,Government giving some government employees government & political leaders not use EV vehicle,2026-03-28T13:10:01Z,0,Neutral,0.6006044745445251,Neutral
UgxXsZ-jocoTFicDd7l4AaABAg,0N1MAlFS-Hw,"Telangana EV Policy 2026 Explained | Subsidy, Benefits &amp; Discounts || Idi Sangathi",ETV Telangana,"Stupid govt employees, they are being paid salaries.. It is policy made by politicians for politicians",2026-03-27T03:43:19Z,3,Negative,0.8659560680389404,Negative
Ugzd7pVq-ymMehwpSLt4AaABAg,0N1MAlFS-Hw,"Telangana EV Policy 2026 Explained | Subsidy, Benefits &amp; Discounts || Idi Sangathi",ETV Telangana,"false news , last month me buy EV they charged 2000 Rs road tax extra in Hyderabad . Same EV vehicle in Bangalore 1,02,000 but in Hyderabad is 1,16,000",2026-03-29T11:28:46Z,0,Negative,0.6794427633285522,Negative
UgyPIVoUOvoli7DeIGt4AaABAg,0N1MAlFS-Hw,"Telangana EV Policy 2026 Explained | Subsidy, Benefits &amp; Discounts || Idi Sangathi",ETV Telangana,Looks like this crisis is designed to push people buy unsold electric vehicles. Why don’t government buy them first and inspire everyone. The fatal truth is no service for EV in India,2026-03-28T11:51:38Z,0,Negative,0.815437376499176,Negative
UgzTR46g0u_Bmy4xmMN4AaABAg,0N1MAlFS-Hw,"Telangana EV Policy 2026 Explained | Subsidy, Benefits &amp; Discounts || Idi Sangathi",ETV Telangana,Government servants are poor for them discount,2026-04-07T01:01:21Z,0,Negative,0.5316116809844971,Negative
Ugw4Y3xcGEpasN1MHlt4AaABAg,0N1MAlFS-Hw,"Telangana EV Policy 2026 Explained | Subsidy, Benefits &amp; Discounts || Idi Sangathi",ETV Telangana,Sarkar offers for govt employeesssssssssssssssssssssssssssssssss,2026-03-31T13:47:10Z,0,Neutral,0.7062658071517944,Neutral
UgzzIvNWLPknqxH_2qh4AaABAg,0N1MAlFS-Hw,"Telangana EV Policy 2026 Explained | Subsidy, Benefits &amp; Discounts || Idi Sangathi",ETV Telangana,Govt employees ki discounts ledu emi ledu waste,2026-06-06T04:19:33Z,0,Negative,0.5548490285873413,Negative
UgwyjECacVR39rmyqQ94AaABAg,0N1MAlFS-Hw,"Telangana EV Policy 2026 Explained | Subsidy, Benefits &amp; Discounts || Idi Sangathi",ETV Telangana,"Another Fake promise by state government. Visit any show room, they are offering only 2 to 4 percent on cars only on few brands with slow sales and only few government departments. Always boasting and giving fake promises. Shame",2026-04-10T14:46:13Z,0,Negative,0.8344940543174744,Negative
Ugx41nJ0dAX4S-IYaXJ4AaABAg,0N1MAlFS-Hw,"Telangana EV Policy 2026 Explained | Subsidy, Benefits &amp; Discounts || Idi Sangathi",ETV Telangana,Useless Congress government. Only government employees are part of the state. we are not part of state. But you want our votes. Those Government employees are earning lacs of salary much higher compared to Private. Nobody questions their PRODUCTIVITY. We pay taxes they get subsidies. Wah,2026-03-29T05:39:35Z,0,Negative,0.7087061405181885,Negative
UgxEAoR5KHocPlxaz_54AaABAg,0N1MAlFS-Hw,"Telangana EV Policy 2026 Explained | Subsidy, Benefits &amp; Discounts || Idi Sangathi",ETV Telangana,Govt jobs vallaku endhuku 20% discount waresst govt,2026-03-28T03:15:06Z,1,Neutral,0.7796537280082703,Neutral
UgxUbVsBNcF18bF4nEh4AaABAg,jR_OeMUea4w,👉 Electric Vehicle Subsidy Scheme 2025 | EV Subsidy Rajasthan | Electric Vehicle Purchase Incentive,Bhajan Ka Bulletin,Bhaiya abhi kitni mil rhi h subsidy rajsthan me,2026-08-04T13:11:11Z,0,Neutral,0.827608048915863,Neutral
UgyR7ik1owW-EpG5uJJ4AaABAg,Ge8ruUPeZn4,Breaking live: Aus Government introduces NEW EV incentives,The Electric Viking,This labor government has failed at the first hurdle. This policy is hardly any better than the conservative government that it replaced.,2022-07-01T07:32:23Z,3,Negative,0.9388492703437805,Negative
UgztA4mkjgIpAGezQ654AaABAg,Ge8ruUPeZn4,Breaking live: Aus Government introduces NEW EV incentives,The Electric Viking,"I personally won't qualify for any of these new ""incentives"". All this will do is push the price of EVs up, as clear buyers snap them up with the additional incentives. This will make it more difficult for private buyers to buy an EV. The lack of Federal Emissions Regulations is far more important.",2022-07-01T07:17:04Z,5,Negative,0.8058151006698608,Negative
UgyCb1s-wbHgQtMMtxV4AaABAg,Ge8ruUPeZn4,Breaking live: Aus Government introduces NEW EV incentives,The Electric Viking,"Think I agree with Elon. All subsidies and tax breaks on EVs should be cancelled. EVs should, and can, stand on their own two feet. Sure, have rules on emissions levels and sure finance charging stations where needed.",2022-07-01T17:38:06Z,2,Neutral,0.6371732354164124,Neutral
Ugz6jdGrivvGUpmcPnl4AaABAg,Ge8ruUPeZn4,Breaking live: Aus Government introduces NEW EV incentives,The Electric Viking,An EV policy is a joke without a fuel emissions and efficiency standard.The Government was voted in by people that are now let down.,2022-07-01T06:02:28Z,2,Negative,0.9046909809112549,Negative
Ugw9ogZKxZjlhAVJ8-p4AaABAg,Ge8ruUPeZn4,Breaking live: Aus Government introduces NEW EV incentives,The Electric Viking,"Good points. I just have to say though firstly the government is still new in office and have been left with a mess and the worst economic times we have seen in a very long time. I personally dont like the idea of rushing this stuff. And not that it takes away from your points, but its funny listening to someone give political commentary while saying a politicians name incorrectly multiple times.",2022-07-01T06:06:07Z,3,Negative,0.7587502002716064,Negative
UgzqzKzXj7RG0k6GvQF4AaABAg,Ge8ruUPeZn4,Breaking live: Aus Government introduces NEW EV incentives,The Electric Viking,"Sadly, the most inappropriate people to run any government are politicians and prominent business people. A collection of them is called a committee. But that's often a misnomer, because the bigger a committee is, the less it will commit to. Haven't you ever noticed that the main order of business during many meetings of prominent committees is the decision about whether, where and when to hold another meeting?",2022-07-03T01:51:31Z,0,Negative,0.8171432018280029,Negative
UgyiAexCrz1R9vrrqbN4AaABAg,Ge8ruUPeZn4,Breaking live: Aus Government introduces NEW EV incentives,The Electric Viking,"If our species survives their superstition that violence trumps reason, rights, choice, then it will mean the systematic initiation of force (laws) has been replaced with voluntary political interactions. The political paradigm will be the same as the informal private social interactions, e.g., non-violent, respectful of each other's individual choices ""IF"" they respect ours. Anti-social violence will not be ignored or condoned in any way, even if a person claims the authority to do so. This would apply to polluting a common space, e.g., air/water polluting. All courts, defense agencies, goods/services would be private, voluntary. Someday people will look back and wonder why war existed, why anyone would join a club (group) that specialized in killing/destroying property. Or, how the majority could approve with financial support. It would seem suicidal and/or murderous.",2022-07-02T01:40:30Z,0,Neutral,0.5665268898010254,Neutral
UgwOEMSktvRMIDdijKp4AaABAg,Ge8ruUPeZn4,Breaking live: Aus Government introduces NEW EV incentives,The Electric Viking,"Sam totally agree with your thoughts on emission rules and standards this is the anchor for any good EV policy, on the plus side lots of gov and leased vehicles in circulation will provide a growing second hand market hopefully driving down EV prices for everyone 🤞",2022-07-01T09:26:51Z,0,Positive,0.9028629660606384,Positive
UgyRxeXQKGHGbxhlhCN4AaABAg,Ge8ruUPeZn4,Breaking live: Aus Government introduces NEW EV incentives,The Electric Viking,"Right now an EV incentive isn't going to help anything other than attract supply from companies that can simply charge more, they will take volume away from less paying countries. What you really need is subsidy for Lithium and other metals processing, then you can make a Lithium or resource balance of trade requirement. Ie those manufacturers who want Lithium have to give it back interms of numbers to whatever percentage you deem necessary.",2022-07-01T14:49:40Z,1,Negative,0.6189761161804199,Negative
UgxEeiI5ebjWGIPWfnZ4AaABAg,Ge8ruUPeZn4,Breaking live: Aus Government introduces NEW EV incentives,The Electric Viking,Weak tea though doesn't appear to do any significant harm. A more effective approach would be to simply levy a special tax on ice vehicle's and channel that money to subsidize sales of EV's.,2022-07-04T19:48:23Z,0,Negative,0.6295991539955139,Negative
UgzEZ8uBev8v44jl7wx4AaABAg,Ge8ruUPeZn4,Breaking live: Aus Government introduces NEW EV incentives,The Electric Viking,"I think no need to incentivize demand! Yeah on pollution limits. Then spend tax money to incentivize infrastructure, chargers and grid upgrades. All new sidewalks and parking lots require to at least have the channels to facilitate future chargers. Decrease tolls for EVs. Increase tolls for ICE. Support startups! Battery, solar, and wind ones too, not just new EVs. And yes new EV startups. 3-5 new EV startups producing even 100,000/each within 2 years is a huge plus! Your smaller market is perfect to support a few smaller manufactures. Even if 'only' collectively produce 500,000/year, what a value!",2022-07-03T00:52:04Z,0,Neutral,0.5402676463127136,Neutral
Ugwfcn6BzsEekxTQZh14AaABAg,Ge8ruUPeZn4,Breaking live: Aus Government introduces NEW EV incentives,The Electric Viking,So you don't know much about leases or FBT but make a video criticising the policy?,2022-07-01T06:26:59Z,2,Negative,0.6438183784484863,Negative
UgxpMjZ7XA86xjuXESV4AaABAg,Ge8ruUPeZn4,Breaking live: Aus Government introduces NEW EV incentives,The Electric Viking,Not sure how you can say old system was 'not that bad'. It was pro coal anti renewables and anti EV. Accept Labor policy is not great but it's a step forward. Maybe the greens with balance of power in Senate might improve EV/Renewable outcomes,2022-07-01T12:12:50Z,1,Negative,0.5276961326599121,Negative
UgxBrw8iDWPCndK-eOp4AaABAg,Ge8ruUPeZn4,Breaking live: Aus Government introduces NEW EV incentives,The Electric Viking,Incentives are not needed. Actual vehicles are needed. EV demand far exceeds supply. So why offer incentives?,2022-07-02T16:40:21Z,0,Negative,0.48113152384757996,Negative
UgzoiDQBHAUXgcgFUu94AaABAg,zY6XPFEHiqs,"EV Tax Credits: Everything You Need to Know for 2024 | Eligibility, Incentive Amount &amp; More",Edmunds Cars,Hopefully you made a video about the available tax credit when buying a used EV,2024-09-11T22:08:52Z,1,Neutral,0.7249628305435181,Neutral
UgwYaiD6_StD_kMbtxp4AaABAg,zY6XPFEHiqs,"EV Tax Credits: Everything You Need to Know for 2024 | Eligibility, Incentive Amount &amp; More",Edmunds Cars,Great video! Are there tax credits on hybrid or HPEV?,2024-06-30T20:36:58Z,1,Positive,0.9386224746704102,Positive
Ugwl0m0DpnaZvhonFfJ4AaABAg,zY6XPFEHiqs,"EV Tax Credits: Everything You Need to Know for 2024 | Eligibility, Incentive Amount &amp; More",Edmunds Cars,"Hello, very good video, I would like to know if you could help me with a question, I have a big concern, I downloaded my Tesla form, which is the car that I bought was a new vehicle, specifically Model 3 2024, which qualified 7500 for the federal and 4000 for the state. Today I went to do my taxes and I was surprised that the person who does my taxes told me that I was not going to receive my federal of 7500 because I only reported 17,000 dollars on my taxes... I was surprised how true this would be that I didn't qualify to obtain the federal tax because i didn't report so much even though I have my form that I downloaded to claim the 7500 from tesla",2024-04-09T03:00:50Z,0,Positive,0.5181880593299866,Positive
Ugyjcl6FjOiWcDE3zfd4AaABAg,zY6XPFEHiqs,"EV Tax Credits: Everything You Need to Know for 2024 | Eligibility, Incentive Amount &amp; More",Edmunds Cars,"The dealer I'm trying to buy my used Hyundai Ioniq ev through says their dealership didn't sign up for the rebate program. Is that even a thing? So I asked them if I can send in the paperwork myself and apply for the rebate. They're checking on that. Help! Also, does a tax credit mean that the IRS takes that 4k off what you owe them, or does the IRS send you a 4k check no matter if you owe or not? I'm so confused.",2024-06-18T17:37:34Z,1,Negative,0.6043142080307007,Negative
UgxwjuD3XMEdZkYxWyR4AaABAg,zY6XPFEHiqs,"EV Tax Credits: Everything You Need to Know for 2024 | Eligibility, Incentive Amount &amp; More",Edmunds Cars,"The dealership's sales tactics are frustrating. For me.... They advertise used EVs with the EV tax credit already factored into the price, but then add on 'optionally mandatory' fees that significantly increase the final cost. Additionally, they're artificially inflating the base price of the vehicles to account for the tax credit, effectively bringing the price back down to market value after the credit is applied.",2024-10-26T02:42:40Z,2,Negative,0.8795113563537598,Negative
Ugw6rLfbrsRmgbUHLlV4AaABAg,zY6XPFEHiqs,"EV Tax Credits: Everything You Need to Know for 2024 | Eligibility, Incentive Amount &amp; More",Edmunds Cars,I can receive the full $7500 tax credit if I use it for a down payment even though I don’t have $7500 in taxes on my tax return?,2024-08-25T15:33:07Z,0,Neutral,0.8161309957504272,Neutral
Ugz7r4BvkDVCLj8_go54AaABAg,zY6XPFEHiqs,"EV Tax Credits: Everything You Need to Know for 2024 | Eligibility, Incentive Amount &amp; More",Edmunds Cars,Where does Edmund’s get this once every three year rule? I don’t see this anywhere including the IRS. Actually tax companies say can be claimed as often as you want.,2024-05-26T10:16:48Z,0,Negative,0.6459779739379883,Negative
UgzElui1BRsJGHRQXsB4AaABAg,zY6XPFEHiqs,"EV Tax Credits: Everything You Need to Know for 2024 | Eligibility, Incentive Amount &amp; More",Edmunds Cars,What if the dealer is not registered with the IRS and is not going to do Time of sale report? But only provides you with the bill of sale and you also have your 8936 tax form. Will i get my credit during my tax return? This is a USED CAR Thank you,2024-10-25T21:28:28Z,1,Neutral,0.6283309459686279,Neutral
Ugz0nNJeKGnnSkBn4JN4AaABAg,zY6XPFEHiqs,"EV Tax Credits: Everything You Need to Know for 2024 | Eligibility, Incentive Amount &amp; More",Edmunds Cars,The used EV tax credit of $4000 that the dealer is taking off price of the car (vehicle and I qualify) does that $4000 come off my tax return that I get back in 2025?,2024-12-10T13:15:54Z,0,Neutral,0.8578818440437317,Neutral
Ugyagt5W08JhyyH_sL54AaABAg,zY6XPFEHiqs,"EV Tax Credits: Everything You Need to Know for 2024 | Eligibility, Incentive Amount &amp; More",Edmunds Cars,"So if all your taxes are taken out on a weekly basis thru payroll taxes, and this isn’t refundable, how can you get this discounted?",2024-06-21T22:28:52Z,0,Neutral,0.5457918643951416,Neutral
UgwRROPd90mBT2sssK14AaABAg,zY6XPFEHiqs,"EV Tax Credits: Everything You Need to Know for 2024 | Eligibility, Incentive Amount &amp; More",Edmunds Cars,"Can someone tell me about the State EV incentives? Will I be still eligible for 2024 $2500 State EV incentives even if I already purchased the car? If so, should I contact the bank to work with my payment amount applying that EV incentives? Thank you!",2025-03-11T06:10:32Z,0,Neutral,0.8635110855102539,Neutral
UgwNS_ZEhWR_oMp-iLx4AaABAg,zY6XPFEHiqs,"EV Tax Credits: Everything You Need to Know for 2024 | Eligibility, Incentive Amount &amp; More",Edmunds Cars,"I just purchased my model X. The MSRP is listed at $79,990. However, with additional options like white car instead of the free color option, cream interior and 6 seats instead of 7 seats plus all the other taxes and fees it brought my price tag up to $98k+. Tesla tells me I don’t qualify for the tax credit anymore when on the IRS form it specifically says MSRP without options or fees. Please help me understand if I qualify or not?",2024-11-08T02:13:25Z,0,Negative,0.4905560314655304,Negative
Ugw7sBoYmnom7xbFZ1J4AaABAg,zY6XPFEHiqs,"EV Tax Credits: Everything You Need to Know for 2024 | Eligibility, Incentive Amount &amp; More",Edmunds Cars,does the tax credit apply to used EVs?,2024-04-30T01:34:56Z,0,Neutral,0.9302939176559448,Neutral
UgweGfr4F3VhIr06M3N4AaABAg,zY6XPFEHiqs,"EV Tax Credits: Everything You Need to Know for 2024 | Eligibility, Incentive Amount &amp; More",Edmunds Cars,Used EV or Plug In Hybrid at least 2 years old and priced under $25K can qualify for 30% or up to $4K tax credit also.,2024-12-10T21:58:47Z,1,Neutral,0.6466962695121765,Neutral
UgzuvzAJjDWNXJ7fP3N4AaABAg,zY6XPFEHiqs,"EV Tax Credits: Everything You Need to Know for 2024 | Eligibility, Incentive Amount &amp; More",Edmunds Cars,"I bought a Tesla Model 3 last year and claimed this 7500 on my most recent taxes, Now if I buy a new Model Y, will I be eligible for another 7500?",2024-05-26T00:13:15Z,2,Neutral,0.7851064205169678,Neutral
Ugzab7QmhCd-l427nbx4AaABAg,zY6XPFEHiqs,"EV Tax Credits: Everything You Need to Know for 2024 | Eligibility, Incentive Amount &amp; More",Edmunds Cars,"I have already claimed the $7500 new ev tax credit in 2023, can I still claim the $4000 used ev tax credit in year 2025?",2025-04-16T05:29:29Z,0,Neutral,0.8341370820999146,Neutral
UgxJeCBJbVHH_3RIIbV4AaABAg,zY6XPFEHiqs,"EV Tax Credits: Everything You Need to Know for 2024 | Eligibility, Incentive Amount &amp; More",Edmunds Cars,Does EV tax credit applies to used cars like Tesla and other electric brand vehicles. If it does you should make a video about this but for used electric vehicles.,2024-12-01T16:13:18Z,0,Neutral,0.8667574524879456,Neutral
UgzJy27Gr-SerjY5Z2d4AaABAg,zY6XPFEHiqs,"EV Tax Credits: Everything You Need to Know for 2024 | Eligibility, Incentive Amount &amp; More",Edmunds Cars,What if a household gets 4 to 5k in taxes every year?,2024-11-15T10:59:26Z,0,Neutral,0.8026987910270691,Neutral
Ugy5C0T43Z0KcU6NEOt4AaABAg,zY6XPFEHiqs,"EV Tax Credits: Everything You Need to Know for 2024 | Eligibility, Incentive Amount &amp; More",Edmunds Cars,So I just left carmax and they don’t participate in the used tax credit as far as putting it towards the price,2024-12-11T19:02:17Z,0,Negative,0.601311445236206,Negative
Ugx5nkarB270uXdGqBh4AaABAg,zY6XPFEHiqs,"EV Tax Credits: Everything You Need to Know for 2024 | Eligibility, Incentive Amount &amp; More",Edmunds Cars,"Good video, but the language about needing to owe at least $7,500 in taxes at the end of the year isn't accurate.",2024-02-14T17:59:01Z,2,Negative,0.6710054874420166,Negative
UgyasKi28khYIE5ee_94AaABAg,zY6XPFEHiqs,"EV Tax Credits: Everything You Need to Know for 2024 | Eligibility, Incentive Amount &amp; More",Edmunds Cars,"I wasn't aware of all the available incentives in late December when I ordered my 2023 Chevy Bolt EV 2LT. The dealership is experiencing some issues with the IRS software and has agreed to hold my vehicle until the issues are resolved. I prefer the dealership to work with the IRS, so I need to. Here's a list of incentives that I'm receiving here in Colorado. The MSRP listing is $32,250 minus $7500 Federal and another $7500 in Colorado, plus a $500 debit card for charging at EVGO , I'm also receiving a $500 military discount from GM, if that's not enough my local power company will pay up to $1000 to help with any electrical up grads need for wiring a charger at my home. that's almost a $50% discount on a new Car buying only $16,250",2024-02-10T03:20:12Z,5,Neutral,0.6447795033454895,Neutral
UgxyWF1hGU-l0SltBq54AaABAg,zY6XPFEHiqs,"EV Tax Credits: Everything You Need to Know for 2024 | Eligibility, Incentive Amount &amp; More",Edmunds Cars,Some of the questions that I am not finding answers are 1. Can I buy more than 1 ev in same year and get 7500 2. Can I sell EV (2023) for which I claimed credit already and then get a tax credit on a new one in 2024.,2024-04-13T03:21:32Z,0,Neutral,0.7046552300453186,Neutral
Ugy10VreccqcY_r-2ad4AaABAg,zY6XPFEHiqs,"EV Tax Credits: Everything You Need to Know for 2024 | Eligibility, Incentive Amount &amp; More",Edmunds Cars,"Why don’t they just knock off 7500 off MSRP .If I owe 10k in taxes at the end of the year, then with the credit I would only owe 2500? What happens if I break even .I get nothing?",2024-09-29T18:40:32Z,0,Negative,0.7658732533454895,Negative
UgwZPbR56imsQnBAVIp4AaABAg,zY6XPFEHiqs,"EV Tax Credits: Everything You Need to Know for 2024 | Eligibility, Incentive Amount &amp; More",Edmunds Cars,I'm a low-income (roughly about 44k) buyer and my tax bill usually is a few hundred dollars.so lets say 300. I don't have to pay back the 7200.,2024-05-05T14:46:16Z,0,Neutral,0.7031559944152832,Neutral
UgyIsCrm5MnEys5YoD54AaABAg,zY6XPFEHiqs,"EV Tax Credits: Everything You Need to Know for 2024 | Eligibility, Incentive Amount &amp; More",Edmunds Cars,"So I make $40,000 a year. Never owed any taxes back to the IRS. I always get a refund around $1200 a year. Im single. I want a 2023 white Chevy bolt that’s about $32,000 at most. So do I qualify for the whole $7500 discount? I would take the credit at time of sale instead of waiting. Also does this mean I wont be receiving my $1200 tax refund at all because of this $7500 credit? Or that remains unchanged? Has nothing to do with the EV credit? If I buy it this year in 2024 I put it on my tax forms in February 2025 when I do them? I already did my taxes for 2023 which I did February 2024",2024-03-22T05:47:56Z,8,Neutral,0.7426901459693909,Neutral
UgyLv5ncJUV6lsI1ISR4AaABAg,zY6XPFEHiqs,"EV Tax Credits: Everything You Need to Know for 2024 | Eligibility, Incentive Amount &amp; More",Edmunds Cars,"So I can apply my tax credit, lets say its $7500, into the car price at the dealership and simply do my next taxes as normal?",2024-05-09T22:38:35Z,2,Neutral,0.8573932647705078,Neutral
UgxTJNGhhQeA4pmZ2sR4AaABAg,zY6XPFEHiqs,"EV Tax Credits: Everything You Need to Know for 2024 | Eligibility, Incentive Amount &amp; More",Edmunds Cars,"The solution to the EV vs ICE debate is simple. Remove all tax incentives, subsidies and mandates for both industries and let people make their own choices. I lived through the Arab Oil Embargo which disrupted the US economy and as a result I saw people choose Japanese imports over domestics because they were more economical. The big 3 noticed and followed improving their MPG. I have been seeing a lot of misinformation regarding both which is understandable considering how much money is at stake. I don’t understand why anyone would love or defend either industry, they are both just trying to get you hard earned money and don’t care about you.",2024-05-05T16:50:08Z,2,Neutral,0.4926024079322815,Neutral
Ugw8M64sV8qGE-F5u1F4AaABAg,zY6XPFEHiqs,"EV Tax Credits: Everything You Need to Know for 2024 | Eligibility, Incentive Amount &amp; More",Edmunds Cars,Too bad the 23/24 Prius Hybrid isn’t on this list. Of course they’d want you to pay twice the price for the models listed with less resale value. Damn government! 😡 🤦‍♂️,2024-04-12T10:20:07Z,0,Negative,0.9161386489868164,Negative
UgyYqpOtvvgSHThPGm14AaABAg,zY6XPFEHiqs,"EV Tax Credits: Everything You Need to Know for 2024 | Eligibility, Incentive Amount &amp; More",Edmunds Cars,So if you earn more than 150k gross being single you don’t get any benefit by switching to EV?,2024-02-22T10:51:48Z,3,Neutral,0.7511290311813354,Neutral
Ugz4icphKsFBa3D7-PF4AaABAg,zY6XPFEHiqs,"EV Tax Credits: Everything You Need to Know for 2024 | Eligibility, Incentive Amount &amp; More",Edmunds Cars,Would this tax credit apply to a vehicle (on the list) that I purchased from a private seller?,2024-07-06T02:24:18Z,0,Neutral,0.9003880023956299,Neutral
UgyfQh3yGj2BVFYpVLx4AaABAg,zY6XPFEHiqs,"EV Tax Credits: Everything You Need to Know for 2024 | Eligibility, Incentive Amount &amp; More",Edmunds Cars,"So let me get this straight. if I don’t owe $7500 a year in taxes, the dealer will still deduct it from the price and the government won’t come after the difference?",2024-03-15T20:17:48Z,3,Neutral,0.6033322215080261,Neutral
Ugwylpv6Lwf9h7Drjs94AaABAg,zY6XPFEHiqs,"EV Tax Credits: Everything You Need to Know for 2024 | Eligibility, Incentive Amount &amp; More",Edmunds Cars,So can my wife get the uber $20k and this $7k tax credits stacked make it worth it for us. Mayne do power wall bank and solar with soon new roof.,2024-06-09T10:35:36Z,0,Neutral,0.6021917462348938,Neutral
UgwxH5TPo1t1tX2fWzB4AaABAg,zY6XPFEHiqs,"EV Tax Credits: Everything You Need to Know for 2024 | Eligibility, Incentive Amount &amp; More",Edmunds Cars,"I was told the $7500 tax rebate is nonrefundable so if you don’t owe $7500 in taxes, you will not get the full 7500. It seems a lot of people tell you different answers to the same question, so who is correct?",2024-03-15T20:18:33Z,14,Neutral,0.5190712213516235,Neutral
UgwMAdSnVAtEnMpBEnJ4AaABAg,zY6XPFEHiqs,"EV Tax Credits: Everything You Need to Know for 2024 | Eligibility, Incentive Amount &amp; More",Edmunds Cars,What about second hand purchases? Any tax rebates there?,2024-02-26T21:09:01Z,0,Neutral,0.8074022531509399,Neutral
UgwGFb5DNasH2gzcBbN4AaABAg,zY6XPFEHiqs,"EV Tax Credits: Everything You Need to Know for 2024 | Eligibility, Incentive Amount &amp; More",Edmunds Cars,"Why isn't the tax credit $21.875? That's what a fossile car is subsidized through oil. (IMF 2023 numbers). And, why do you need to pay the tax back. This is not the same with fossile cars.",2024-03-08T20:31:49Z,0,Negative,0.622643232345581,Negative
UgytbRB6Uzv56WJeXeh4AaABAg,zY6XPFEHiqs,"EV Tax Credits: Everything You Need to Know for 2024 | Eligibility, Incentive Amount &amp; More",Edmunds Cars,"WE just bought a used EV from a local Ford dealer. The dealer has us sign over the EV credit to them & then he chopped the credit amount from the purchase price. My question is do I need to do anything with the IRS come tax time or am I done? I think I read where I still need to fill out the IRS form 8936 even if I did time of sale EV credit, is that correct ??",2024-07-19T16:33:33Z,0,Neutral,0.7836663126945496,Neutral
Ugyj5CgxlltI7JE0Opl4AaABAg,zY6XPFEHiqs,"EV Tax Credits: Everything You Need to Know for 2024 | Eligibility, Incentive Amount &amp; More",Edmunds Cars,"Can someone help me with this question? Example: Used Chevy Bolt is advertised at dealership for 10,000: but after the sales tax and other fee's from the dealer the cost is more like 11, 500 out the door: but I also I also wish to purchase an extended warranty adding another 1500.00 to the total price bringing the final price to 13,0000, (if I also add the extended warranty) _________________________________________________ Can I say on the IRS EV used car credit program, that the cost of the car was 13,000? or do I have to use only the 10,000 price of the car, excluding the sales tax and dealer fee's and extended warranty cost ?",2024-04-12T06:23:00Z,0,Neutral,0.8266637325286865,Neutral
UgzijkaOeJYPC4ITZo54AaABAg,zY6XPFEHiqs,"EV Tax Credits: Everything You Need to Know for 2024 | Eligibility, Incentive Amount &amp; More",Edmunds Cars,"It seems to me it would be better to wait and get your $7500 tax refund at the end of the year (if you qualify.) If you take it at time of purchase, the dealer will deduct $7500 from the purchase price of the car but then calculate your term lease payment from that figure which doesn’t necessarily save you $7500 in the end.",2024-03-15T20:23:00Z,1,Neutral,0.7963910102844238,Neutral
Ugz8VJseZ9t5ajX9y2F4AaABAg,zY6XPFEHiqs,"EV Tax Credits: Everything You Need to Know for 2024 | Eligibility, Incentive Amount &amp; More",Edmunds Cars,Too many rules to buying an EV,2024-06-04T19:02:47Z,1,Negative,0.5444338321685791,Negative
UgyPVDsGOXnONX_aJpR4AaABAg,zY6XPFEHiqs,"EV Tax Credits: Everything You Need to Know for 2024 | Eligibility, Incentive Amount &amp; More",Edmunds Cars,"I will no longer look at EVs because ever since dealers qualified for getting the tax credit, they'll set up for it and inflate the car's price tag by 7.5k. Customers may get it easier, but you're paying the 7.5k higher upfront now so it nets zero incentive for buyer. It's absolutely a scam now. Look at every EV price from what it was before the change (think pre 2024 or 2023 vs recent year or 2)",2025-03-21T12:15:47Z,0,Negative,0.8502874970436096,Negative
Ugx5p4iwipTOONgOnIl4AaABAg,zY6XPFEHiqs,"EV Tax Credits: Everything You Need to Know for 2024 | Eligibility, Incentive Amount &amp; More",Edmunds Cars,Big oil is subsidized trillions every year. Big auto bails out every yr. EV tax credit subsidies go the little guy buying his car.,2024-07-06T12:05:30Z,1,Negative,0.7492119669914246,Negative
Ugz4uCOfnyOO27JiXRx4AaABAg,zY6XPFEHiqs,"EV Tax Credits: Everything You Need to Know for 2024 | Eligibility, Incentive Amount &amp; More",Edmunds Cars,Tax credit then get gas taxed,2024-06-01T12:11:13Z,0,Neutral,0.7540244460105896,Neutral
UgyPDaGdOw3RWXUFGbV4AaABAg,zY6XPFEHiqs,"EV Tax Credits: Everything You Need to Know for 2024 | Eligibility, Incentive Amount &amp; More",Edmunds Cars,"There are close to 60,000 EVs rusting in manufacturer's lots because nobody wants them. If it weren't for taxpayers propping it up, this industry would be dead.",2024-09-15T11:07:34Z,0,Negative,0.89079350233078,Negative
UgzeIGtSmNcACdlceoJ4AaABAg,zY6XPFEHiqs,"EV Tax Credits: Everything You Need to Know for 2024 | Eligibility, Incentive Amount &amp; More",Edmunds Cars,"Wonderful I get screwed out of $7,500 due to income. But yet the taxes I pay pay for people that make less than me so they can get a discount. Such BS!",2024-02-09T22:16:30Z,23,Negative,0.9134541153907776,Negative
Ugxp0GG7hGAfQa6VkWt4AaABAg,zY6XPFEHiqs,"EV Tax Credits: Everything You Need to Know for 2024 | Eligibility, Incentive Amount &amp; More",Edmunds Cars,They want to tax something they should stick to taxing all these rich Tesla type boso's with their 3 Teslas per house nonsense (something that should be illegal). Any EV car under 20k should be Tax Free.,2025-05-11T13:36:08Z,0,Negative,0.6499951481819153,Negative
UgyVKHtx924eBjUg6KZ4AaABAg,zY6XPFEHiqs,"EV Tax Credits: Everything You Need to Know for 2024 | Eligibility, Incentive Amount &amp; More",Edmunds Cars,With the last election results… We can kiss all these incentives goodbye…,2024-11-14T21:05:09Z,0,Neutral,0.5283926725387573,Neutral
UgzsQdvFY6zQ1Oe73vN4AaABAg,zY6XPFEHiqs,"EV Tax Credits: Everything You Need to Know for 2024 | Eligibility, Incentive Amount &amp; More",Edmunds Cars,When the government is willing to give you back money for buying something in a FREE MARKET! it's never a good thing.,2024-02-10T04:00:21Z,0,Negative,0.8691858053207397,Negative
Ugwj5b7tmUsaImPJFJx4AaABAg,zY6XPFEHiqs,"EV Tax Credits: Everything You Need to Know for 2024 | Eligibility, Incentive Amount &amp; More",Edmunds Cars,"If BEVs are so great as costs saving to use as many of the fanboys proclaim, then stop all those tax incentives as charge equally for road use. Let the market decide.",2024-02-09T17:15:01Z,17,Neutral,0.4893224835395813,Neutral
UgxWbGCKWD2CvFT57Tl4AaABAg,zY6XPFEHiqs,"EV Tax Credits: Everything You Need to Know for 2024 | Eligibility, Incentive Amount &amp; More",Edmunds Cars,"Hopefully, in January 2025 all tax credits for buying an EV will be abolished. All EVs should be subject to an annual road tax which used to be paid at the pump but now they drive freely on the roads and bridges. And EVs generally weigh more than gas-powered vehicles doing more damage to our infrastructure.",2024-02-09T17:05:42Z,8,Negative,0.5152223110198975,Negative
UgyCq8wjBKvnXaH40Oh4AaABAg,QI-HNdSQUoI,Insane State EV Incentives Update,DennisCW,"I appreciate the incentive that provides additional $ for purchasing a cheaper EV because it actually helps families afford a car vs. putting them in more debt. What it's an EV only credit, I'm still not sure but anything off helps a lot of families out there.",2026-01-21T00:01:33Z,0,Positive,0.7479241490364075,Positive
UgxeLVj7KgkaiDIc9t54AaABAg,QI-HNdSQUoI,Insane State EV Incentives Update,DennisCW,"I love the technology and love your channel Dennis, but unfortunately, it seems like you have to live in a liberal snowflake state to have attractive incentives. It’s almost like you have to wear a Covid mask while driving a Tesla in 2026 to qualify for an intentive lol But we will continue to work for hard for our money and enjoy the wonderful technology that you keep us updated on, thank you 🙏",2026-01-21T01:58:29Z,1,Negative,0.41661372780799866,Negative
UgzjESzAZ6FDF7l0MuF4AaABAg,nHmbdS9zAP0,Good news &amp; bad news for Australian EV buyers: Government EV subsidy update,Auto Expert John Cadogan,Government cash? You mean our cash that is being redistributed.,2023-07-05T21:39:12Z,132,Neutral,0.6767550706863403,Neutral
UgxVVH7p-raKD1e2ZmN4AaABAg,nHmbdS9zAP0,Good news &amp; bad news for Australian EV buyers: Government EV subsidy update,Auto Expert John Cadogan,"You shouldn't be complaining about Victoria charging kilometrage for EVs. I mean between speed cameras, toll roads and excise taxes why would any Aussie want to drive a car?",2023-07-05T11:31:12Z,22,Negative,0.7364919185638428,Negative
UgwNXjRbFUNIuUBx9vN4AaABAg,nHmbdS9zAP0,Good news &amp; bad news for Australian EV buyers: Government EV subsidy update,Auto Expert John Cadogan,"There should be no government subsidies for the purchase of any types of vehicles or the fuel or electricity used to power them. As for road taxes, they really should be based on the contact patch pressure under each tire and miles driven since road damage is a fatigue-based phenomenon. But, that is rather too complicated for most consumers and all government bureaucrats to understand and calculate, so maybe just base it on vehicle weight and number of tires. In any case, EVs should be paying more road tax than comparable size, lighter weight, ICE vehicles.",2023-08-19T15:23:58Z,35,Negative,0.5499167442321777,Negative
Ugy3d25QSkSS8hu6G4t4AaABAg,nHmbdS9zAP0,Good news &amp; bad news for Australian EV buyers: Government EV subsidy update,Auto Expert John Cadogan,"Like a good friend used to say: ""If the govt is 'pushing it', then it's likely a fart and everything that's brown that follows through after it, and it's likely you'll have to deal with those after affects for years to come"".",2025-03-29T07:57:53Z,5,Negative,0.7185120582580566,Negative
UgznCN-9haxZyikNR-Z4AaABAg,nHmbdS9zAP0,Good news &amp; bad news for Australian EV buyers: Government EV subsidy update,Auto Expert John Cadogan,Germany have now axed all EV rebates and incentives as they seem to be slowly realising the bloody things are no good.,2023-12-30T00:09:05Z,43,Negative,0.9091305136680603,Negative
UgzToxWxopAWlGJXZP94AaABAg,nHmbdS9zAP0,Good news &amp; bad news for Australian EV buyers: Government EV subsidy update,Auto Expert John Cadogan,"As a taxpayer I object to my taxes going to delusional, wealthy virtue signallers.",2023-09-10T06:48:44Z,115,Negative,0.8749110698699951,Negative
UgzqlSUDJZMgCy5zYkl4AaABAg,nHmbdS9zAP0,Good news &amp; bad news for Australian EV buyers: Government EV subsidy update,Auto Expert John Cadogan,Which subsidy pays to help clean up after a devastating EV fire like the one that happened in the S Korea apptt complex where one Merc EV totalled 140 cars and parts of the bldg?,2025-03-26T08:38:29Z,1,Negative,0.5700328350067139,Negative
Ugzm0b1fIGA9hxQYFMJ4AaABAg,nHmbdS9zAP0,Good news &amp; bad news for Australian EV buyers: Government EV subsidy update,Auto Expert John Cadogan,Tax payers money should definitely be used to help people buy luxury cars rather than helping people suffering in poverty!,2023-10-19T12:49:59Z,10,Negative,0.7370690703392029,Negative
UgxJ8fRn0KlbU2F4rgx4AaABAg,nHmbdS9zAP0,Good news &amp; bad news for Australian EV buyers: Government EV subsidy update,Auto Expert John Cadogan,"As you have said before, they should be investing in infrastructure long before giving away subsidies. EVs need to be desirable and practical not (just) cheap. There needs to be a transitional phase before complete adoption. Instead of going from how it is now to suddenly banning ICE vehicles, they should have a period where PHEVs are the only cars with ICEs available new. I would love an EV but it would not suit me yet. I have a PHEV and it suits my mix of driving very well. Unlike me, many people will need weaning off petrol and diesel otherwise they will fight against being forced to go 100% EV overnight, even if it is better for them. You only have to see how reluctant people were to use LPG despite its advantages vastly outweighing the few disadvantages (I used LPG for over 20 years).",2023-07-06T01:25:41Z,1,Neutral,0.6581646800041199,Neutral
UgytnxIHW5vV2ICDxn54AaABAg,nHmbdS9zAP0,Good news &amp; bad news for Australian EV buyers: Government EV subsidy update,Auto Expert John Cadogan,My Sheila got the subsidy 💪,2023-07-13T10:02:44Z,1,Positive,0.922280490398407,Positive
UgznibhEiiix-hb2EKF4AaABAg,nHmbdS9zAP0,Good news &amp; bad news for Australian EV buyers: Government EV subsidy update,Auto Expert John Cadogan,What about the basic Toyota truck for $10k - that would help cost of living and no subsidies needed,2025-03-06T11:59:10Z,1,Neutral,0.5743836760520935,Neutral
UgyydLP0INBrmAAr7b14AaABAg,nHmbdS9zAP0,Good news &amp; bad news for Australian EV buyers: Government EV subsidy update,Auto Expert John Cadogan,Remove tax on fuel. Add pre-paid Road User Charge proportional to vehicle weight. Game over.,2025-03-06T02:10:33Z,2,Neutral,0.6281111836433411,Neutral
Ugx0Aq9EHLCVKsiY1Qd4AaABAg,nHmbdS9zAP0,Good news &amp; bad news for Australian EV buyers: Government EV subsidy update,Auto Expert John Cadogan,"No fuel excise being paid, and no GST revenue from fuel sales for EV cars. They're going to cover that somehow. Less road maintenance, less new infrastructure, scaled back new works, more toll roads...",2025-03-21T22:06:10Z,1,Negative,0.5992846488952637,Negative
UgzdrcoyLeECY91hfzF4AaABAg,nHmbdS9zAP0,Good news &amp; bad news for Australian EV buyers: Government EV subsidy update,Auto Expert John Cadogan,"SA completely cut their solar battery scheme, something actually useful for people. I live off the grid on a houseboat. There's six 30kg BAE batteries powering the thing once the sun says goodbye. If homes had access to decent rebates, stored power could run the homes at night.",2023-08-01T07:59:29Z,0,Neutral,0.50905841588974,Neutral
UgzX7BN9jEuluYVy5xd4AaABAg,nHmbdS9zAP0,Good news &amp; bad news for Australian EV buyers: Government EV subsidy update,Auto Expert John Cadogan,"Ha Ha our government in S. Africa has done us a big favour by taxing EVs instead of giving rebates so hardly any sold in SA, no thanks I love my ICE",2023-07-10T12:42:05Z,1,Positive,0.5572038292884827,Positive
UgyQUWkYitMICbVRqrJ4AaABAg,nHmbdS9zAP0,Good news &amp; bad news for Australian EV buyers: Government EV subsidy update,Auto Expert John Cadogan,TAXPAYER CASH. Not gubmint munny!🤦‍♂️,2023-12-16T22:21:00Z,0,Negative,0.8607416152954102,Negative
Ugy6D0d-dJHaW-5c1gl4AaABAg,nHmbdS9zAP0,Good news &amp; bad news for Australian EV buyers: Government EV subsidy update,Auto Expert John Cadogan,"all those fat subsidy tax dollars, greasing the pockets of ALREADY wealthy people to be............WEALTHIER. While pensioners and other low income workers keep getting slugged with taxes to help RICH people.",2023-07-22T22:54:00Z,2,Negative,0.6405810713768005,Negative
UgyA7f1VOKoGvjHlh6p4AaABAg,nHmbdS9zAP0,Good news &amp; bad news for Australian EV buyers: Government EV subsidy update,Auto Expert John Cadogan,"Time to scrap fuel excise and base the tax on km driven. EV owners must contribute to the cost of building and maintaining roads. How the fuck we do that though, I haven't a clue.",2026-04-26T05:47:28Z,0,Negative,0.8180066347122192,Negative
UgzHrTPxF5QlTN01RkF4AaABAg,nHmbdS9zAP0,Good news &amp; bad news for Australian EV buyers: Government EV subsidy update,Auto Expert John Cadogan,"So if I buy an electric pushbike in SA for $1500, the SA govt will give me $3000? Yay!",2025-03-03T10:37:58Z,0,Positive,0.865515947341919,Positive
Ugy9PTkbSVw8t9vaHAJ4AaABAg,nHmbdS9zAP0,Good news &amp; bad news for Australian EV buyers: Government EV subsidy update,Auto Expert John Cadogan,It's not government money it's our tax money,2025-06-30T21:53:01Z,0,Negative,0.531292736530304,Negative
UgzMnCzi3fZIQ3kDvD54AaABAg,nHmbdS9zAP0,Good news &amp; bad news for Australian EV buyers: Government EV subsidy update,Auto Expert John Cadogan,Well this is outdated already as the Victorian government fpund out the hard way they cant tax EV's the way they want.,2025-04-17T21:29:06Z,0,Negative,0.8538368344306946,Negative
UgzL39bH6mBDrXleHRR4AaABAg,nHmbdS9zAP0,Good news &amp; bad news for Australian EV buyers: Government EV subsidy update,Auto Expert John Cadogan,Government regulation of industry in the form of subsidies to consumers sounds like a really beneficial scheme....to corporations 😂 fk me,2025-05-08T09:50:28Z,0,Positive,0.47915977239608765,Positive
Ugwf6NixM5HXpaLvFGF4AaABAg,nHmbdS9zAP0,Good news &amp; bad news for Australian EV buyers: Government EV subsidy update,Auto Expert John Cadogan,Good old taxpayer.... 😢,2025-03-21T03:35:33Z,0,Negative,0.6298992037773132,Negative
Ugw7VDKfRTJCYEcXJM54AaABAg,90odkjTk9b0,California Pushes for New EV Incentives as Federal Tax Credit Ends!,Car Coach Reports,"I think all car companies should get together and tell all states that if car regulation exceed the federal regulations, that they will stop selling cars in that state. Then people will vote out the politician that pass those regulations.",2025-09-06T03:17:52Z,9,Negative,0.6418354511260986,Negative
UgxkjzUtyowKiZCDJmt4AaABAg,90odkjTk9b0,California Pushes for New EV Incentives as Federal Tax Credit Ends!,Car Coach Reports,I have friends here in cal who’ve used my tax money to take tax breaks to buy cars I can’t afford even at the post-tax break price.,2025-09-06T05:59:25Z,7,Negative,0.8131833076477051,Negative
UgwqWdKb23ucAGhtA3x4AaABAg,90odkjTk9b0,California Pushes for New EV Incentives as Federal Tax Credit Ends!,Car Coach Reports,Interstate commerce is the sole jurisdiction of the federal government. No interstate taxation. Lower income earners should not subsidize more wealthy residents. That last item should be blasted in mass media to the 11 states.,2025-09-06T01:07:20Z,14,Neutral,0.5853049755096436,Neutral
UgzzvBpQPkwOMB37IDl4AaABAg,90odkjTk9b0,California Pushes for New EV Incentives as Federal Tax Credit Ends!,Car Coach Reports,Carb also came up with a good scheme too. I found out carb is implementing if you have a sports car or a car with modified exhaust our stock that is loud you cannot pass smog.,2025-09-05T23:12:25Z,6,Positive,0.7007476687431335,Positive
Ugz9OhI8NzwSJeUT1Mp4AaABAg,90odkjTk9b0,California Pushes for New EV Incentives as Federal Tax Credit Ends!,Car Coach Reports,I definitely don't my contribution of tax money going to EV vehicles that the rich can afford already,2025-09-06T01:31:08Z,9,Negative,0.5158836245536804,Negative
UgxiWtdEd0_O6UFdL9p4AaABAg,90odkjTk9b0,California Pushes for New EV Incentives as Federal Tax Credit Ends!,Car Coach Reports,"At 7:15 , look at that apartment building in the background, and imagine ONE EV per apartment........ how many chargers are they going to need just for that one apartment building???!!! I would bet that right now, there are only 4 or 5 charging stations there now and no room or capacity for additional charging stations possible.",2025-09-05T23:41:02Z,3,Negative,0.5249868631362915,Negative
UgxiLW-Vy4C2trJode94AaABAg,90odkjTk9b0,California Pushes for New EV Incentives as Federal Tax Credit Ends!,Car Coach Reports,Where the F* we get the money from? Raise tax again? People life already suffer enough,2025-09-09T01:02:43Z,1,Negative,0.9504823088645935,Negative
UgxlZwVdWA0o_v-3j2N4AaABAg,90odkjTk9b0,California Pushes for New EV Incentives as Federal Tax Credit Ends!,Car Coach Reports,But they have raised electricity prices to the point it almost doesn’t make sense unless they offer free supercharging. Forgot the incentive make charging FREE!,2025-09-08T20:04:05Z,2,Negative,0.8667461276054382,Negative
UgygVihy35GFJKfnstx4AaABAg,90odkjTk9b0,California Pushes for New EV Incentives as Federal Tax Credit Ends!,Car Coach Reports,"Very dangerous for the ""discount at point of sale"" to be based on the state's budget health. Manufacturers are going to be stuck holding the bag of produced EV's if the state decides they have run out of money for that plan. Buyers won't buy those EV's and they will sit, unsold meaning the dealerships will own them and eventually have to take the loss causing the manufacturers to limit production in order to support their dealers. CA simply needs to get out of the business of cleaner or lower emissions or environmental concerns that exceed the EPA limits. Having 35 or 40 states following the EPA standards and then having the balance of states having their own standards screw with manufactures and accessory parts manufacturers having to produce two versions of their products and then going through the hoops in having their parts ""approved"" for those ""special states"". It's a power game...those guilty of this activity need to be removed from Government jobs permanently.",2025-09-06T15:07:17Z,0,Negative,0.7747395038604736,Negative
Ugyy3QVvv3MLxBjQBvx4AaABAg,90odkjTk9b0,California Pushes for New EV Incentives as Federal Tax Credit Ends!,Car Coach Reports,If only I paid more in taxes and couldn't drive a reliable car.,2025-09-06T02:03:43Z,2,Negative,0.8246706128120422,Negative
Ugy3iQ6rvSkl_95TNSh4AaABAg,90odkjTk9b0,California Pushes for New EV Incentives as Federal Tax Credit Ends!,Car Coach Reports,When AI kicks in and starts using all the electricity having a million charging stations wont matter.,2025-09-06T03:15:29Z,2,Neutral,0.6116897463798523,Neutral
UgyqR-9UqkJpzvL1LRN4AaABAg,90odkjTk9b0,California Pushes for New EV Incentives as Federal Tax Credit Ends!,Car Coach Reports,Why doesn't Ca. give those incentives like Colorado does?,2025-09-19T19:46:48Z,0,Neutral,0.5490594506263733,Neutral
UgygRZKPAxHCLK5oPC94AaABAg,90odkjTk9b0,California Pushes for New EV Incentives as Federal Tax Credit Ends!,Car Coach Reports,And this benefits who? (Drumroll……),2025-09-14T06:50:20Z,0,Neutral,0.7136316299438477,Neutral
Ugw6138qxOAaRpQWKaB4AaABAg,90odkjTk9b0,California Pushes for New EV Incentives as Federal Tax Credit Ends!,Car Coach Reports,I'd be fvckin pissed if a state like Kalifornia can set emission standards the auto makers need to follow thus forcing these insane laws down the troats of everyone living outside Kaoifornia!,2025-09-07T01:32:22Z,0,Negative,0.9222912788391113,Negative
UgwN_tvyGaamb5E_2m54AaABAg,90odkjTk9b0,California Pushes for New EV Incentives as Federal Tax Credit Ends!,Car Coach Reports,"What happened to biodiesel? I don’t understand why everyone stopped talking about it. If the eco warriors are so hell bent on “net zero,” wasn’t biodiesel along those lines or pretty close to? You can use corn oil to power the car. Or use other literal garbage. Best of all, existing cars & infrastructure can easily be converted to utilize biodiesel. If the government feels they absolutely have to subsidize something, why not do that? It stands to reason that would benefit more average families and individuals than these stupid EV incentives.",2025-09-06T00:42:07Z,1,Negative,0.7545245885848999,Negative
UgztLef6P2IbnKYPr7x4AaABAg,90odkjTk9b0,California Pushes for New EV Incentives as Federal Tax Credit Ends!,Car Coach Reports,"Thanks for the heads up Lauren! Our taxes are already high in CA. So, if the CARB convinces the state legislature to buy into an EV rebate our taxes will certainly go up. CA already has a multimillion dollar budget deficit, so the state will have little choice but to raise our taxes to fund the rebate program.",2025-09-06T01:34:57Z,8,Positive,0.4745761454105377,Positive
UgyAOIPDRbciZvaPsmF4AaABAg,90odkjTk9b0,California Pushes for New EV Incentives as Federal Tax Credit Ends!,Car Coach Reports,"Our tax dollars should not go to EV buyers, as we have more pressing issues...",2025-09-06T04:49:38Z,0,Negative,0.7673786878585815,Negative
UgzAqReIpxpOxkOOZgl4AaABAg,90odkjTk9b0,California Pushes for New EV Incentives as Federal Tax Credit Ends!,Car Coach Reports,CARB is out of control the Fed and State can and should work together but EV’s also should not be forced on folks. I have a need to drive my diesel truck occasionally and my Tesla daily. But the state of CA’s over reach needs to be done away with. If any states leadership should be ignored CA is one for sure. Doesn’t matter how much green you force on US citizens when Asia South America and others aren’t caring it just cost Americans more a bigger hassle for very little difference. Most adults in the US are capable of making sound decisions what’s best for them don’t need government doing it for us and surly not environmental extremist.,2025-09-09T04:19:27Z,0,Negative,0.6097611784934998,Negative
UgxjZr8zUbjTu9ObEPF4AaABAg,90odkjTk9b0,California Pushes for New EV Incentives as Federal Tax Credit Ends!,Car Coach Reports,"There's no reason for something like Smog Check to exist. Automobiles now monitor themselves and, unlike 50 years ago, there's no longer any incentive to tamper with emission controls. In the end, these onerous government policies obstruct and discourage human flourishing. Bureaucrats do not know what's best for the rest of us.",2025-09-06T19:32:44Z,0,Negative,0.8195909261703491,Negative
UgxAIf0qL8AdquOT2vt4AaABAg,90odkjTk9b0,California Pushes for New EV Incentives as Federal Tax Credit Ends!,Car Coach Reports,"Well, it’s no secret that they want to charge all EV owners so much per mile when they do their DMV tag renewals they want odometer readings because they do not pay road taxes like all of us who are buying gas so they would love for more EV owners because they want to charge them equal to or larger than road taxes that the rest of us are paying when we pump gas so don’t think for a minute that they’re not going to get in your pockets too.",2025-09-10T00:43:22Z,0,Negative,0.502565324306488,Negative
UgwZzeds8TwCaI8bCf54AaABAg,90odkjTk9b0,California Pushes for New EV Incentives as Federal Tax Credit Ends!,Car Coach Reports,"No need for CARB authority or EV credits. CA.gov has the POWER TO TAX. If they want to ban ICE by 2035, all they have to do is ramp up the gasoline and/or registration tax for non-EV vehicles to untenable levels. Nobody will buy or hang on to a combustion engine vehicle if Gasoline is $50 a gallon and it costs $5000 a year to register a non-EV at the DMV. Or, maybe, if you own one you pay a 10% more of your income in state income tax!",2025-09-05T23:12:09Z,0,Neutral,0.4862637519836426,Neutral
UgwzKF49QU3kn24JreN4AaABAg,90odkjTk9b0,California Pushes for New EV Incentives as Federal Tax Credit Ends!,Car Coach Reports,"Here's some logic we should all consider: 1. CA (at least in the Los Angeles area) has brown outs, because we don't have enough electricity to power our homes, stores and businesses. But, we need more EV vehicles on the road - EV's need electricity to run and the electricity comes from the grid, so ... Wait, this doesn't make sense! 2. Our governor is very liberal and loves spending money, even if there's no sound reason to do so. Tesla was founded by Elon Musk, a staunch conservative who is furious about the waste in our government - you can say they're on opposite ends of the political spectrum. When the federal government stops the EV tax credits and CAFE credit sales, Tesla will suffer tremendously. So, our governor is going to continue programs that help Tesla (proportionately more than any other EV manufacturer) by continuing EV tax credits and CAFE credit sales ... wait, they're on opposite sides of the argument. 3. EV charging stations in the Los Angeles areas are plentiful ... at level 2. But what about the 150-350 kWh level 3 machines? They're running almost 24/7, with people waiting in long lines to get their turn to charge their EV. If you don't believe it, go to the Walmart in Burbank, CA - I've seen over 20 cars waiting in line! But wait, EV's help climate risks and are good for keeping pollution down, so we need to force - I mean incentivize people to buy more. Since we have a shortage of high charge rate Level 3 chargers, we need to build more and more of them. First, we need to build more to keep up with the current EV's on the road. Then we need to build more to fulfill the needs of new EV's sold. And how much does it cost to build one? And what about the shortage of electrical capacity on our grid? 4. Last I heard, our state is headed for a $73B shortfall this year. But we need more EV's to help with the climate change and clean air, so let's take over the federal government tax credit program and CAFE credits. Where will the money come from? We can borrow more and more and more! I'm shocked that it's taken this long for our leaders to see the light!",2025-09-09T05:04:02Z,0,Neutral,0.584182620048523,Neutral
UgzXBZmj1--bnQCt1l14AaABAg,90odkjTk9b0,California Pushes for New EV Incentives as Federal Tax Credit Ends!,Car Coach Reports,So residents that can’t afford a new EV will have their taxes go to residents that can afford a new EV.,2025-09-07T07:56:19Z,0,Neutral,0.5265690088272095,Neutral
Ugx11d25eSQgtg8mZOZ4AaABAg,90odkjTk9b0,California Pushes for New EV Incentives as Federal Tax Credit Ends!,Car Coach Reports,"I don't want my tax dollars paying for that. If WEF wants it so bad, let them pay for it, they can afford it.",2025-09-06T21:42:20Z,0,Negative,0.8852752447128296,Negative
Ugy2f3_74OZFRzgIeHV4AaABAg,90odkjTk9b0,California Pushes for New EV Incentives as Federal Tax Credit Ends!,Car Coach Reports,Nothing should be subsidized. Remove EV credits. Remove Oil tax subsidies/deductions. Everything should be on their own.,2025-09-09T02:30:51Z,0,Negative,0.5386176109313965,Negative
UgxlCf3tRpnPdegtTtZ4AaABAg,90odkjTk9b0,California Pushes for New EV Incentives as Federal Tax Credit Ends!,Car Coach Reports,"We will not buy ev’s,we will not pay 200% more registration,we will not be tracked and pay buy the mile",2025-09-07T21:11:24Z,0,Negative,0.49814626574516296,Negative
Ugx5DQufIJ0V-Xyprxl4AaABAg,90odkjTk9b0,California Pushes for New EV Incentives as Federal Tax Credit Ends!,Car Coach Reports,CA also intends to exclude Tesla from any incentives.,2025-09-06T16:44:47Z,3,Neutral,0.5418287515640259,Neutral
UgwFtT4KohANrKV6QyR4AaABAg,90odkjTk9b0,California Pushes for New EV Incentives as Federal Tax Credit Ends!,Car Coach Reports,Hey you're not addressing all of the government subsidies that go to oil and gas companies for decades and still continue to this day. This indirectly provides government support for fossil fuel burning vehicles. You also don't address all the costs related to air pollution and health repercussions generated by fossil fuels being burned and same for the increases in catastrophic events which are more frequently worse due to global warming. Same with Ocean drilling and huge leaks of oil and consequences that other industries absorb when these oil leaks / disaster occur. You need to be honest and address all of these costs related to the fossil fuel industry.,2025-09-14T22:04:46Z,0,Negative,0.8320106863975525,Negative
UgzyY3sGqZtLcR6sZhp4AaABAg,90odkjTk9b0,California Pushes for New EV Incentives as Federal Tax Credit Ends!,Car Coach Reports,"Poor taxpayers shouldn’t be helping to pay for rich people’s $100,000 ego trip EVs.",2025-09-07T21:48:25Z,0,Negative,0.7989983558654785,Negative
UgyhgVa5D4P1MdxnTKN4AaABAg,90odkjTk9b0,California Pushes for New EV Incentives as Federal Tax Credit Ends!,Car Coach Reports,More toxic policy from CARB.,2025-09-07T07:57:14Z,0,Negative,0.9225564002990723,Negative
UgxM83OWia_OZztiXfF4AaABAg,90odkjTk9b0,California Pushes for New EV Incentives as Federal Tax Credit Ends!,Car Coach Reports,"I thought the Trump Admin ruled CA would have to follow Natl Emission STDs? If not, CA, the tail wags the dog.",2025-09-06T02:09:22Z,0,Negative,0.5774078369140625,Negative
UgyQCwDTTmQDzVydpxB4AaABAg,90odkjTk9b0,California Pushes for New EV Incentives as Federal Tax Credit Ends!,Car Coach Reports,"Newsome and CARB have been doing everything they can to try to outlaw gas powered vehicles and even chase refineries out of CA, even if it bankrupts the state! People can't afford to live here and yet he still keeps going trying to create his utopian vision!",2025-09-06T05:27:44Z,0,Negative,0.8897765874862671,Negative
UgznTF56Pgz-V15Xp-R4AaABAg,90odkjTk9b0,California Pushes for New EV Incentives as Federal Tax Credit Ends!,Car Coach Reports,"Hey Gav do it! You have no money but create another tax payer funded incentive. Huh? Ya increase tax on ALL your productive residents AGAIN, for those few that like EV…brilliant. And more people pack up and leave.",2025-09-16T15:48:24Z,0,Negative,0.8674449920654297,Negative
UgzYM-51sgqMGUoicdB4AaABAg,90odkjTk9b0,California Pushes for New EV Incentives as Federal Tax Credit Ends!,Car Coach Reports,"Great, crazy dems will use my tax dollars to line their own pockets",2025-09-08T14:36:15Z,0,Negative,0.8065637946128845,Negative
UgyVB2DKXP-3qM3NKfV4AaABAg,90odkjTk9b0,California Pushes for New EV Incentives as Federal Tax Credit Ends!,Car Coach Reports,"EV’s don’t pay fuel taxes only registration fee’s. They are as heavy as a pickup truck and many are operated by petulant drivers. CARB should be dismantled. Respectfully, Progressive Liberals… this is one more example of bad governance and policies.",2025-09-08T15:31:04Z,0,Negative,0.9258607625961304,Negative
Ugyj0E7UiY_f66X11ol4AaABAg,90odkjTk9b0,California Pushes for New EV Incentives as Federal Tax Credit Ends!,Car Coach Reports,"I like EV’s and I like the EV tax credit even more. I have no issues with it, I was very happy when it came back.",2025-09-08T05:23:58Z,0,Positive,0.9622991681098938,Positive
UgyFGXjeIuh7yhkbsmZ4AaABAg,90odkjTk9b0,California Pushes for New EV Incentives as Federal Tax Credit Ends!,Car Coach Reports,"tax diesel and gas sales, subsidize EV sales.",2025-09-06T00:21:22Z,2,Neutral,0.6703963875770569,Neutral
UgwjkP6ZDQycfm0fuRZ4AaABAg,dUR-KXX2cRw,EV ವಾಹನ ಖರೀದಿದಾರರಿಗೆ ಸರ್ಕಾರದಿಂದ Good News! Electric Vehicle Subsidy India 2025 Explained In Kannada,Boss Wallah Daily Kannada,Sir nanu ola scooter 1 year aaytu Ivag pm e drive madiden showroom davaru modlu discount kottideve ivag only documents aste anta documents togondu kalisiddare,2025-12-07T02:11:30Z,1,Neutral,0.8146560788154602,Neutral
UgzIDJ2tTsmVoy0CXlR4AaABAg,UOSsEQ8EpFk,EV Subsidy Ending on 31 July? Electric Scooter Prices from 1 August Explained,AllAboutEVs Official,Sir abhi news viral ho rhi he ki mp me govt. 50% subsidy lagbhag 40000 ki de rhi he,2026-08-12T13:54:50Z,0,Neutral,0.781371533870697,Neutral
UgzaS_CbDEz4PR6m5ZJ4AaABAg,UOSsEQ8EpFk,EV Subsidy Ending on 31 July? Electric Scooter Prices from 1 August Explained,AllAboutEVs Official,But state wise Govt subsidy different rehta h...like Odisha me 2028 tak Govt State subsidy milega 😊,2026-07-29T16:29:27Z,1,Neutral,0.6568760871887207,Neutral
Ugxamgz7fXkXtJ8VdzN4AaABAg,UOSsEQ8EpFk,EV Subsidy Ending on 31 July? Electric Scooter Prices from 1 August Explained,AllAboutEVs Official,Aj subsidy apply hua hai..aa jayega ya nehi..ampere magnus g max,2026-07-29T12:22:28Z,0,Neutral,0.7964310646057129,Neutral
Ugx8SIRlmsvdV1-qPyZ4AaABAg,UOSsEQ8EpFk,EV Subsidy Ending on 31 July? Electric Scooter Prices from 1 August Explained,AllAboutEVs Official,Have you not watched the complete ev policy,2026-07-29T15:51:41Z,0,Neutral,0.622766375541687,Neutral
UgxEgTs4cRVfbI4fVGR4AaABAg,UOSsEQ8EpFk,EV Subsidy Ending on 31 July? Electric Scooter Prices from 1 August Explained,AllAboutEVs Official,What about subsidy on ev car ?,2026-07-29T21:00:07Z,0,Neutral,0.7742486000061035,Neutral
Ugx17d9fK7FeOoLrFMZ4AaABAg,7T7cWvu9-U0,India’s EV Charging Infrastructure | Raghav Kumar | #electricvehicle #ev #automobile #raghav,Raghav Kumar,What's the use of installing chargers less than 50kwh it's of no use .,2025-05-21T12:17:45Z,0,Negative,0.8063587546348572,Negative
UgwW8nsyiL_5AtaBWAV4AaABAg,7T7cWvu9-U0,India’s EV Charging Infrastructure | Raghav Kumar | #electricvehicle #ev #automobile #raghav,Raghav Kumar,Latteys industries small cap with EV charging stations player?,2025-05-18T07:03:32Z,1,Neutral,0.9281378984451294,Neutral
Ugxx5hQAcv4OvZy9D7V4AaABAg,Fu6O69p67o4,सरकार का मेगा प्लान | हर पेट्रोल पंप पर EV Charging Infrastructure? | Stocks Shares to Study | SMKC,Stock Market का Commando,BJP sarkar ki koi Plan nahi hai......sirf Tax usuli k siba.....Itna development kiya 1 $=95 hogaya......,2026-03-26T17:34:10Z,0,Neutral,0.725258469581604,Neutral
UgyIOepXtRbkTVpcImN4AaABAg,4swYkKl9POo,EV Charging Infrastructure in India Developing Fast #evchargingstations #TrulyAutos,Truly Autos,That DG powering the EV charging station is crazy 😅,2025-10-29T04:54:40Z,2,Positive,0.5032340288162231,Positive
UgzvrwgJ0Q2KD3cGoo54AaABAg,yiq7-JI2naY,Good to buy EV car now? How is charging infrastructure in India? | Expert opinion | Birlas Parvai,Birlas Parvai,"That was me, who travelled from Bangalore to Kanyakumari. Nice memories. Zeon was the only charger till Coimbatore at that time. But still I made it.",2023-04-19T15:17:20Z,109,Positive,0.8710910677909851,Positive
UgwwdKewOhon-L6zm_t4AaABAg,yiq7-JI2naY,Good to buy EV car now? How is charging infrastructure in India? | Expert opinion | Birlas Parvai,Birlas Parvai,"Still we are very lagging in down south Areas ... Like Ramnad , Sivagangai District No charging station are available. FROM Madurai to Rameswaram Very Rare station Areas ...",2023-04-25T12:02:05Z,3,Negative,0.8537548184394836,Negative
Ugx2PIUae-0x5NPQAp94AaABAg,yiq7-JI2naY,Good to buy EV car now? How is charging infrastructure in India? | Expert opinion | Birlas Parvai,Birlas Parvai,"Very useful and clear cut interview !! Karthik and Birla Kudos and you both discussed very well about the EV India , South India and charging stations, its more informative. Karthik have a clear vision !!",2023-04-19T18:44:54Z,4,Positive,0.9640049338340759,Positive
UgxrT3R9pzMRTZE7aQl4AaABAg,yiq7-JI2naY,Good to buy EV car now? How is charging infrastructure in India? | Expert opinion | Birlas Parvai,Birlas Parvai,Thank you both for clearing the range anxiety... thru this very informative video on charging infrastructure and the future of EVs,2023-04-28T13:14:00Z,3,Positive,0.9659087061882019,Positive
Ugx3fdl-WkyN6T83bwN4AaABAg,yiq7-JI2naY,Good to buy EV car now? How is charging infrastructure in India? | Expert opinion | Birlas Parvai,Birlas Parvai,Very well planned promotion for zeon charging station... No one noticed that. Okay it's good to be promoted ev. But mention that promotion....,2023-04-20T04:02:18Z,3,Positive,0.6043670773506165,Positive
UgyygA2jEkqkZsxg-zx4AaABAg,yiq7-JI2naY,Good to buy EV car now? How is charging infrastructure in India? | Expert opinion | Birlas Parvai,Birlas Parvai,"Karthik Sir and Birla sir you both discussed very well about the charging stations, its more informative , thank you so much for you both",2023-04-19T15:31:30Z,2,Positive,0.9728806614875793,Positive
Ugz2I-tCpdozBoTumPB4AaABAg,yiq7-JI2naY,Good to buy EV car now? How is charging infrastructure in India? | Expert opinion | Birlas Parvai,Birlas Parvai,This interview was very informative. I feel you have got many of our doubts cleared. In fact I was so anxious about the EV charging infrastructure in Tamilnadu. Now I am confident and my next car will definitely be an EV only.,2023-05-12T08:07:39Z,1,Positive,0.9297806024551392,Positive
UgwanZU-CxYb0haiia14AaABAg,yiq7-JI2naY,Good to buy EV car now? How is charging infrastructure in India? | Expert opinion | Birlas Parvai,Birlas Parvai,"Excellent video...I'm working for EV cars and always have this doubt, how our India is doing in terms of charging stations.This video explained many of my questions. Thanks for bringing the right person from the appropriate field. Please keep up your good work as always.",2023-04-23T07:30:53Z,0,Positive,0.8365798592567444,Positive
UgwSebVN7Bt1mbLQZBJ4AaABAg,yiq7-JI2naY,Good to buy EV car now? How is charging infrastructure in India? | Expert opinion | Birlas Parvai,Birlas Parvai,"Good interview with useful points but as an engineer + auto enthusiastic + investor mindset, our eco system especially from center & state government's are not friendly including FEMA rules across states.",2023-04-22T09:51:01Z,0,Negative,0.5047851800918579,Negative
UgzgxandqRSWoI3creZ4AaABAg,yiq7-JI2naY,Good to buy EV car now? How is charging infrastructure in India? | Expert opinion | Birlas Parvai,Birlas Parvai,Solar panel + charging station will be better for individual players to setup charging station,2023-04-20T00:55:37Z,0,Neutral,0.5743163228034973,Neutral
UgzHlT9kaWiZpublK3N4AaABAg,yiq7-JI2naY,Good to buy EV car now? How is charging infrastructure in India? | Expert opinion | Birlas Parvai,Birlas Parvai,Central governments will get good source for income generating and give people's good service support,2023-04-19T13:58:25Z,0,Positive,0.6778457164764404,Positive
UgzwVWgc5XCBW1-yYE54AaABAg,yiq7-JI2naY,Good to buy EV car now? How is charging infrastructure in India? | Expert opinion | Birlas Parvai,Birlas Parvai,Does the zeon provide a 5a plug in their charging station. So that EV 2W can charge,2023-05-21T06:52:03Z,0,Neutral,0.8817546367645264,Neutral
Ugy02tohPLiZyKUzc9F4AaABAg,yiq7-JI2naY,Good to buy EV car now? How is charging infrastructure in India? | Expert opinion | Birlas Parvai,Birlas Parvai,"Why there are no charging stations in Trichy, Tanjore and Kumbakonam and surrounding areas?",2023-04-19T15:57:40Z,1,Negative,0.523084819316864,Negative
UgzeTCp9undpc3Z3aql4AaABAg,yiq7-JI2naY,Good to buy EV car now? How is charging infrastructure in India? | Expert opinion | Birlas Parvai,Birlas Parvai,Government of India should have lots of charging infrastructure through out country for 35km once a charging stations should b made made in public private partnerships through good management systems to global management systems,2023-04-19T13:43:42Z,0,Neutral,0.6467844843864441,Neutral
Ugx3I4mDsNfeywGu2qB4AaABAg,yiq7-JI2naY,Good to buy EV car now? How is charging infrastructure in India? | Expert opinion | Birlas Parvai,Birlas Parvai,"Nearly 90 locations with about 120 chargers means most with one charger only. If a car is already at a location charging, you may need to wait",2023-04-20T10:29:38Z,2,Neutral,0.8212600350379944,Neutral
UgwTP5gwh-6nirbscrt4AaABAg,yiq7-JI2naY,Good to buy EV car now? How is charging infrastructure in India? | Expert opinion | Birlas Parvai,Birlas Parvai,Do charging stations also suffer power cut or do they have a back up generator?,2023-05-01T11:57:40Z,0,Neutral,0.7128523588180542,Neutral
Ugz_TAzdLVg9cb1OTZh4AaABAg,yiq7-JI2naY,Good to buy EV car now? How is charging infrastructure in India? | Expert opinion | Birlas Parvai,Birlas Parvai,"Govt must encourage ev charging station, is implemented every oil marketing co.,future is ev policy of govt is implement within 2030 compulsory ice to ev, but affect opec will have to face.",2023-04-19T14:44:37Z,0,Neutral,0.7931498885154724,Neutral
UgxxZ4LaI8mykm0xpkF4AaABAg,yiq7-JI2naY,Good to buy EV car now? How is charging infrastructure in India? | Expert opinion | Birlas Parvai,Birlas Parvai,"In Karnataka you can go to any state EB office and get charged, price 7rs approx. All govt must follow the same",2023-04-20T01:16:02Z,0,Neutral,0.8096756935119629,Neutral
UgzVf2EgytDHvBxKavN4AaABAg,yiq7-JI2naY,Good to buy EV car now? How is charging infrastructure in India? | Expert opinion | Birlas Parvai,Birlas Parvai,Kodaikanal zeon charger is not working......This happens for me last week,2023-04-20T06:50:43Z,0,Negative,0.7803873419761658,Negative
UgxXgCJ8z7t1L9OCdct4AaABAg,yiq7-JI2naY,Good to buy EV car now? How is charging infrastructure in India? | Expert opinion | Birlas Parvai,Birlas Parvai,Even petrol pumps should be used for charging government of India modi sab government should make it easier and fasterly make it nationalized infrastructure through out nation's state government's should also do it in thier methods through out state's as our country shall go EV very very faster and easier earlier,2023-04-19T13:47:12Z,1,Positive,0.5589636564254761,Positive
UgyL61f925jqn8Q_BZ94AaABAg,yiq7-JI2naY,Good to buy EV car now? How is charging infrastructure in India? | Expert opinion | Birlas Parvai,Birlas Parvai,Imagine we all move to EV in some time and how many charging stations we would require and infrastructure? There will be queue for charging and every vehicle will take how much time to charge? Even after changing to fast tag still the toll gate is a mess. Not sure how this will end.,2023-04-24T10:28:31Z,0,Negative,0.6833184361457825,Negative
UgwNnG0I-ch2aR9okR54AaABAg,yiq7-JI2naY,Good to buy EV car now? How is charging infrastructure in India? | Expert opinion | Birlas Parvai,Birlas Parvai,"But Tirupur Mohan not accepting battery car, even though Zeon in Tirupur believed and established EV chargers in south India.",2023-04-19T15:22:34Z,6,Neutral,0.7015487551689148,Neutral
Ugy-SIv0SUgiMqFR9814AaABAg,yiq7-JI2naY,Good to buy EV car now? How is charging infrastructure in India? | Expert opinion | Birlas Parvai,Birlas Parvai,"My Apartment society intentionally refused permission to install pvt EV unit, though all residents proviced with car park. How the govt rile support us ?",2023-05-09T01:15:54Z,0,Negative,0.8146119117736816,Negative
Ugy9tfD6UZMpd9QLofB4AaABAg,yiq7-JI2naY,Good to buy EV car now? How is charging infrastructure in India? | Expert opinion | Birlas Parvai,Birlas Parvai,Chargers are not sufficient in numbers so I am afraid of going for a long trip,2025-10-27T13:17:27Z,0,Negative,0.9028583765029907,Negative
Ugx2rGL3MHMsMWFKI354AaABAg,yiq7-JI2naY,Good to buy EV car now? How is charging infrastructure in India? | Expert opinion | Birlas Parvai,Birlas Parvai,Will the Zeon charging app show whether the charging station is free or occupied and is it working or not working like Tesla?,2023-04-19T14:44:28Z,8,Neutral,0.8997747302055359,Neutral
UgyJHxkhbry6YOoHWtV4AaABAg,yiq7-JI2naY,Good to buy EV car now? How is charging infrastructure in India? | Expert opinion | Birlas Parvai,Birlas Parvai,All EV will give range only 3/4 of company KM given. This is the only thumb rule.,2024-09-29T13:49:55Z,0,Neutral,0.798682451248169,Neutral
Ugxww0q8fE3E1ej-AT94AaABAg,yiq7-JI2naY,Good to buy EV car now? How is charging infrastructure in India? | Expert opinion | Birlas Parvai,Birlas Parvai,"Explaination is good. Still electric cars only for elite people. To use it more practical it has so many hurdles... 1) Still many car owners not having proper parking Space particulaly in big cities. How people in apartment wilk charge this car 2) Unlike IC engines cannot make unplanned trips with electric car. Electric cars are practically good only for people travel in limited planned route. 3) In future for sure electricity commercial charges would be increased like commercial LPG.... Dont remember still we are getting subsidised electricity to our home. 4) Even in developed conutries in busy main streets there will be reserved charging station with maximum for 3-4 cars, but in the same Street 100 of IC engine cars parked. 5) For sure electric cars can only feed 15-20 travel needs. Remaining 80% would be ful filled. 6) still Electric car technology and charging are costly and time consuming business. Untill all the problem solved... A big salute to electric.",2023-04-20T14:59:05Z,0,Neutral,0.5528133511543274,Neutral
UgyyRocl18oZJHqFa_d4AaABAg,yiq7-JI2naY,Good to buy EV car now? How is charging infrastructure in India? | Expert opinion | Birlas Parvai,Birlas Parvai,Charging station are insufficient so afraid of going for along trip,2025-10-27T13:21:53Z,0,Negative,0.8716015815734863,Negative
Ugz86Trsdfh_e2gJVf94AaABAg,yiq7-JI2naY,Good to buy EV car now? How is charging infrastructure in India? | Expert opinion | Birlas Parvai,Birlas Parvai,EV charging station will only be successful if there is a global standard for charging. It’s pretty much like tcp/ip history.,2023-08-24T06:50:00Z,0,Neutral,0.5868372321128845,Neutral
UgwnFn5tAUWUge7OUYt4AaABAg,yiq7-JI2naY,Good to buy EV car now? How is charging infrastructure in India? | Expert opinion | Birlas Parvai,Birlas Parvai,Even mobile phone batteries also get damage if charge in high watt chargers... For emergency purpose its ok but in daily use it definitely get decrease the battery life,2023-04-19T13:42:33Z,3,Negative,0.7209921479225159,Negative
UgwB3q5kd8KI7cQ0_w14AaABAg,yiq7-JI2naY,Good to buy EV car now? How is charging infrastructure in India? | Expert opinion | Birlas Parvai,Birlas Parvai,Engalam charging station iruko angalam hotels vacha galla kattum future la,2023-04-26T02:59:51Z,0,Neutral,0.8721712827682495,Neutral
Ugy7HPR9gH24E-aLDd54AaABAg,yiq7-JI2naY,Good to buy EV car now? How is charging infrastructure in India? | Expert opinion | Birlas Parvai,Birlas Parvai,Currently EV cars in long distance is just adventure. What if some other EV vehicle is charging on your planned route station ? someone will wait 40mins ? or more than 2-3 cars which is more likely on weekends and popular routes? or someone unplugs the charger gun ? Unless range increases EV is just city 2nd car option.,2023-04-19T15:53:04Z,13,Neutral,0.7222647070884705,Neutral
Ugym8SEA2Ais-u5m7vd4AaABAg,yiq7-JI2naY,Good to buy EV car now? How is charging infrastructure in India? | Expert opinion | Birlas Parvai,Birlas Parvai,We need bike charging stations,2024-06-23T09:06:42Z,0,Neutral,0.6879050135612488,Neutral
UgwD5NZcEhA-_N7oAzR4AaABAg,yiq7-JI2naY,Good to buy EV car now? How is charging infrastructure in India? | Expert opinion | Birlas Parvai,Birlas Parvai,"Useless people, 3 chargers of zeon were not working in Mysore. It took 3.5 hrs to charge 100 persent. I stayed in Mysore,. Next morning I left toBangalore. I will advice friends to depend on home charger than onroad chargers, it's really costly. I paid 650 for charging with zeon",2023-04-19T16:09:21Z,2,Negative,0.9082916378974915,Negative
UgxD_BtPJE1Eo5RILEl4AaABAg,yiq7-JI2naY,Good to buy EV car now? How is charging infrastructure in India? | Expert opinion | Birlas Parvai,Birlas Parvai,"Hi Ev owners, Planning for EV car, mostly BE 6 or Nexon in Sep 2025. If we want to charge in Home, 1. do we need dedicated setup in Home or existing setup is enough. I mean 20A jacket. If need dedicated setup, 2. Does it work on single phase EB line or need three phase? 3. Do we need 32 A charge plug or 20A is enough? 4. Cost of Home charging setup and charger cost?",2025-01-19T15:49:28Z,0,Neutral,0.8658028244972229,Neutral
UgxXZKoZxkxTTExhHL94AaABAg,yiq7-JI2naY,Good to buy EV car now? How is charging infrastructure in India? | Expert opinion | Birlas Parvai,Birlas Parvai,Same charging station le E-bike ku charge podamudiyuma.,2023-05-09T10:25:56Z,1,Neutral,0.8525992631912231,Neutral
Ugx5rbAQHer6oQOpf394AaABAg,yiq7-JI2naY,Good to buy EV car now? How is charging infrastructure in India? | Expert opinion | Birlas Parvai,Birlas Parvai,Whycan't taxis transform to EVs so that public can hire taxis at lower prices.,2024-09-19T14:35:46Z,0,Neutral,0.6804172992706299,Neutral
UgyXejmhrD3UKJWP89d4AaABAg,9USIqQyEsnQ,Sirf ₹3 Lakh mein EV Charging Business? PM e-Drive Scheme 2026 #ev,Teekendra Sharma,😂 Actual cost for EV charging station for 60kw charger is 30-35 Lac (including GST 40 Lac) Maharashtra location. Currently Subsidy is Currently active on paper only. No actual disbursements for individual. Currently active for only charging stations build in Petrol stations. You need to pay from your pocket and ROI depends upon location. Normally took 3-4 yrs to fully recover your investments,2026-06-18T11:04:21Z,1,Neutral,0.6795065999031067,Neutral
UgxLK3_rrbT6WyA0nKJ4AaABAg,9USIqQyEsnQ,Sirf ₹3 Lakh mein EV Charging Business? PM e-Drive Scheme 2026 #ev,Teekendra Sharma,How to get this Pme drive service,2026-06-22T16:10:32Z,1,Neutral,0.8234868049621582,Neutral
UgwJ7I_xeUgQmRdjugh4AaABAg,9USIqQyEsnQ,Sirf ₹3 Lakh mein EV Charging Business? PM e-Drive Scheme 2026 #ev,Teekendra Sharma,Subsidies,2026-06-17T09:29:13Z,0,Neutral,0.7008638381958008,Neutral
UgyPceOfBRAP4DNaB_54AaABAg,9USIqQyEsnQ,Sirf ₹3 Lakh mein EV Charging Business? PM e-Drive Scheme 2026 #ev,Teekendra Sharma,EV charging station details,2026-07-29T08:09:05Z,0,Neutral,0.8675627112388611,Neutral
UgyvmXOLmDedVgZhwox4AaABAg,9USIqQyEsnQ,Sirf ₹3 Lakh mein EV Charging Business? PM e-Drive Scheme 2026 #ev,Teekendra Sharma,E V charging station,2026-05-26T12:26:59Z,0,Neutral,0.8548654913902283,Neutral
UgxGOGGhRwbXG_1B9Tt4AaABAg,9USIqQyEsnQ,Sirf ₹3 Lakh mein EV Charging Business? PM e-Drive Scheme 2026 #ev,Teekendra Sharma,Ev charging station in jaunpur uttar pradesh,2026-07-27T02:58:07Z,0,Neutral,0.8877197504043579,Neutral
UgzGMllcUFNnJU1zO2B4AaABAg,9USIqQyEsnQ,Sirf ₹3 Lakh mein EV Charging Business? PM e-Drive Scheme 2026 #ev,Teekendra Sharma,Ev charger,2026-05-28T14:43:28Z,0,Neutral,0.6587280035018921,Neutral
UgxFRR4P2HebEy-d2ox4AaABAg,9USIqQyEsnQ,Sirf ₹3 Lakh mein EV Charging Business? PM e-Drive Scheme 2026 #ev,Teekendra Sharma,Ev charging station delails complete,2026-05-26T15:10:09Z,0,Neutral,0.7688935399055481,Neutral
UgyqRC2gzXBelX_9_L14AaABAg,9USIqQyEsnQ,Sirf ₹3 Lakh mein EV Charging Business? PM e-Drive Scheme 2026 #ev,Teekendra Sharma,EV charging station,2026-07-10T16:39:15Z,0,Neutral,0.6997712850570679,Neutral
UgwVEBb-JmxFxibkQcB4AaABAg,9USIqQyEsnQ,Sirf ₹3 Lakh mein EV Charging Business? PM e-Drive Scheme 2026 #ev,Teekendra Sharma,EV Charging station subsidry process,2026-08-28T07:38:40Z,0,Neutral,0.858142077922821,Neutral
UgzbCBRo756mKqYPYxR4AaABAg,9USIqQyEsnQ,Sirf ₹3 Lakh mein EV Charging Business? PM e-Drive Scheme 2026 #ev,Teekendra Sharma,Abee EV car log lete hi isliye taki kam kharcha hoo jaha 1 liter petrol 100 ka hai or car 10 se 20 km chalti hai wahi 100 rupees ki electricity me kam se kam 50 se 60 km chale gii to log pagal hai jo ev charging station se charge kare ge jaha ghar par 6 se 8 rupees per unit or charging station 20 se 25 percent unit to log fir ev le ge hi kyoo😂😂,2026-05-27T12:07:05Z,0,Neutral,0.7696765661239624,Neutral
Ugwwu7f9_JjZEEcgMeB4AaABAg,x1byKNZU2oA,Everything about Delhi&#39;s EV Policy 2.0,Aevy TV,"Fun fact: right after the policy, when I visited the Hero showroom to purchase new electric 2 wheeler they raised their prices by 10k",2026-07-02T19:43:38Z,75,Neutral,0.6867117285728455,Neutral
UgwU0N6RzhEKR5X6ehh4AaABAg,x1byKNZU2oA,Everything about Delhi&#39;s EV Policy 2.0,Aevy TV,You should also aware people that for the previous schemes to encourage people to buy ev with similar subsidies by the government is still pending. So people should trust the government for this subsidy on their own.,2026-07-02T13:31:03Z,4,Neutral,0.8144646286964417,Neutral
Ugz27rzk8vrNq28YlO94AaABAg,x1byKNZU2oA,Everything about Delhi&#39;s EV Policy 2.0,Aevy TV,Best decision by Delhi Government ❤ government should also limit the Horn sound in two vehicles to reduce noice pollution,2026-07-02T04:09:02Z,0,Positive,0.8211913108825684,Positive
UgysOmvfehEJ-wq70HR4AaABAg,x1byKNZU2oA,Everything about Delhi&#39;s EV Policy 2.0,Aevy TV,You da real EV policy,2026-07-01T16:58:27Z,54,Neutral,0.6077754497528076,Neutral
UgzpZpFdqeUZqmVa7H54AaABAg,x1byKNZU2oA,Everything about Delhi&#39;s EV Policy 2.0,Aevy TV,"Saddest part is that still no proper old battery replacement policy, eventually the chemicals like lead, etc will pollute the ground water, because of lack of regulations. Such critical issue but govt is busy in PR stunts",2026-07-02T08:18:24Z,3,Negative,0.9200504422187805,Negative
UgzLjNDBqRZ36oDDI9F4AaABAg,x1byKNZU2oA,Everything about Delhi&#39;s EV Policy 2.0,Aevy TV,As long as the charging ifra doesn't improve it won't matter what government does. Hopefully the infra improves as well,2026-07-02T09:38:31Z,0,Negative,0.44359779357910156,Negative
UgxX8vysBe88r062hvl4AaABAg,x1byKNZU2oA,Everything about Delhi&#39;s EV Policy 2.0,Aevy TV,Dont forget that History has shown that whatever govt does has less to do with actual problem and more to benefit some businessmen or lobby.,2026-07-28T05:49:37Z,1,Neutral,0.5511239767074585,Neutral
UgziRF6OC2zUYWzMZkN4AaABAg,x1byKNZU2oA,Everything about Delhi&#39;s EV Policy 2.0,Aevy TV,"It’s need to be applied in whole NCR region, noida Gurgaon will have no affect from this policy and in the end Delhi will choke again",2026-07-02T05:57:22Z,3,Negative,0.6937471032142639,Negative
Ugw5YkBFPuzo_284Wh94AaABAg,x1byKNZU2oA,Everything about Delhi&#39;s EV Policy 2.0,Aevy TV,"The Idea to allocate funds for EVs is good although seeing as how people have been recommending that for years, I would refrain from giving them a Gold Star. And it will all depend on how many Charging Stations are set up, where they are set up and whether or not they are maintained.",2026-07-02T16:42:18Z,0,Neutral,0.6985304355621338,Neutral
Ugy83xKz0C9uymE9mzh4AaABAg,x1byKNZU2oA,Everything about Delhi&#39;s EV Policy 2.0,Aevy TV,How much did you get Paid in promotion from Delhi Government?,2026-07-02T04:41:08Z,1,Neutral,0.9221082925796509,Neutral
Ugy6MD8hW0_4HZraP4d4AaABAg,x1byKNZU2oA,Everything about Delhi&#39;s EV Policy 2.0,Aevy TV,Tech wiser ather ev review says he didn't receive any subsidy amount after 3 years of ev scoter use. Government give subsidy only on paper on in real life 😢,2026-07-02T05:31:17Z,0,Negative,0.7939460277557373,Negative
UgwMn2UbqmVpJDLTacB4AaABAg,x1byKNZU2oA,Everything about Delhi&#39;s EV Policy 2.0,Aevy TV,Rare w by the government,2026-07-02T09:00:45Z,1,Neutral,0.5529748797416687,Neutral
UgzNyk4RekJeFG4FfpR4AaABAg,x1byKNZU2oA,Everything about Delhi&#39;s EV Policy 2.0,Aevy TV,government is doing right,2026-07-12T15:39:33Z,0,Positive,0.7072338461875916,Positive
UgwTrRsEcAMseZasuyN4AaABAg,x1byKNZU2oA,Everything about Delhi&#39;s EV Policy 2.0,Aevy TV,What about the pollution caused by ethanol plants ??? Why isn't the government taking action on them??,2026-07-02T02:43:45Z,14,Negative,0.8452739119529724,Negative
UgzYB0j4Pq3Bq5Zd9eB4AaABAg,x1byKNZU2oA,Everything about Delhi&#39;s EV Policy 2.0,Aevy TV,"Yeh Carbon Footprint ki closed cycle ko bahut pehle implement karna chaiye tha 2000 se saari country carbon footprint kam kar rahi as it was known for major climate change - that is happening now consistently temperature are rising from last years- Sustainable policy government ko pehle hi implement karni chaiye Specifically Ethanol blending like FLEX fuels were introduced in Brazil in 2003 Ab Garmi mein maron ya vehicle change Karo situation aagayi hai kal hydro ajaaega phrr alag hojaega scene , infrastructure bana ni par karege kya insaan , garmi bahut hai in cities",2026-07-02T06:52:02Z,0,Neutral,0.7298088073730469,Neutral
UgzAu9O6iN9YBJZQ24F4AaABAg,x1byKNZU2oA,Everything about Delhi&#39;s EV Policy 2.0,Aevy TV,I don't want to say it but it's half baked policy because don't look at policy only it's sound good but look at Delhi current situation first then you will understand this policy is going to create a lot of bigger problems then current issue,2026-07-02T06:57:14Z,1,Negative,0.852180540561676,Negative
Ugwjq2qnN9IEO4Kgb2p4AaABAg,x1byKNZU2oA,Everything about Delhi&#39;s EV Policy 2.0,Aevy TV,"EV's are not ""eco-friendly"" option, they are just substitute for petrol. No matter what car you buy there are still going to be emissions in one way or other. Plus these things look only good on paper. Owning an EV car is still a hassle in India because of shortage of chargers and skilled mechanics.",2026-07-02T08:55:44Z,1,Negative,0.7940996885299683,Negative
UgzbO7U9NBOsmxIGu_Z4AaABAg,x1byKNZU2oA,Everything about Delhi&#39;s EV Policy 2.0,Aevy TV,"Yea right, but people who bought EV 2 wheeler 2-3 years back are still waiting for the subsidy, so.....",2026-07-02T08:15:42Z,0,Neutral,0.672497570514679,Neutral
Ugzs06ERF4ZiwwiwVpV4AaABAg,x1byKNZU2oA,Everything about Delhi&#39;s EV Policy 2.0,Aevy TV,This will not happen as the lower middle class who doesn't had many to buy expensive ev even after subsidy the price is not less than price of petrol two wheeler and this is something that i think so don't mind,2026-07-02T17:35:37Z,0,Neutral,0.5485072731971741,Neutral
Ugz-L4JAqMHlUcIvLi54AaABAg,x1byKNZU2oA,Everything about Delhi&#39;s EV Policy 2.0,Aevy TV,"An EV is not as clean as it is advertised. It also needs electricity, which is produced using coal fuel. Also, the manufacturing of EV batteries emits a lot of CO2, so it's not that clean when compared properly. The main problem is deforestation. Construction, industries, and at last vehicles.",2026-07-02T04:27:57Z,2,Negative,0.8025204539299011,Negative
UgyL3sUyUeE0n_cbTp94AaABAg,x1byKNZU2oA,Everything about Delhi&#39;s EV Policy 2.0,Aevy TV,U da real subsidy 😂,2026-07-01T23:55:40Z,0,Positive,0.5022212862968445,Positive
Ugz11lV5SnK9Aqhx1KV4AaABAg,x1byKNZU2oA,Everything about Delhi&#39;s EV Policy 2.0,Aevy TV,"This should be the goal, instead of shoving ethanol into our vehicles increase the capacity of EV charging stations, and let old vehicles which don’t support ethanol get the petrol and gradually go into scrap, then they’ll also be able to buy ethanol based vehicles",2026-07-02T03:47:34Z,1,Neutral,0.721962034702301,Neutral
Ugzv6qeEPaWIrRKbg7l4AaABAg,x1byKNZU2oA,Everything about Delhi&#39;s EV Policy 2.0,Aevy TV,"A lots of people here are supporting this policy, even though, they themselves are not going to give up their own ICE vehicles for the next 10 years at least.....",2026-07-29T06:09:32Z,0,Neutral,0.542110025882721,Neutral
UgxHO5yYs5TZcErxcYZ4AaABAg,x1byKNZU2oA,Everything about Delhi&#39;s EV Policy 2.0,Aevy TV,Probably 90% of people will not be aware about subsidies and those who know might not avail it as the might make the benifit availing steps hard af 😂,2026-07-07T10:51:41Z,0,Negative,0.7015652060508728,Negative
Ugx5b2WlPqaklCNHedB4AaABAg,x1byKNZU2oA,Everything about Delhi&#39;s EV Policy 2.0,Aevy TV,It's only gonna work out of the electricity being provided to charge these vehicles is also produced cleanly and not by burning oil/gas/coal/wood which just compensates for the polluting vehicles government is planning to remove,2026-07-02T05:35:39Z,0,Neutral,0.6151439547538757,Neutral
UgyZyqxetBXYFh7FI3V4AaABAg,x1byKNZU2oA,Everything about Delhi&#39;s EV Policy 2.0,Aevy TV,"The ev car criteria (under 30 lakh, no tax etc) only for Delhi NCR or other parts of India too?",2026-07-01T18:30:39Z,0,Neutral,0.9046759009361267,Neutral
Ugwcpw74lNTFbqQRuEF4AaABAg,x1byKNZU2oA,Everything about Delhi&#39;s EV Policy 2.0,Aevy TV,Theey want sell more business to ola ather n chetak dont misguide... The subsidy is a scam on public because initially it was direct subsidy to customer a/c but this is now cunningly given to manufacture not customer and manufacture takes subsidy and raises mrp,2026-07-02T03:56:18Z,1,Negative,0.5481215715408325,Negative
Ugw_aMZOCNf6YEpTTdB4AaABAg,x1byKNZU2oA,Everything about Delhi&#39;s EV Policy 2.0,Aevy TV,"If the government banned the petroleum two wheelers, they should be improv public transport as well as possible",2026-07-11T14:34:53Z,0,Neutral,0.5902015566825867,Neutral
UgyfuYy1dZ3JO0VKHPx4AaABAg,x1byKNZU2oA,Everything about Delhi&#39;s EV Policy 2.0,Aevy TV,"There is ethanol and weird stuff happening just to make people switch to EV And we all know what happening with the e-rickshaw, and same we might except with somewhat and so called made in India EV vehicles Of course we all know how the infra of electricity is there and infra of charging point I don't object e-socters and thinks, I object is there any policy to exchange the petrol vehicles for electric ones. What I think is this isn't long term solution to fight pollution.",2026-07-02T07:57:06Z,0,Neutral,0.5346704125404358,Neutral
Ugyh120DQ03_9fvh4gd4AaABAg,x1byKNZU2oA,Everything about Delhi&#39;s EV Policy 2.0,Aevy TV,Youtubers like aevy & thinkschool has more understanding than the policy makers.. Someone plz share these info n steps to them,2026-07-02T17:35:42Z,0,Neutral,0.7491229772567749,Neutral
Ugx2UUjEdC0zsq_CHLZ4AaABAg,x1byKNZU2oA,Everything about Delhi&#39;s EV Policy 2.0,Aevy TV,The govt is also cutting down aravallis and every tree they can get their hands on. But yeah EV par switch karte hain 🤡,2026-07-02T00:05:49Z,1,Negative,0.8501141667366028,Negative
UgyI7tj0rVhoaWooT994AaABAg,x1byKNZU2oA,Everything about Delhi&#39;s EV Policy 2.0,Aevy TV,The 2-wheeler subsidy is a scam...a lot of people are still waiting for it for over 3-5 years!...Govt. just promises stuff and doesn't even bother delivering!🙄😒,2026-07-02T16:47:42Z,0,Negative,0.9460490942001343,Negative
Ugw7jAKpayomniXeO1x4AaABAg,x1byKNZU2oA,Everything about Delhi&#39;s EV Policy 2.0,Aevy TV,Not applicable in Bangalore😂. You have to pay road tax even on EVs.,2026-07-02T05:56:22Z,1,Neutral,0.6295293569564819,Neutral
UgzJH6sM9edS1ggaHJx4AaABAg,x1byKNZU2oA,Everything about Delhi&#39;s EV Policy 2.0,Aevy TV,"Yeah with this they should give a better ev infra and heavy subsidies, because no matter what anyone says EVs are expensive and there is always a tradeoff compared to ICE bikes. If anyone says otherwise they don't know shit about bikes/scooters and EVs",2026-07-02T08:40:25Z,0,Neutral,0.4623726010322571,Neutral
UgynhDxBy_9EJiNaeU54AaABAg,x1byKNZU2oA,Everything about Delhi&#39;s EV Policy 2.0,Aevy TV,If banning is the solution then why don't Gov's refunded the tax earned by any means from a consumer?,2026-07-02T06:46:37Z,0,Neutral,0.4925225079059601,Neutral
UgzHZqAaTa5DM3-FlcN4AaABAg,x1byKNZU2oA,Everything about Delhi&#39;s EV Policy 2.0,Aevy TV,"Believe it or not , To me we're living in the 1930s Things are the same , it's just that instead of Brits now we're under ""Government"" ! Those days People died for freedom and family, but now people are busy writing in comments and protesting! Some are in jail for the ideology!",2026-07-03T07:33:08Z,0,Negative,0.7953122854232788,Negative
Ugx-vUYxspyJXvGtmlJ4AaABAg,x1byKNZU2oA,Everything about Delhi&#39;s EV Policy 2.0,Aevy TV,Government will just clean their butts and nothing else. Everything other then the real issue is an issue,2026-07-01T20:57:37Z,0,Negative,0.8203679323196411,Negative
UgwAeINhP6ApQL9j7n54AaABAg,x1byKNZU2oA,Everything about Delhi&#39;s EV Policy 2.0,Aevy TV,nice government taking step which will lead in decrease in pollution,2026-07-01T19:35:45Z,4,Positive,0.9131873846054077,Positive
UgxbFgzgOJxj8bR62aB4AaABAg,x1byKNZU2oA,Everything about Delhi&#39;s EV Policy 2.0,Aevy TV,"The Delhi government acts overnight as if it is filled with the most educated experts, PhD holders, researchers and scientists. When it comes to many serious issues, it often seems that government officers in different departments are more focused on collecting money from public and their salaries than solving problems. Their IQ is so high that they cannot make important decisions on their own. Our capital and many northern states are running on Bhagwan bharose.",2026-07-08T17:05:20Z,0,Neutral,0.47817757725715637,Neutral
UgyC8GjHBGnLtQzKkN14AaABAg,x1byKNZU2oA,Everything about Delhi&#39;s EV Policy 2.0,Aevy TV,"Okay, would be even more happy when govt is able to provide farmers with better alternative than let them burn their fields. If govt is able to move all the industries and factories near Delhi farther out to keep the pollution out of city limits and forces the industries to clean their emissions before they are released out in the nature. If govt makes public transport more practical, I can keep going. They said the same thing when aggressively pushing ethanol blending, now we all know who benefits from that. We'll get to know soon who will benefit from this as well🤦",2026-07-02T03:43:04Z,0,Positive,0.6262983679771423,Positive
UgyP4atJF7d3ZpwukrF4AaABAg,x1byKNZU2oA,Everything about Delhi&#39;s EV Policy 2.0,Aevy TV,The government should invest into city wide air purifiers. China has adopted them in prime areas. The government should take up the responsibility of the AQI not just dump it on normal people who use normal vehicle for daily commute for a monthly wage who then have to pay money to these people.,2026-07-02T06:53:10Z,0,Neutral,0.6673138737678528,Neutral
UgwTlW5hGa82cXvkySZ4AaABAg,x1byKNZU2oA,Everything about Delhi&#39;s EV Policy 2.0,Aevy TV,"What is dekhi govt doing about those factories pumping smoke, pumping dirty water in rivers and govt officials are sitting quietly after accepting bribes...",2026-07-02T15:53:48Z,0,Negative,0.706990659236908,Negative
Ugz7guTSKVezrgxSv-Z4AaABAg,x1byKNZU2oA,Everything about Delhi&#39;s EV Policy 2.0,Aevy TV,"Meanwhile , Karnataka introduced tax on EV 😔",2026-07-02T02:27:40Z,0,Negative,0.8145442008972168,Negative
UgzfcuA8wfR2gi5JoZd4AaABAg,x1byKNZU2oA,Everything about Delhi&#39;s EV Policy 2.0,Aevy TV,This government making sane decisions? How ? Corruption krenge pakka,2026-07-01T18:54:42Z,0,Negative,0.7211771011352539,Negative
Ugy63iu7O0FPu1stHGR4AaABAg,x1byKNZU2oA,Everything about Delhi&#39;s EV Policy 2.0,Aevy TV,"What use is this policy if NCR vehicles, taxis can come and pollute in Delhi. Plus govt didnt even provide subsidy for EV for previous phases. They wont provide for this time too. Its a corrupt gov and jumla.",2026-07-03T08:56:47Z,0,Negative,0.8745021224021912,Negative
Ugz1Z-3BZbpvfuVXOiF4AaABAg,x1byKNZU2oA,Everything about Delhi&#39;s EV Policy 2.0,Aevy TV,"Why they not pushing battery swapping mechanisms? Along with the creating charging station, EV manufacturer should focus on battery swapping and fast charging possible. Then it will a progress, otherwise system will be more chaos than relief.",2026-07-02T06:03:57Z,0,Neutral,0.6657137870788574,Neutral
UgzCX_tSnAsrHbkeds54AaABAg,x1byKNZU2oA,Everything about Delhi&#39;s EV Policy 2.0,Aevy TV,I am ready to bet that the Electric Charging infrastructure is never going to be implemented and even if implemented it is going to suck.,2026-07-02T13:16:51Z,0,Negative,0.9177135229110718,Negative
UgzRNH_OU0VtHxhX6cd4AaABAg,x1byKNZU2oA,Everything about Delhi&#39;s EV Policy 2.0,Aevy TV,Guess who are getting tenders for EV charging stations? Adani & Reliance 😐,2026-07-01T20:28:40Z,0,Negative,0.6078351140022278,Negative
UgznpDhFQV8_Pi7e3RR4AaABAg,x1byKNZU2oA,Everything about Delhi&#39;s EV Policy 2.0,Aevy TV,"But industries can stay.😂 It is always common people. You pay tax, but we will tell you what you can do or not. As if noone drives petrol cars or bikes in China. EV is good, but banning is not a solution. Neither giving unregulated license to ethanol production creating air pollution is also not a good thing. 1 min silence for those who thinks this govt gives a shit about pollution, bhavish may have came to his daddy crying😂",2026-07-02T05:01:07Z,0,Negative,0.5684068202972412,Negative
Ugy9yAIxxRiGMds06eV4AaABAg,x1byKNZU2oA,Everything about Delhi&#39;s EV Policy 2.0,Aevy TV,To get those 2 wheeler subsidies we will have to pay bribes amounting to a significant percentage of the subsidy itself.,2026-07-02T03:56:15Z,1,Negative,0.4914364516735077,Negative
UgzEmgBcnbxcqWpld8R4AaABAg,x1byKNZU2oA,Everything about Delhi&#39;s EV Policy 2.0,Aevy TV,Ev company who promised 8 year warranty is now asking for 38K in 3-4 years to change the battery Societies are not letting users charge or install chargers Bikes are braking for middle No action from gandmari ji on this ev is just a trap and only new way to loot money,2026-07-02T03:56:46Z,0,Negative,0.8293602466583252,Negative
Ugxy_NuW7kxihNdRPGh4AaABAg,x1byKNZU2oA,Everything about Delhi&#39;s EV Policy 2.0,Aevy TV,"Buy more vehicle, govt. got more tax revenue... repeat this💩 every 3 years get more revenue🤡🤦🏻",2026-07-02T13:07:25Z,0,Negative,0.6668415069580078,Negative
Ugwr7QNRFFfrifrAV494AaABAg,x1byKNZU2oA,Everything about Delhi&#39;s EV Policy 2.0,Aevy TV,"Don't trust this government even a bit. They will make u sell ur old petrol two wheeler by giving fake promises of subsidies, free road tax etc and after u sell ur old vehicle they will backtrack on all promises as usual and u will be stuck and have to buy expensive EV 2 wheeler.",2026-07-02T03:58:46Z,0,Negative,0.8886203169822693,Negative
UgzRRzYU7_YFlhhJ-j94AaABAg,x1byKNZU2oA,Everything about Delhi&#39;s EV Policy 2.0,Aevy TV,"New technologies are taking hold, and people are being driven into a state of dependency. Electric vehicles aren't eco-friendly—I worked at a company where I learned this from a reliable source. Why do you believe your government? Do you know Klaus Schwab or Harari—those crazy guys who want to enslave us and link us up with machines, just like in the movie *RoboCop*? They want us to stay at home, live only in so-called ""15-minute cities,"" and be unable to travel to visit relatives without obtaining official permission. People, it’s time to wake up from the Matrix.",2026-07-06T19:28:59Z,0,Negative,0.8173332214355469,Negative
Ugw99SRwBnbIro3M5SB4AaABAg,x1byKNZU2oA,Everything about Delhi&#39;s EV Policy 2.0,Aevy TV,is it just me or the delhi govt is actually working now😂,2026-07-02T03:29:24Z,0,Neutral,0.6084543466567993,Neutral
Ugy1_S6l5XPZrGu0Z854AaABAg,x1byKNZU2oA,Everything about Delhi&#39;s EV Policy 2.0,Aevy TV,"Okay great. But a car will always be having more emissions than scooters. Just look at the size of their engines and the fuel efficiency. The amount of space a car takes up on the road and more cars more traffic. I don't think 2 wheels are the problem. It's everyone riding around in cars with acs on, where is all that heat going ? If the govt really wants to be socialistic give the public good transport buses rather than taking away what little they have. Limit cars, not scooters.",2026-07-01T22:31:27Z,0,Negative,0.4770665168762207,Negative
UgwB4GhMb4XeXWVIsJd4AaABAg,x1byKNZU2oA,Everything about Delhi&#39;s EV Policy 2.0,Aevy TV,"People are not understanding 2 things.. First of all to manufacture an EV results to almost double the CO2 emissions compared to a normal scooty Secondly we don't have 100% renewable energy resources 😂 so will be just using more fossil fuels, and we know thr electricity demand is going to keep on rising and rising due to this change.. also the government is going to spend alot on subsidies so there's a loss on that as well I don't know why this feels like a gimic and not a practical solution... Yes going electric is good but is India prepared for it??",2026-07-02T02:18:33Z,0,Negative,0.7534725666046143,Negative
Ugw_XbR269eM0DajF-x4AaABAg,x1byKNZU2oA,Everything about Delhi&#39;s EV Policy 2.0,Aevy TV,This foolish government can't understand one simple fact: manufacturing those batteries actually creates more pollution.,2026-07-02T01:38:10Z,4,Negative,0.9183981418609619,Negative
Ugz6pbXBA8jm_sQts4J4AaABAg,x1byKNZU2oA,Everything about Delhi&#39;s EV Policy 2.0,Aevy TV,"But these ministers, politicians and so called celebrities never gave the data of their private jet and planes which causes more than 60% of the pollution in our environment. But what govt will do, restricting laws and banning poor and middle class people's vehicle and recovering heavy fines from us!🤦🏻🤦🏻",2026-07-02T04:53:53Z,0,Negative,0.8449956178665161,Negative
UgwyYLPZ1nFB-k7b3_p4AaABAg,x1byKNZU2oA,Everything about Delhi&#39;s EV Policy 2.0,Aevy TV,"Benefit of less pollution aside, the roads will be so much safer and driving will be so much better with all these gawar Auto wala and rickshaw wala gone",2026-07-02T11:04:16Z,0,Positive,0.7384814023971558,Positive
UgzCV0SWaA4NPcua4Hl4AaABAg,x1byKNZU2oA,Everything about Delhi&#39;s EV Policy 2.0,Aevy TV,Zero percent accountability and hundred percent forced adoption,2026-07-02T04:23:58Z,0,Negative,0.8516472578048706,Negative
Ugwn7parffiRrMQEF6J4AaABAg,x1byKNZU2oA,Everything about Delhi&#39;s EV Policy 2.0,Aevy TV,"Even if 2028 feels immediate, then people in India should stop comparing it with China, seen China did control their pollution, our politicians are just wasting our tax money bla bla...",2026-07-02T01:09:43Z,0,Negative,0.7533274292945862,Negative
UgyT9L9_0-9WV2WHjzZ4AaABAg,x1byKNZU2oA,Everything about Delhi&#39;s EV Policy 2.0,Aevy TV,"What about people who are passionate about buying Ducati, Harley Davidson, Kawasaki or other high powered bikes in Delhi ? They are not allowed to. Another DICK - TATORSHIP move after E 20 policy.",2026-07-17T04:31:34Z,0,Negative,0.6904728412628174,Negative
UgzqmIJjAT_Tvq1ZEkZ4AaABAg,x1byKNZU2oA,Everything about Delhi&#39;s EV Policy 2.0,Aevy TV,"At the end it will effect the middle class and the lower class people, I don't think at this point a middle class or a lower class could afford a four wheeler, at the end of the day it's nightmare for bike taxi drivers, middle class people who's work depends on their two wheelers, I love your content but please don't do this kind of chatukarita, ask question to the govt instead of it.",2026-07-02T10:35:24Z,0,Negative,0.7796366810798645,Negative
Ugzwa0s8FIKlJVxJqPt4AaABAg,x1byKNZU2oA,Everything about Delhi&#39;s EV Policy 2.0,Aevy TV,😂😂 Delhi govt got mad,2026-07-12T04:15:09Z,0,Negative,0.5926178097724915,Negative
Ugxuw_zWSFP5-IfAHb54AaABAg,x1byKNZU2oA,Everything about Delhi&#39;s EV Policy 2.0,Aevy TV,"This govt is completely crazy and illiterate, why dont they make EV infra first, test it and then ask people to switch? Same with ethenol, I hope this is last term for BJP",2026-07-02T04:22:11Z,0,Negative,0.8915765881538391,Negative
UgzdMGduO1ntjIgynzF4AaABAg,x1byKNZU2oA,Everything about Delhi&#39;s EV Policy 2.0,Aevy TV,"Ban bjp government first, especially rekha gupta",2026-07-01T19:54:43Z,0,Negative,0.7773423790931702,Negative
UgwNy2z3YiSTfcwYBuF4AaABAg,x1byKNZU2oA,Everything about Delhi&#39;s EV Policy 2.0,Aevy TV,Government agents !,2026-07-02T03:03:29Z,0,Neutral,0.4903462827205658,Neutral
UgyeVE1LIdeTd8PfG0t4AaABAg,x1byKNZU2oA,Everything about Delhi&#39;s EV Policy 2.0,Aevy TV,",govt .. 😂😂😂 govt... Thuu🦥",2026-07-02T16:13:36Z,0,Neutral,0.5597072839736938,Neutral
Ugx16rY4VtzvgVikhjJ4AaABAg,x1byKNZU2oA,Everything about Delhi&#39;s EV Policy 2.0,Aevy TV,New cars should have also been banned. Unfair law.,2026-07-02T04:27:45Z,0,Negative,0.8928694725036621,Negative
UgynhOblJh_bi1GWLph4AaABAg,x1byKNZU2oA,Everything about Delhi&#39;s EV Policy 2.0,Aevy TV,"Are you crazy? Why are you fear mongering yaar? This is the 3rd video where you blatantly lied. DELHI CM CLEARLY SAID IN ONE OF HER INTERVIEWS THAT The old vehicles are not banned. NO NEW ONES WILL BE ALLOWED TO REGISTER. AND IF ANY OLD ONES WANT TO BE SCRAPPED SOONER AND CONVERTED TO EV, the the govt is providing removal of any fee And or providing subsidies for conversion to EV. so it’s an incentive. Stop irresponsible spreading misinformation 🤨",2026-08-05T15:35:44Z,0,Negative,0.7538818120956421,Negative
UgzGOwBsz2_rFoWnMpp4AaABAg,x1byKNZU2oA,Everything about Delhi&#39;s EV Policy 2.0,Aevy TV,"Lies lies lies Politicians GIVING OUT MONEY OR SUBSIDY WITH THE TAG OF ""WELFARE OF THE CITIZENS"" IS AND ALWAYS BE A HUUUUUUGE LIE.",2026-07-02T03:34:28Z,1,Negative,0.9038429260253906,Negative
Ugwg_H-fFYHfn9_XzUl4AaABAg,x1byKNZU2oA,Everything about Delhi&#39;s EV Policy 2.0,Aevy TV,"Fuck this government, they are only ruining the country nothing else",2026-07-03T12:47:04Z,0,Negative,0.95035719871521,Negative
UgyKSoDQ1Wmy9EUb38p4AaABAg,x1byKNZU2oA,Everything about Delhi&#39;s EV Policy 2.0,Aevy TV,Ev waste is not easy to dispose all these govt is doing capturing money from common man !! Ev problems will rise and there will be huge issue if ola kind of brands show up in th market with shitty designs …. Nothing with pollution control they are not targeting industries at all because all owned by politicians…😂 Ethanol blending as well all these factories owned by politicians and no look into how ethanol blending can be harmful engine life and this is a major threat!! Is this a real solution 😂,2026-07-02T04:26:39Z,0,Negative,0.9178926348686218,Negative
Ugz-Cgpg1IvIFPp7HiV4AaABAg,x1byKNZU2oA,Everything about Delhi&#39;s EV Policy 2.0,Aevy TV,Nonsense policy. 👎🏻👎🏻,2026-07-02T18:31:07Z,0,Negative,0.929039478302002,Negative
Ugwdtttpjx8nIj1mBjJ4AaABAg,x1byKNZU2oA,Everything about Delhi&#39;s EV Policy 2.0,Aevy TV,See this is how you do propaganda. Instead of highlighting the progressive policies they're fear mongering.,2026-07-02T11:26:08Z,0,Negative,0.8995069861412048,Negative
UgzfKXXjhwh7gt2F0SV4AaABAg,x1byKNZU2oA,Everything about Delhi&#39;s EV Policy 2.0,Aevy TV,You elect government you deserve 😂 Delhi is screwed,2026-07-02T14:35:55Z,0,Negative,0.8026707172393799,Negative
Ugyufxqe915V-5aXTBl4AaABAg,x1byKNZU2oA,Everything about Delhi&#39;s EV Policy 2.0,Aevy TV,"God! This channel is irritating me now. You use a hook phrase which is not even factually correct. If you are doing science/policy communication, have the decency to use factually correct information.",2026-07-02T10:07:43Z,0,Negative,0.9240946769714355,Negative
UgzPD-9pfa0i8TctwPt4AaABAg,x1byKNZU2oA,Everything about Delhi&#39;s EV Policy 2.0,Aevy TV,I do not trust the Modi Govt let alone his puppet Rekha CM. They are all scammers..,2026-07-01T21:44:10Z,0,Negative,0.9111992716789246,Negative
UgzXkjsr5PC9u6bk14x4AaABAg,JwL7obPBk9U,Will EV Battery Swapping Policy succeed in India?,Deep Pockets,"No. In India if they keep swapping policy, then in one day all batteries will become empty. All bring batteries to their houses. Simply we can say thefting",2022-04-18T14:15:38Z,3,Negative,0.685630202293396,Negative
UgyQOVnCg-3VhYndWLx4AaABAg,JwL7obPBk9U,Will EV Battery Swapping Policy succeed in India?,Deep Pockets,"It is the future. Batteries degrade over time, and that causes ev owners to be anxious. Also battery technology updates rapidly during the 7+ years you own your car. So battery swapping is the future where you always have latest battery. But I agree, it requires lots of consumer education.",2023-08-29T01:10:49Z,0,Neutral,0.6290808320045471,Neutral
Ugy_mzJxnCbTHUfEJO94AaABAg,5u4Wv0AZb7Q,🔥 Govt Big Gift! 100% Free Registration + Road Tax on EVs Till 2027 | Full Details Explained,Anand Master Ji,Bhaut Badhiya Maja aa Gaya Government ne Bhaut Badhiya kaam kiya hai ye..😎😎,2025-11-07T17:27:31Z,1,Neutral,0.5592074990272522,Neutral
Ugzq4w-DqhhtAIhlDht4AaABAg,5u4Wv0AZb7Q,🔥 Govt Big Gift! 100% Free Registration + Road Tax on EVs Till 2027 | Full Details Explained,Anand Master Ji,Only Jo Uttar Pradesh mein vehicle manufacturing honge unko hi 100% road tax free pad raha hai RTO ki taraf se😅,2025-11-17T21:32:43Z,1,Neutral,0.7965661883354187,Neutral
UgzUIo9zCRtvluPIefV4AaABAg,DFCadG_WN9g,Delhi EV Policy 2026 🔥 Road Tax और Registration Fee खत्म होगी ? क्या करे 🤔 Breaking News ,Share Market Analysis,Last 5-6 saal se EVs are in the market but still highly priced. No benifits given by government. Tata nexon type ghatiya car was worth 15 lakhs not worth at all. Similar size petrol cars are 9-10 lakhs,2026-04-14T15:39:41Z,1,Negative,0.763343870639801,Negative
Ugz6I3gUSzD3OqOZ22N4AaABAg,DFCadG_WN9g,Delhi EV Policy 2026 🔥 Road Tax और Registration Fee खत्म होगी ? क्या करे 🤔 Breaking News ,Share Market Analysis,Registration fee le lo par EV free me de do😂😂😂😂😂😂,2026-04-14T15:14:36Z,1,Neutral,0.7794436812400818,Neutral
UgzjSiOB03MireUmSXl4AaABAg,RGW8NIxTI0Q,क्या Electric Car Taxi में चलाना Illegal है? | EV Taxi Rules in India 2025 ⚡,Vivekanand Tiwari The Traffic cop,E electric kar ki number plate green hoti hai lekin number yellow colour mein hota Hai vahi gadi taxi mein use ho sakti hai.,2025-12-26T16:15:27Z,0,Neutral,0.7617455124855042,Neutral
UgyWEygouEVtGHcn6fZ4AaABAg,RGW8NIxTI0Q,क्या Electric Car Taxi में चलाना Illegal है? | EV Taxi Rules in India 2025 ⚡,Vivekanand Tiwari The Traffic cop,Sir taxsi gadi dusre rajje me jate hai to bodar nikalna padta hai ki nahi,2025-04-19T18:37:32Z,1,Neutral,0.7693288326263428,Neutral
UgwteylSgbBg7BVnxsl4AaABAg,RGW8NIxTI0Q,क्या Electric Car Taxi में चलाना Illegal है? | EV Taxi Rules in India 2025 ⚡,Vivekanand Tiwari The Traffic cop,Kya private number ev taxi purposes ke liya use kr skta hi?,2026-05-21T09:38:58Z,0,Neutral,0.8306117653846741,Neutral
UgzFBrBLGFwGo7QCImB4AaABAg,RGW8NIxTI0Q,क्या Electric Car Taxi में चलाना Illegal है? | EV Taxi Rules in India 2025 ⚡,Vivekanand Tiwari The Traffic cop,Thank u sar main bhi Lene wala hun EV taxi permit chalane ke liye,2026-07-03T13:34:32Z,0,Positive,0.5506353378295898,Positive
Ugw-qcarAWobGmNQ9B54AaABAg,RGW8NIxTI0Q,क्या Electric Car Taxi में चलाना Illegal है? | EV Taxi Rules in India 2025 ⚡,Vivekanand Tiwari The Traffic cop,Sir ev taxi ka state tax lagta h ??? Or Uttarakhand ka green card bne GA ya nhi,2026-05-15T18:17:06Z,0,Neutral,0.8801252841949463,Neutral
Ugx38jHyOMoPGEzAxA14AaABAg,RGW8NIxTI0Q,क्या Electric Car Taxi में चलाना Illegal है? | EV Taxi Rules in India 2025 ⚡,Vivekanand Tiwari The Traffic cop,Kya iska bhi tax bharna pade other states me,2026-07-07T14:52:56Z,0,Neutral,0.8073803782463074,Neutral
UgyVIVuHrxwbp-cz1qh4AaABAg,RGW8NIxTI0Q,क्या Electric Car Taxi में चलाना Illegal है? | EV Taxi Rules in India 2025 ⚡,Vivekanand Tiwari The Traffic cop,Taxi me chalane ke liye t parmit lena pdega sir,2026-08-20T07:14:22Z,0,Neutral,0.7728467583656311,Neutral
UgzwcF2vNsfSonU4S894AaABAg,RGW8NIxTI0Q,क्या Electric Car Taxi में चलाना Illegal है? | EV Taxi Rules in India 2025 ⚡,Vivekanand Tiwari The Traffic cop,Bike taxi me chalan bna rhe ev bike ka sir ji,2026-02-10T04:52:26Z,0,Neutral,0.8318767547607422,Neutral
UgzJaQBOXL6kU3_Pi2h4AaABAg,RGW8NIxTI0Q,क्या Electric Car Taxi में चलाना Illegal है? | EV Taxi Rules in India 2025 ⚡,Vivekanand Tiwari The Traffic cop,Commercial use karne ke liye gadi ka commercial registration hona chahie,2025-12-26T16:14:47Z,0,Neutral,0.7750300168991089,Neutral
Ugx9SDGpyr1Et1SGxAx4AaABAg,RGW8NIxTI0Q,क्या Electric Car Taxi में चलाना Illegal है? | EV Taxi Rules in India 2025 ⚡,Vivekanand Tiwari The Traffic cop,"Sir I want to use Tata naxon EV as taxi, please advise",2025-04-28T18:54:28Z,1,Neutral,0.8085632920265198,Neutral
UgyqiRcQ2k5oT6NlZRx4AaABAg,RGW8NIxTI0Q,क्या Electric Car Taxi में चलाना Illegal है? | EV Taxi Rules in India 2025 ⚡,Vivekanand Tiwari The Traffic cop,Sir tata wale bole ki nehi ho payega commercial me registration punch ev car only express t nhi hopayegi,2026-03-05T06:28:38Z,0,Neutral,0.6341314315795898,Neutral
UgyxVzfP9nZB9pYKufJ4AaABAg,RGW8NIxTI0Q,क्या Electric Car Taxi में चलाना Illegal है? | EV Taxi Rules in India 2025 ⚡,Vivekanand Tiwari The Traffic cop,Kar kharidne Paisa Tum doge apni jameen bech ke itni mahangi kar 50-50 mein kam aaenge to kya road tax denge kya fitness Bima denge Sarkar ke naukaron Tum logon Ko barbad karoge,2026-08-28T02:55:07Z,0,Neutral,0.7645594477653503,Neutral
UgyQStTzOgATVFKUA_94AaABAg,OFwYjgy2Nio,"One Nation, One Road Tax! 💵 #cars24",Cars24,"A group of IT workers in Bengaluru had started this movement back in 2012 when people had to move to pune/bengaluru/gurgaon/hyderabad/mumbai and they were harrased by these laws. The movement was 'buy anywhere, driver anywhere'. I was a part of it virtually.",2024-08-05T17:29:31Z,3241,Neutral,0.7034278512001038,Neutral
UgwO-2x8AHdGhxMszrx4AaABAg,OFwYjgy2Nio,"One Nation, One Road Tax! 💵 #cars24",Cars24,"Karnataka Govt stopping BH number registration for corporate employees even after eligibility, even after high court clean chit...",2024-10-08T03:05:37Z,583,Negative,0.6609203815460205,Negative
Ugw9vQzYlJ86S_JXTHN4AaABAg,OFwYjgy2Nio,"One Nation, One Road Tax! 💵 #cars24",Cars24,Exactly Bro Forgot Karnataka My Home State Final boss of Taxes 💀💀,2026-08-25T01:55:50Z,5,Negative,0.7783689498901367,Negative
UgzruAlAILo6LIjdLax4AaABAg,OFwYjgy2Nio,"One Nation, One Road Tax! 💵 #cars24",Cars24,Will be perfect 👍🏻 stupid Karnataka government takes too much road tax,2024-08-05T17:24:12Z,704,Negative,0.5140029191970825,Negative
Ugy6ZAuUTAtk2wqUk214AaABAg,OFwYjgy2Nio,"One Nation, One Road Tax! 💵 #cars24",Cars24,"Absolutely, one india one road tax should be applicable because not everyone is eligible for BH series and still we need to move to other states for work.",2024-09-23T16:31:21Z,65,Neutral,0.6151852011680603,Neutral
UgwvHETt3GsdN51MInp4AaABAg,OFwYjgy2Nio,"One Nation, One Road Tax! 💵 #cars24",Cars24,State valo ki badmashi band honi chahiye. Rule 365 days ka hina chahiye. Har states mai iske khilaf court mai case karna chahiye,2024-08-05T16:58:43Z,580,Neutral,0.7003738880157471,Neutral
UgxkKJ_BtiwgjR-iW7J4AaABAg,OFwYjgy2Nio,"One Nation, One Road Tax! 💵 #cars24",Cars24,Who would say no to such a rule except currupt state governments.,2025-10-31T09:36:38Z,5,Negative,0.6227455735206604,Negative
Ugw83FVUPhTA9rh02Ul4AaABAg,OFwYjgy2Nio,"One Nation, One Road Tax! 💵 #cars24",Cars24,Agreed with one nation one tax policy. Government and law maker must think and act immediately for the people.,2025-05-28T00:49:02Z,12,Neutral,0.6660011410713196,Neutral
UgxaAMCXKT9fAdgAPlp4AaABAg,OFwYjgy2Nio,"One Nation, One Road Tax! 💵 #cars24",Cars24,One Bharat ..one Road tax 👍👍👍🫶🫶🫶,2024-08-26T20:18:56Z,85,Positive,0.6249542236328125,Positive
UgxNN7nvKuebHXGCTLl4AaABAg,OFwYjgy2Nio,"One Nation, One Road Tax! 💵 #cars24",Cars24,"Yes please. One country, one road tax. Otherwise moving between states becomes such a complex and expensive process. It is not right if the nation is one.",2025-02-28T19:21:11Z,7,Negative,0.5027929544448853,Negative
Ugz5iLo3TjQumxXEs6R4AaABAg,OFwYjgy2Nio,"One Nation, One Road Tax! 💵 #cars24",Cars24,I recommend BH registration to be extended to all the citizens of India.,2024-12-23T09:08:46Z,6,Neutral,0.5408985614776611,Neutral
UgxssSD9Ei68C_sI-Ol4AaABAg,OFwYjgy2Nio,"One Nation, One Road Tax! 💵 #cars24",Cars24,State govts will oppose the hell of out of this and get away. People will anyway blame the central for everything.,2024-08-05T17:50:40Z,240,Negative,0.7919777631759644,Negative
UgwMi0dGSHu7PhSFXOZ4AaABAg,OFwYjgy2Nio,"One Nation, One Road Tax! 💵 #cars24",Cars24,"I support this bro, One india 🇮🇳 one tax, I'm from West Bengal 🙏",2024-09-03T00:42:15Z,7,Positive,0.9022045135498047,Positive
Ugwyepl5sjO9NK2cojR4AaABAg,OFwYjgy2Nio,"One Nation, One Road Tax! 💵 #cars24",Cars24,That must not be possible coz outside people have destroyed Karnataka in a irrevocable state. States must have their own tax and more strong policies and other equipped systems to save local people first. Ideally states must put domicile tax to neutralize suppression of locals and imposing non local language in Karnataka.,2026-09-12T11:16:43Z,1,Negative,0.683155357837677,Negative
UgxlFU8rD8mBYyDauEV4AaABAg,OFwYjgy2Nio,"One Nation, One Road Tax! 💵 #cars24",Cars24,The sad truth is nothing will change here in India🤧😞😞 mehnat hum log karein or tax ke naam le government humara hi mehnat ka paisa udaye ...,2024-08-06T04:05:00Z,19,Negative,0.8987440466880798,Negative
UgySjb4WyBPEqWtej954AaABAg,OFwYjgy2Nio,"One Nation, One Road Tax! 💵 #cars24",Cars24,"Jai ho sir 1 bharat 1 road tax, aap jaise he log chahiye after gadkari 😅😅",2025-04-21T13:01:22Z,1,Neutral,0.6904854774475098,Neutral
UgxZLGp1TD4w2dd62yx4AaABAg,OFwYjgy2Nio,"One Nation, One Road Tax! 💵 #cars24",Cars24,#OneBharathoneRoadtax. Definitely to implement.,2024-08-11T02:12:28Z,11,Positive,0.5095221996307373,Positive
UgxtX6t81BQlhigM5hZ4AaABAg,OFwYjgy2Nio,"One Nation, One Road Tax! 💵 #cars24",Cars24,All India Road Tax should be introduced all over India which will make transportation easier,2025-06-17T15:58:03Z,1,Positive,0.593648374080658,Positive
UgzQKxyNCQs8SwTHBrx4AaABAg,OFwYjgy2Nio,"One Nation, One Road Tax! 💵 #cars24",Cars24,"Taxation differs because every state has different size, road network and tax collection sources. If such a scheme is implemented then for eg. big state like MH will loose on taxes as Goa will be preferred for registration. Even though MH has larger road network and needs to maintain village and district roads from this revenues.",2024-09-01T05:34:58Z,4,Neutral,0.7247404456138611,Neutral
UgyyhvKqEyWW-7SHddN4AaABAg,OFwYjgy2Nio,"One Nation, One Road Tax! 💵 #cars24",Cars24,Ek Bharat ek road tax. I support.,2025-11-02T16:18:23Z,0,Neutral,0.5961902737617493,Neutral
UgwFhZ2yp2p4CMPnUbx4AaABAg,OFwYjgy2Nio,"One Nation, One Road Tax! 💵 #cars24",Cars24,"Earlier i had a MH registered vehicle and right now i own a BH registered car, I strongly agree that one nation one road tax should be there. It should be open to all. I've 2 another vehicles with state registrations and it becomes difficult to use them even after being a government employee. I support this, atleat who are paying this huge chunk of taxes, lets nake their life bit easy.",2024-08-09T02:35:11Z,7,Neutral,0.674568235874176,Neutral
UgwV372VgzBX5dfOviN4AaABAg,OFwYjgy2Nio,"One Nation, One Road Tax! 💵 #cars24",Cars24,very much needed brother central and state governments should come to a consensus and take a call will be helpful to all the citizens of India,2026-02-09T15:13:01Z,0,Positive,0.6182935237884521,Positive
Ugxx-OAMU2mbEIFU6Hl4AaABAg,OFwYjgy2Nio,"One Nation, One Road Tax! 💵 #cars24",Cars24,How about NO road tax. After paying so much road tax there are no good roads.,2025-10-26T11:29:40Z,4,Negative,0.8655649423599243,Negative
Ugxqq8zrdcjGAiXHbiR4AaABAg,OFwYjgy2Nio,"One Nation, One Road Tax! 💵 #cars24",Cars24,"Hamari government popcorn par sahi se ek tax nahi laga rahi, ye one road tax kaise hi lagaenge",2024-12-26T01:49:29Z,0,Neutral,0.67768394947052,Neutral
UgwaZEgk_mUOJz5EDVF4AaABAg,OFwYjgy2Nio,"One Nation, One Road Tax! 💵 #cars24",Cars24,Chor hai yeh government 😡🤬,2024-08-05T16:40:30Z,124,Negative,0.9268829822540283,Negative
Ugw3ri18ZY0w0TIJ_154AaABAg,OFwYjgy2Nio,"One Nation, One Road Tax! 💵 #cars24",Cars24,"Very true brother. Public ko pareshan karne wale rules bana kar rakhe hai bas... Gaadi khareedo, tax bharo, fir ye RTO NOC & Transfer bhi jhelo...",2026-06-01T03:17:57Z,0,Neutral,0.7211970686912537,Neutral
UgwVp3psG6cmedB38jh4AaABAg,OFwYjgy2Nio,"One Nation, One Road Tax! 💵 #cars24",Cars24,"Jo chiz one nation one tax karna chahiye wo na karke one nation one language, one nation one election ye saab ho raha hye. 😅",2026-04-30T04:52:22Z,0,Neutral,0.7812638282775879,Neutral
Ugz2iWOZv5krVYzzri54AaABAg,OFwYjgy2Nio,"One Nation, One Road Tax! 💵 #cars24",Cars24,Very good suggestion. Due to this people will stop registration in a state where RT is less,2026-04-19T15:34:26Z,0,Neutral,0.5199630856513977,Neutral
UgzBFPW9lOmPwTunLhJ4AaABAg,OFwYjgy2Nio,"One Nation, One Road Tax! 💵 #cars24",Cars24,BH registration should be made available for all citizens of India.,2025-11-03T15:58:58Z,1,Neutral,0.7856646776199341,Neutral
Ugxn7TXZjOICFAdsBVh4AaABAg,OFwYjgy2Nio,"One Nation, One Road Tax! 💵 #cars24",Cars24,Ekdm sahi bat hai sir ye neta logapne fayde k liye one nation on election toh kr rhe lekin janta ke upar pad rhe tax ke upar koi chinta nhi,2024-12-22T05:47:48Z,0,Neutral,0.7669742703437805,Neutral
Ugwc1GOdaWYpPkMw6oF4AaABAg,OFwYjgy2Nio,"One Nation, One Road Tax! 💵 #cars24",Cars24,Absolutely welcome thought and we should demand for implementation by 2025,2024-11-10T02:56:14Z,0,Positive,0.967584490776062,Positive
UgxRG_l51pPlBpg9P3h4AaABAg,OFwYjgy2Nio,"One Nation, One Road Tax! 💵 #cars24",Cars24,One Bharat One Tax,2025-09-05T03:16:01Z,1,Neutral,0.6859277486801147,Neutral
Ugzt_bbZoUiZSkYCMaR4AaABAg,OFwYjgy2Nio,"One Nation, One Road Tax! 💵 #cars24",Cars24,Anything that decreases Tax in india is never welcome,2024-11-06T07:35:00Z,1,Negative,0.8382615447044373,Negative
UgytxEpzEFlGSb3dX954AaABAg,OFwYjgy2Nio,"One Nation, One Road Tax! 💵 #cars24",Cars24,"Bilkul honi chahiye one road,one tax🙌🙏",2026-01-27T10:52:37Z,0,Positive,0.5484145879745483,Positive
UgxdwYyuZiF0lsxxwtl4AaABAg,OFwYjgy2Nio,"One Nation, One Road Tax! 💵 #cars24",Cars24,Isse tax kaam nhi hoga ulta jaha kam tax lagta hai un states mai v tax rate high ho jayenge... Plus income inequality... Isse accha BH series registration ko extend karna chaiye..❤,2025-01-12T14:27:04Z,0,Neutral,0.605360209941864,Neutral
UgzSOAXDggr1N5yTOZx4AaABAg,OFwYjgy2Nio,"One Nation, One Road Tax! 💵 #cars24",Cars24,Telengana govt... should realise that telengana also belongs to india ...😂😂😂,2025-01-03T08:34:08Z,1,Neutral,0.664665937423706,Neutral
UgxhdPO_gwRKOrzrpGZ4AaABAg,OFwYjgy2Nio,"One Nation, One Road Tax! 💵 #cars24",Cars24,Absolutely correct. Need one tax and no process of refund,2026-01-03T08:13:42Z,0,Neutral,0.6423256993293762,Neutral
Ugw-aOtw6oNW0PoYVyh4AaABAg,OFwYjgy2Nio,"One Nation, One Road Tax! 💵 #cars24",Cars24,Yes this would be really helpful. Because here Karnataka Govt is charging a very high road tax.,2025-05-16T12:33:06Z,0,Neutral,0.44090735912323,Neutral
UgwtElIzQC_CSTGRzQV4AaABAg,OFwYjgy2Nio,"One Nation, One Road Tax! 💵 #cars24",Cars24,Yes I do agree bcz we already paid for our vehicle but why can't we drive it in different states even if it's in our country 😢,2025-04-08T18:58:18Z,1,Neutral,0.5639763474464417,Neutral
Ugy7vKzPrP4LT0pVsU54AaABAg,OFwYjgy2Nio,"One Nation, One Road Tax! 💵 #cars24",Cars24,"Yes yes yes, pls urge the ministry of transport to implement one Bharat one road tax.",2025-05-17T08:56:31Z,0,Positive,0.5103052258491516,Positive
UgxH1InX05EczgC3xNR4AaABAg,OFwYjgy2Nio,"One Nation, One Road Tax! 💵 #cars24",Cars24,ABSOLUTELY CORRECT 💯 One nation one road tax,2024-11-05T20:40:33Z,0,Positive,0.7155479788780212,Positive
Ugx6_WY4YuXURRrp4CR4AaABAg,OFwYjgy2Nio,"One Nation, One Road Tax! 💵 #cars24",Cars24,Iske bare me main kam se kam 20 saal se soch raha hun. Lekin govt nahi sochti,2024-12-08T20:26:26Z,0,Neutral,0.6966307759284973,Neutral
UgyqbszNZSHmEyOd58d4AaABAg,OFwYjgy2Nio,"One Nation, One Road Tax! 💵 #cars24",Cars24,Indian Government need to look into all tax systems this is impacting financials of all people other than the rich ones,2024-09-17T12:22:30Z,0,Negative,0.5847111940383911,Negative
UgxvZUghDTN9yQJmsfB4AaABAg,OFwYjgy2Nio,"One Nation, One Road Tax! 💵 #cars24",Cars24,Private companies are providing fake documents for BH registration. Even though their employees have never moved out of state.,2026-07-31T17:34:38Z,0,Negative,0.6364809274673462,Negative
Ugx5xaERtmhto90jRRV4AaABAg,OFwYjgy2Nio,"One Nation, One Road Tax! 💵 #cars24",Cars24,Govt be like dhanda band karwaoge kya Mota Bhai 😂😂😂,2026-05-18T15:58:29Z,0,Neutral,0.6285271644592285,Neutral
UgxGpu-rGRrZr0wxkBt4AaABAg,OFwYjgy2Nio,"One Nation, One Road Tax! 💵 #cars24",Cars24,Please raise this issue again...🎉🎉😢😢😢😢 We need this stanle laws in whole country india,2025-06-07T16:25:07Z,0,Neutral,0.44442009925842285,Neutral
UgxIm_INBNs5kZtkoBd4AaABAg,OFwYjgy2Nio,"One Nation, One Road Tax! 💵 #cars24",Cars24,Yes absolutely. I wanted to buy a second hand car but can't find one in my state and the road tax was too much do had to cancel the plan 😢,2025-05-18T11:44:01Z,0,Negative,0.8500567078590393,Negative
UgyQax9MZwDoaUYKglZ4AaABAg,OFwYjgy2Nio,"One Nation, One Road Tax! 💵 #cars24",Cars24,True saying bruh we really need the rule n regulations,2025-04-08T02:46:21Z,0,Neutral,0.536649763584137,Neutral
Ugzyh4Ii77WRfSGaaD94AaABAg,OFwYjgy2Nio,"One Nation, One Road Tax! 💵 #cars24",Cars24,Yes i agree with your thought. One nation one road tax,2025-09-27T04:19:19Z,0,Positive,0.5480127930641174,Positive
UgxxG-M2yT5MKuaxRi54AaABAg,OFwYjgy2Nio,"One Nation, One Road Tax! 💵 #cars24",Cars24,Suddenly leaders of the states will start blaming that the centre is attacking the federal structure with such policies.,2024-11-17T05:02:37Z,0,Negative,0.69809490442276,Negative
UgxWz_xZM6qezs4DW4p4AaABAg,OFwYjgy2Nio,"One Nation, One Road Tax! 💵 #cars24",Cars24,Bhaiya meri gadi to Uttrakhand ki h aur Pichhle 4 Sal se UP mein Rah raha hun Yahin se travel karta hun parmanent residence yahi ho gaya toll bhi cut Jata h Raste Mein per Aisi koi problem To Nahin hui na hi Registration change karaya 😅😅,2026-06-18T07:53:55Z,1,Neutral,0.6953005194664001,Neutral
UgzIYjvFYPgHWSePlX54AaABAg,OFwYjgy2Nio,"One Nation, One Road Tax! 💵 #cars24",Cars24,Agree with you but government will not agree. Another problem is tax sharing. Right now entire tax goes to states. And it's complicated also since people will not report to RTO when they move to another state.,2026-01-03T17:39:49Z,0,Negative,0.6614038348197937,Negative
Ugx0JAHRRHrs8sJCx0R4AaABAg,OFwYjgy2Nio,"One Nation, One Road Tax! 💵 #cars24",Cars24,💯% true one india one road tax😊,2025-12-28T09:23:54Z,0,Positive,0.8979789018630981,Positive
Ugy1WhsfKMIqdrIdfcN4AaABAg,OFwYjgy2Nio,"One Nation, One Road Tax! 💵 #cars24",Cars24,"Mota bhai, ye rule isliye hai taki state government ko road banane aur aur maintain karne ke liye centre se bhik na mangna pade. So, government can simply relax the eligibility criteria of BH series to solve this issue.",2026-07-15T03:22:30Z,0,Neutral,0.6883360743522644,Neutral
UgxQ4MwhtcW2xBiyF5J4AaABAg,OFwYjgy2Nio,"One Nation, One Road Tax! 💵 #cars24",Cars24,Some of the state including Karnataka not allowing the private employees for BH registration for the want of Tax revenue and the case is in High courts,2024-10-14T15:28:37Z,0,Negative,0.6063137650489807,Negative
Ugzcmshbs0D4TO7QRcB4AaABAg,OFwYjgy2Nio,"One Nation, One Road Tax! 💵 #cars24",Cars24,Loot machi h sahab. Aadhaar car registration se link kr dijiye and road tax one time all over India. Simple,2025-11-09T10:02:22Z,0,Neutral,0.8064870238304138,Neutral
UgwhFVJarOzwvt314MF4AaABAg,OFwYjgy2Nio,"One Nation, One Road Tax! 💵 #cars24",Cars24,"Yes,I agree with you,ek bhart ek tax👍👌",2025-06-21T15:43:17Z,0,Positive,0.882171630859375,Positive
UgwM5k9NOkoN_vDijUp4AaABAg,OFwYjgy2Nio,"One Nation, One Road Tax! 💵 #cars24",Cars24,"Immediately must be implemented for all categories. Today, IT has developed at such a high level that easily tax can be divided between centre and state.",2024-11-03T02:21:17Z,0,Neutral,0.6323743462562561,Neutral
UgxOMPbPt3rYzytLguF4AaABAg,OFwYjgy2Nio,"One Nation, One Road Tax! 💵 #cars24",Cars24,Absolutely..state govt such as KA with highest tax oppose it..and citizen are paying😢,2025-10-22T13:37:00Z,0,Negative,0.806293785572052,Negative
UgzbDa_mP2fJvFphrbF4AaABAg,OFwYjgy2Nio,"One Nation, One Road Tax! 💵 #cars24",Cars24,Maharashtra walo ko to bhai center aur state ALG ALG tax main pelte h...MH se jyane wale 100 centr tax ka bs 7 ruppes MH main aata h..state gov for aur pelti h tax.. Kash ye niyam hota ki center ko 100 tax jaye to minimum 50 ruppes wapas usi state main jaye...bihar ko to MH chalata h rojgar dekar aur tax dekar,2024-11-02T07:45:30Z,1,Neutral,0.8254069089889526,Neutral
Ugx78ypTtOP_e8pP3L54AaABAg,OFwYjgy2Nio,"One Nation, One Road Tax! 💵 #cars24",Cars24,"One india one road tax is best.. there was an issue in sim cards earlier - state roaming rates. it changed, this will too .",2025-11-28T01:35:40Z,0,Neutral,0.6243665814399719,Neutral
UgyX-085JI7-cpYtj6B4AaABAg,OFwYjgy2Nio,"One Nation, One Road Tax! 💵 #cars24",Cars24,Makes sense. Additionally tool prices should be reduced for old tool booths where money is already recovered by government. Few tolls should be removed as well.,2025-06-11T11:33:45Z,0,Neutral,0.7692766785621643,Neutral
UgzC1y3kT9YEV0uu3E54AaABAg,OFwYjgy2Nio,"One Nation, One Road Tax! 💵 #cars24",Cars24,Also govt should implement an option of obtaining 5yr / 10yr road tax option. Short users get betrayed while selling.,2024-11-01T19:01:50Z,0,Negative,0.6395161747932434,Negative
Ugyj8FyfhaRR7eDTsC14AaABAg,OFwYjgy2Nio,"One Nation, One Road Tax! 💵 #cars24",Cars24,"Bharat ko sare Tax se aajadi jahiye, par abhi aayi Taxxla car kohi dekh lo",2025-07-23T12:44:47Z,0,Neutral,0.6963129043579102,Neutral
UgwIm7_qXTUyvtX4W1t4AaABAg,OFwYjgy2Nio,"One Nation, One Road Tax! 💵 #cars24",Cars24,"Bilkul sahi ek he baar road tax lagna chahiye, chahe gaadi kahi bhi jaye india hamara hai hum ek state se dusre state jaate rehte hai toh har baar hum tax nhi de skte",2025-09-07T15:53:17Z,0,Neutral,0.7187305092811584,Neutral
UgwewNtChBx_tf2DJPB4AaABAg,OFwYjgy2Nio,"One Nation, One Road Tax! 💵 #cars24",Cars24,Maine delhi se ciaz khardi thi 2015 model.... 80k road tax laga maharashtra me which is literally more than what first owner paid while purchasing car new,2025-09-23T03:15:59Z,0,Neutral,0.5645615458488464,Neutral
UgwOHxS3FkyBfLMxF-d4AaABAg,OFwYjgy2Nio,"One Nation, One Road Tax! 💵 #cars24",Cars24,Super rich India. Nirmal baba should impose tax of 100% for 1% tax payer from India because nirmal baba giving air for free.,2024-11-01T11:37:27Z,1,Neutral,0.5151638388633728,Neutral
Ugxlm1cULwrhxH6OpUF4AaABAg,OFwYjgy2Nio,"One Nation, One Road Tax! 💵 #cars24",Cars24,One BHARAT one Roadtax ...... I support.,2025-03-17T06:29:04Z,0,Neutral,0.5412551760673523,Neutral
Ugxp7kYAMavOy4Iw5ZZ4AaABAg,OFwYjgy2Nio,"One Nation, One Road Tax! 💵 #cars24",Cars24,Agar high road tax state se low tax state me move kare to paise milenge? 😅,2025-10-14T05:34:42Z,1,Neutral,0.7446009516716003,Neutral
UgxUyFroN8V58_LIRB54AaABAg,OFwYjgy2Nio,"One Nation, One Road Tax! 💵 #cars24",Cars24,Should be One country one Tax ❤🎉,2026-07-16T16:28:14Z,0,Positive,0.8852940201759338,Positive
UgzjhvC8EfNMGtAGFNV4AaABAg,OFwYjgy2Nio,"One Nation, One Road Tax! 💵 #cars24",Cars24,This should be implemented accross the whole Bharat and Road Tax should be centralised,2024-11-26T22:28:13Z,0,Neutral,0.8006542325019836,Neutral
UgxK0TQQT3vk1RqGGaF4AaABAg,OFwYjgy2Nio,"One Nation, One Road Tax! 💵 #cars24",Cars24,"MH RTO ROAD TAX SUBMIT RECEIPT LEKAR HR KE RTO MEI SUBMIT KAR KE HARYANA RTO SE TAX REIMBURSEMENT KE LIYE DEKH LO , SAYAD KUCH SO JAYE HARYANA GOVT RTO KI TARAF SE.",2025-01-10T08:09:08Z,1,Neutral,0.8485585451126099,Neutral
UgwE2EaECG0N6LIvJLx4AaABAg,OFwYjgy2Nio,"One Nation, One Road Tax! 💵 #cars24",Cars24,"Rules are only for common people. Common people by the fear of law replaced old number plates with the HSRP number plates by paying money but still there are so many Thars, fortuners, luxury cars not having HSRP number plates.",2026-05-09T11:47:39Z,0,Negative,0.5343620181083679,Negative
Ugx2958_P87F8speLwl4AaABAg,OFwYjgy2Nio,"One Nation, One Road Tax! 💵 #cars24",Cars24,"One india one road tax is absolutely necessary as this will bring down corruption in govt, rto and toll gates",2024-09-17T16:30:59Z,0,Neutral,0.48048582673072815,Neutral
UgymGKI0hQgHYxNfu4d4AaABAg,OFwYjgy2Nio,"One Nation, One Road Tax! 💵 #cars24",Cars24,Its a good idea of one tax & if possbile one time toll is also required.,2025-06-10T04:42:14Z,0,Neutral,0.6807472109794617,Neutral
UgwVIvQ38x1yKu4G8pB4AaABAg,OFwYjgy2Nio,"One Nation, One Road Tax! 💵 #cars24",Cars24,"West bengal mei toh Tax, cf har 5 saal mein alag se renew karana padta hai",2025-02-23T17:59:29Z,0,Neutral,0.8562982678413391,Neutral
UgyO75l81l4Wb0z5Y_d4AaABAg,OFwYjgy2Nio,"One Nation, One Road Tax! 💵 #cars24",Cars24,Import laws ke bhi upar video banao yaar ...,2026-02-26T05:22:38Z,0,Neutral,0.7326622009277344,Neutral
UgyEeI2MoCTo6aqp8rp4AaABAg,OFwYjgy2Nio,"One Nation, One Road Tax! 💵 #cars24",Cars24,"इस हिसाब से देखा जाए तो One Bharat, One Road Tax अच्छी बात है। ऐसा होना चाहिए। मंजे ये फायदे वाली बात है😂 मंजे😂😂",2024-10-23T23:56:23Z,0,Neutral,0.769935131072998,Neutral
UgzPKOGVGNtExPMEQux4AaABAg,OFwYjgy2Nio,"One Nation, One Road Tax! 💵 #cars24",Cars24,Yes one India one Road Tax,2026-02-15T11:03:29Z,0,Positive,0.5258488655090332,Positive
UgwL-mDvZeEPzkF7jQd4AaABAg,OFwYjgy2Nio,"One Nation, One Road Tax! 💵 #cars24",Cars24,"Some of the states i.e Telangana, Tamil Nadu, kerala not even entertaining BH series only . Since govt will loose the tax benefit",2025-07-07T08:24:36Z,0,Negative,0.7001420855522156,Negative
UgxouKlaE-_R1WLUto14AaABAg,OFwYjgy2Nio,"One Nation, One Road Tax! 💵 #cars24",Cars24,"I agree. One Nation, One Road TAX!",2025-05-15T00:18:58Z,0,Positive,0.5572283864021301,Positive
Ugz5G3RfDUUqPC2gxJF4AaABAg,OFwYjgy2Nio,"One Nation, One Road Tax! 💵 #cars24",Cars24,Loading 3 ton registration pe bnayiye hr saal registration krana padhega,2025-08-21T15:49:22Z,0,Neutral,0.9098531007766724,Neutral
Ugy18kGxJwx6XQbVxBJ4AaABAg,OFwYjgy2Nio,"One Nation, One Road Tax! 💵 #cars24",Cars24,In BH also there is no option avl online to change your state during payment of road tax installments.,2025-08-30T13:22:35Z,0,Negative,0.6285150647163391,Negative
UgyrETRNPI5I9ZHzlTt4AaABAg,OFwYjgy2Nio,"One Nation, One Road Tax! 💵 #cars24",Cars24,What if i cross state on daily basis? Do i need to have new registration?,2024-09-14T17:51:56Z,0,Neutral,0.864140510559082,Neutral
Ugy5qMHSdvhWjhsObTt4AaABAg,OFwYjgy2Nio,"One Nation, One Road Tax! 💵 #cars24",Cars24,Jbh pura dekh ek hai t baar bar oe alag alg tax kyu 😂😂😂😂,2026-04-18T09:47:08Z,0,Neutral,0.5844369530677795,Neutral
UgwZF9xymcypDHLRjLN4AaABAg,OFwYjgy2Nio,"One Nation, One Road Tax! 💵 #cars24",Cars24,"In the UK is the same system you pay road tax once and you can take your car to England, Wales, Scotland or Northern Ireland, I have a car with Wales plate and I live in England",2025-03-16T15:03:39Z,0,Neutral,0.8914265036582947,Neutral
UgzXBqcINdQGK-Py8Xp4AaABAg,OFwYjgy2Nio,"One Nation, One Road Tax! 💵 #cars24",Cars24,It should be like but from anywhere drive in anywhere in India. This kinda stuffs look like there is lot of nation in one nation,2025-09-20T07:20:18Z,0,Neutral,0.6410549879074097,Neutral
UgxrBZ9TVF4SGd666A14AaABAg,OFwYjgy2Nio,"One Nation, One Road Tax! 💵 #cars24",Cars24,It would very tough fir government because of cgst and igst,2026-07-29T09:39:14Z,0,Negative,0.6321609020233154,Negative
Ugy6tTBe_-U3qMRRFGx4AaABAg,OFwYjgy2Nio,"One Nation, One Road Tax! 💵 #cars24",Cars24,"Making vehicle registration and road tax made sense to be a state subject when things were not digital and had to be maintained in physical forms and documents. Now since everything is digital now and data is available across the country, it is high time Vehicle registration is made valid country wise.",2026-02-25T18:10:32Z,0,Neutral,0.7236930131912231,Neutral
Ugx_qlnO_sEcIfxmDrp4AaABAg,OFwYjgy2Nio,"One Nation, One Road Tax! 💵 #cars24",Cars24,"Instead of one nation, one road tax (because people will misuse that also) the law should be of refund compulsory from previous state for remaining years, which will make it fair for each state.",2026-07-12T04:07:12Z,0,Neutral,0.762576699256897,Neutral
UgwTGsszLfc-JAuvCAB4AaABAg,OFwYjgy2Nio,"One Nation, One Road Tax! 💵 #cars24",Cars24,This is a must. Just need one central road tax. When will this govt wake up?,2025-05-16T11:03:31Z,0,Neutral,0.5485203862190247,Neutral
Ugw6RnA9Se6sI_WDWuZ4AaABAg,OFwYjgy2Nio,"One Nation, One Road Tax! 💵 #cars24",Cars24,"I agree bro. Recently i moved from Gurgaon to Hyderabad and I am paying the tax again here which is too high as compared to Haryana. We should be paying tax at the time of purchase and after that if we need to move, then only NOC and plate change charges should apply.. refund is another level sar-dardi",2026-02-26T05:05:32Z,0,Negative,0.6187679767608643,Negative
UgwmLE9XqEA4cvT11Wx4AaABAg,OFwYjgy2Nio,"One Nation, One Road Tax! 💵 #cars24",Cars24,I agree this should be central not under state government.,2024-11-16T13:02:12Z,0,Neutral,0.7581040263175964,Neutral
Ugxfd2fkYY8t3HsEqdV4AaABAg,OFwYjgy2Nio,"One Nation, One Road Tax! 💵 #cars24",Cars24,"Mushkil hai, not all states have same roadways and yes there is govt greed",2024-10-30T03:36:49Z,0,Negative,0.5107212662696838,Negative
UgxN2sAeRjCyRQBx-WJ4AaABAg,OFwYjgy2Nio,"One Nation, One Road Tax! 💵 #cars24",Cars24,"Roads conditions after so many tolls tax, please make video on that'",2025-11-12T05:18:57Z,0,Neutral,0.6410858631134033,Neutral
UgyxEE9ejtsJPZh_6d94AaABAg,OFwYjgy2Nio,"One Nation, One Road Tax! 💵 #cars24",Cars24,Jaroori hai. It should askedfrom government,2026-04-02T16:57:33Z,0,Neutral,0.7297474145889282,Neutral
Ugz91oggfNTugbCdJvR4AaABAg,OFwYjgy2Nio,"One Nation, One Road Tax! 💵 #cars24",Cars24,Kai state toh defence personnel or central government employees ko bhi BH series number nahi de rahe hai,2025-09-25T14:41:57Z,0,Neutral,0.8323192000389099,Neutral
Ugz6Z_1lxeaeRuS06ep4AaABAg,OFwYjgy2Nio,"One Nation, One Road Tax! 💵 #cars24",Cars24,Bhai hamari to MH registration se hai bihar me chlti hai badhiya bina re-registration karaye.😂,2025-11-02T15:32:39Z,0,Neutral,0.7578446865081787,Neutral
Ugw3BFsQSPotJKaty5R4AaABAg,OFwYjgy2Nio,"One Nation, One Road Tax! 💵 #cars24",Cars24,car kharidne me bhi agar ek gst lage instead of central aur state seperately to gadiya boht sasti ajati😢,2024-11-15T15:04:43Z,0,Negative,0.6310831308364868,Negative
UgzH_pfQ56Jp7XRIKSJ4AaABAg,OFwYjgy2Nio,"One Nation, One Road Tax! 💵 #cars24",Cars24,Same tax across country how it should be Most of the other countries are like that and it makes sense,2026-05-16T22:15:39Z,0,Neutral,0.7463594675064087,Neutral
Ugy8a4qQtxG53WBjgpB4AaABAg,OFwYjgy2Nio,"One Nation, One Road Tax! 💵 #cars24",Cars24,💯✔️✔️ ONE NATION ONE ROAD TAX,2026-06-20T09:24:22Z,0,Neutral,0.6827482581138611,Neutral
Ugy3qQ1W736dIXCdrsd4AaABAg,OFwYjgy2Nio,"One Nation, One Road Tax! 💵 #cars24",Cars24,Here me who completed 9 years in TG with MH registration and KA Licence,2024-11-13T09:43:29Z,0,Neutral,0.8331039547920227,Neutral
UgxjNxrQLcQtvNPo0NN4AaABAg,OFwYjgy2Nio,"One Nation, One Road Tax! 💵 #cars24",Cars24,Bahut jaruri hai One country and one road tax,2025-11-07T14:36:32Z,0,Neutral,0.7559363842010498,Neutral
UgwLwapgpz1WIE_DrZd4AaABAg,OFwYjgy2Nio,"One Nation, One Road Tax! 💵 #cars24",Cars24,True we need this tax 🎉,2025-03-19T18:25:05Z,0,Positive,0.9118040204048157,Positive
UgwlhS9xPVDFYTuRlOt4AaABAg,OFwYjgy2Nio,"One Nation, One Road Tax! 💵 #cars24",Cars24,Ek bharat taxation India is absolute pain and also not justified completely. So much goes into taxation,2025-10-31T16:41:45Z,0,Negative,0.9249829053878784,Negative
UgwOiX6NuYsOldSMzoJ4AaABAg,OFwYjgy2Nio,"One Nation, One Road Tax! 💵 #cars24",Cars24,"Bro Rajasthan me bhi 30 days ke bad tax dena h, not only in Telangana",2025-03-04T07:56:46Z,0,Negative,0.6822468638420105,Negative
UgyVwloD52uPczDtrKp4AaABAg,OFwYjgy2Nio,"One Nation, One Road Tax! 💵 #cars24",Cars24,One Bharat one road tax👍🏻,2024-11-04T17:35:37Z,0,Positive,0.5652674436569214,Positive
Ugy31Q7DD-cf6eEDDkV4AaABAg,OFwYjgy2Nio,"One Nation, One Road Tax! 💵 #cars24",Cars24,Bhai registration to free hona chahiye na yaar gaadi ke uper to pehele hi bohat tax h,2024-10-22T04:58:31Z,0,Neutral,0.8035500645637512,Neutral
Ugw44vBb4xb0JjvQ0RN4AaABAg,OFwYjgy2Nio,"One Nation, One Road Tax! 💵 #cars24",Cars24,"Ye saare bekar rules hatne chahiye, paise wasuli karne ka tareeka hai ye",2024-11-09T08:52:57Z,1,Neutral,0.7167442440986633,Neutral
UgwfE_sq6KHEakAcmEN4AaABAg,OFwYjgy2Nio,"One Nation, One Road Tax! 💵 #cars24",Cars24,It’s must. Why on one vehicle we should pay multiple tax when we move to other state.,2026-06-12T01:58:47Z,0,Neutral,0.6430220603942871,Neutral
UgzILLrNkLP8kviaFyN4AaABAg,OFwYjgy2Nio,"One Nation, One Road Tax! 💵 #cars24",Cars24,Ek Bharat no road tax❤,2025-05-03T12:01:21Z,0,Positive,0.6579526662826538,Positive
UgxBSU6YXOnTf1QbfMt4AaABAg,OFwYjgy2Nio,"One Nation, One Road Tax! 💵 #cars24",Cars24,One registration of private vehicles should be enough. 10-20 % jiyada one time lena chahiye..that's it..kahin bhi gaadi chalao..,2026-05-30T18:25:48Z,0,Neutral,0.5801933407783508,Neutral
UgzFUoj_6Uor90vnSmF4AaABAg,OFwYjgy2Nio,"One Nation, One Road Tax! 💵 #cars24",Cars24,Is this rule also for two wheelers?,2025-03-03T13:23:52Z,0,Neutral,0.9344605207443237,Neutral
Ugx59ugoyN04Se9eRup4AaABAg,OFwYjgy2Nio,"One Nation, One Road Tax! 💵 #cars24",Cars24,I am facing same issue... This issue must be resolved... State RTO is gunda gardi...whh pay double taxes...when live in smae country 😢😢😢😢😢,2025-06-07T16:17:52Z,0,Negative,0.830872118473053,Negative
UgztA6V4UTNaD8iJEZp4AaABAg,OFwYjgy2Nio,"One Nation, One Road Tax! 💵 #cars24",Cars24,"I agree , looks very foolish and uncomfortable tax.. if you are on business trip for a year then you are in trouble, as other state RTO will say pay road tax and they will not listen to you at all..and will hide behind the law.. also selling the car is a big hastle..I feel we need to move against this tax and law..",2025-04-06T03:52:52Z,0,Negative,0.8484248518943787,Negative
UgwENFiuLzX997iNaB94AaABAg,OFwYjgy2Nio,"One Nation, One Road Tax! 💵 #cars24",Cars24,"Each and every state’s having various road networks it’s plain & hill roads, and it’s maintenance cost also varies depending upon their length,Width, Type of pavement, Nos of vehicle registration & type of vehicles playing on that particular road. Hence registration taxes changes in every state.. particularly union territories are having only very small road networks hence its takes are comparatively lesser than big states.",2024-12-15T18:37:29Z,0,Neutral,0.8119428753852844,Neutral
UgzDaEfwUWC1ReI96uV4AaABAg,OFwYjgy2Nio,"One Nation, One Road Tax! 💵 #cars24",Cars24,Absolutely this is an extra burden to every individuals. It is bettee in terms of registrations tax there should be some way out like Gst Intrastate is applicable. By this central government can some extra revenue in terms of registration tax.,2026-03-25T17:31:30Z,0,Negative,0.6127087473869324,Negative
UgxojHSoeoHBFt8NoMh4AaABAg,OFwYjgy2Nio,"One Nation, One Road Tax! 💵 #cars24",Cars24,Instead of one bharath one road tax they need to bring back the old system of paying tax yearly in the state you are operating the vehicle in. This could be helpful in unburdening the common man. Until the mid 80s we used to pay road tax yearly. Now with digitalization it should be able to track a vehicle in parivahan portal. Sad part is some states do not upload puc data to the parivahan website.,2025-05-07T02:27:18Z,0,Neutral,0.6976028680801392,Neutral
UgybHINwS-iHejVMf1R4AaABAg,OFwYjgy2Nio,"One Nation, One Road Tax! 💵 #cars24",Cars24,I have purchased a Delhi number Dzire from True value in Haryana so muje bhi ye tax dena hoga.....????,2024-12-06T10:20:15Z,0,Neutral,0.8619230389595032,Neutral
UgxQlRN_ENHcVCq22qJ4AaABAg,OFwYjgy2Nio,"One Nation, One Road Tax! 💵 #cars24",Cars24,Definitely One country One road tax should be applied in India,2024-10-12T18:00:17Z,0,Neutral,0.6626905798912048,Neutral
Ugw-Yi9PGxziyWdjswh4AaABAg,OFwYjgy2Nio,"One Nation, One Road Tax! 💵 #cars24",Cars24,"Yepp, we should have one nation and one road tax..",2025-12-20T13:12:01Z,0,Neutral,0.6726226210594177,Neutral
UgyCejA5e0kQEC8mTdt4AaABAg,OFwYjgy2Nio,"One Nation, One Road Tax! 💵 #cars24",Cars24,"Ek Bharat, Ek vote, Ek kanoon……… Ek Bharat, Hazaro Goonda Taxes. Mera Bharat Mahaan………..",2026-01-28T20:35:24Z,0,Neutral,0.8375316262245178,Neutral
UgylA88uNMLNsmSpZ894AaABAg,OFwYjgy2Nio,"One Nation, One Road Tax! 💵 #cars24",Cars24,Definitely single road tax is the right answer. Also govt should abolish local municipal corporation area tax which is only applicable in selected city.,2025-04-30T15:56:05Z,0,Neutral,0.6768828630447388,Neutral
UgxGpwlOq_ba93TY_Z54AaABAg,OFwYjgy2Nio,"One Nation, One Road Tax! 💵 #cars24",Cars24,"In Telangana, they don’t allow BH registration",2024-10-28T15:05:35Z,0,Negative,0.5145823359489441,Negative
UgyD5WFi9J9cVklhIQh4AaABAg,OFwYjgy2Nio,"One Nation, One Road Tax! 💵 #cars24",Cars24,After 15 years what will be the road tax in uttrakhand,2024-11-03T07:42:31Z,0,Neutral,0.8698258996009827,Neutral
Ugxmx2gwR-14ooFu4ct4AaABAg,OFwYjgy2Nio,"One Nation, One Road Tax! 💵 #cars24",Cars24,Bhai hum Bharat main thodi rehate hai hum Apne state main rehate hai isileye to alag alag tax dena padata hai😅,2025-01-09T10:53:41Z,0,Neutral,0.6670712232589722,Neutral
UgyZAuZ5FTNbaCaOwFp4AaABAg,OFwYjgy2Nio,"One Nation, One Road Tax! 💵 #cars24",Cars24,Jab Sim me roaming free ho gya.. To gadi to bani he ghumne k liye hai.. One nation one tax should be there,2024-09-17T13:58:17Z,0,Neutral,0.7832984924316406,Neutral
Ugy76Q7qlglCjMCVpV54AaABAg,OFwYjgy2Nio,"One Nation, One Road Tax! 💵 #cars24",Cars24,Nahin hoga. All state governments will be like the ACP Pradyumna meme,2026-07-20T03:03:35Z,0,Neutral,0.671778678894043,Neutral
UgzYLFQQRiLdrkol-ah4AaABAg,OFwYjgy2Nio,"One Nation, One Road Tax! 💵 #cars24",Cars24,"Double taxation should end. When we buy vehicle, it's ex showroom price includes GST ℅.When we register vehicle, we pay road tax on ex-showroom price. So we pay road tax on base vehicle price plus on GST amount. So this becomes double taxation. Road tax should be charged only on base vehicle price.",2024-09-23T14:01:54Z,1,Neutral,0.5281449556350708,Neutral
UgysZcSzJGrANSzYw5B4AaABAg,OFwYjgy2Nio,"One Nation, One Road Tax! 💵 #cars24",Cars24,"Should have been the norm to begin with., but now our KA Govts earns way too much from this to let it go. With different political parties at Center and state this is very difficult to enforce.",2026-01-19T01:47:19Z,0,Negative,0.7534857988357544,Negative
UgxzcmhMo6DLzkM4Pih4AaABAg,OFwYjgy2Nio,"One Nation, One Road Tax! 💵 #cars24",Cars24,Or else govt should provide an option to take a permit for that state for the time period that you want to stay there for those vehicles that are already registered from other state . For 1 year to that much you want to stay,2025-11-18T15:55:02Z,0,Neutral,0.8874120712280273,Neutral
UgzBo5N5ZLngRHOeOql4AaABAg,OFwYjgy2Nio,"One Nation, One Road Tax! 💵 #cars24",Cars24,This seems like best option coz many people are trying for job opportunities in different states. Now for that one cannot think of selling their state registered vehicle & buy a new one (which can be a hassle) or spend close to the amount he said in this video for changing the registration.. I have a TN registered car & am worried to take my car to Pune since am working there & am worried about the amount I have to spend for changing numbers or what are the questions these traffic cops would ask,2024-11-03T09:21:45Z,0,Neutral,0.6294369697570801,Neutral
UgynCYm0osJdSegJYQF4AaABAg,OFwYjgy2Nio,"One Nation, One Road Tax! 💵 #cars24",Cars24,"One Bharat.. one road tax, one price for fuel, one price for cars, one price of tyres, all in all, there are many one, but still no one...",2026-06-15T02:10:07Z,0,Neutral,0.5303581953048706,Neutral
UgzXnZuKwVo4VIw8cz54AaABAg,OFwYjgy2Nio,"One Nation, One Road Tax! 💵 #cars24",Cars24,"I am agree with one INDIA one road tex … staying at Bangalore, road tax in very high without road.",2024-10-08T03:33:07Z,0,Neutral,0.6369098424911499,Neutral
UgzPfiAGDlIfeXhvnx54AaABAg,OFwYjgy2Nio,"One Nation, One Road Tax! 💵 #cars24",Cars24,Sirji chahne se kya hota hai.... Hum toh ye bhi chahte h ki PETROL/DIESEL bhi GST k under aaye.... Unpe abhi tak EXCISE aur VAT kyun lag rha hai...😂,2025-09-25T06:38:55Z,0,Neutral,0.6859659552574158,Neutral
Ugydu5PgxJ4BODz5-yN4AaABAg,OFwYjgy2Nio,"One Nation, One Road Tax! 💵 #cars24",Cars24,Suggestion acha hai per govt yeah sab nai karegi Uss ki income kam ho jayegi😅😅😅😅,2025-08-21T09:40:51Z,0,Neutral,0.7190941572189331,Neutral
UgxM90_RtHDCoqbyJrV4AaABAg,OFwYjgy2Nio,"One Nation, One Road Tax! 💵 #cars24",Cars24,1 nation 1 road tax is must for consumers,2025-11-23T05:48:59Z,0,Neutral,0.6247609853744507,Neutral
UgwzwH-75MbcSU9uc1x4AaABAg,OFwYjgy2Nio,"One Nation, One Road Tax! 💵 #cars24",Cars24,"💯Agreed,, but govt ko scam kaise creat kare 😢",2025-06-22T09:23:26Z,0,Negative,0.5760206580162048,Negative
Ugy9P_KHgKVQOSB2i0l4AaABAg,OFwYjgy2Nio,"One Nation, One Road Tax! 💵 #cars24",Cars24,Bhai Delhi ki gadi Maharashtra mein registration karne ke liye Kitna kharcha aaega MG hector,2025-03-22T11:11:42Z,0,Neutral,0.8629748821258545,Neutral
Ugz37k6kV8SHvrPP4dp4AaABAg,OFwYjgy2Nio,"One Nation, One Road Tax! 💵 #cars24",Cars24,District wise taxation start karna chaiye.. better declare your vehicles to be immovable asset.,2026-05-27T01:26:12Z,0,Neutral,0.7342715859413147,Neutral
Ugzy9zOJHfdhbDMGLfN4AaABAg,OFwYjgy2Nio,"One Nation, One Road Tax! 💵 #cars24",Cars24,#Ek Bhart Ek Road Tax,2026-05-16T14:02:01Z,0,Neutral,0.813245415687561,Neutral
UgziAHwLvXKPim0Ls1V4AaABAg,OFwYjgy2Nio,"One Nation, One Road Tax! 💵 #cars24",Cars24,"In case they apply, 1 nation, 1 tax All tax will go to the central govt. After GST, states have lost confidence that the center will give them their due.",2026-04-13T13:54:36Z,0,Neutral,0.6585424542427063,Neutral
UgxZURpqh6pfGHY_BYF4AaABAg,OFwYjgy2Nio,"One Nation, One Road Tax! 💵 #cars24",Cars24,Ek tax honi chahiye 👍👍,2024-10-07T06:29:44Z,0,Positive,0.6076089143753052,Positive
UgxHwzDxU1wVixUTW4B4AaABAg,OFwYjgy2Nio,"One Nation, One Road Tax! 💵 #cars24",Cars24,"Yes, yahi hona cahiye....current tax system is charging multiple times that is wrong ... simple",2025-10-18T10:24:03Z,0,Negative,0.7402421236038208,Negative
UgzSRDLTtMH46BreajN4AaABAg,OFwYjgy2Nio,"One Nation, One Road Tax! 💵 #cars24",Cars24,Lekin govt ko kon batayega ki ek gaadi 12 mahine se pehle kisi state mein aayi hai khud owner batayega nahi or jab trafice wale puchenge to bol denge ki 1 mahine pehle hi aaye hai is state mein😅😅😅😅,2026-06-16T13:40:49Z,0,Neutral,0.6344977021217346,Neutral
UgxsGwti9ZYsNUTgUR94AaABAg,OFwYjgy2Nio,"One Nation, One Road Tax! 💵 #cars24",Cars24,is this applicable for bikes? really not knew about this rule. one India,2024-10-07T07:27:47Z,0,Neutral,0.7463213801383972,Neutral
UgzA-iYSBGIV6x5n5ol4AaABAg,OFwYjgy2Nio,"One Nation, One Road Tax! 💵 #cars24",Cars24,"Not only road tax but car price as well. Each state has different pricing for car which does not make sense. If we want the same road tax all over India then we need to have the car too with the same pricing. That being said, people pay taxes and then if they move state to state then they should only pay road tax and do not require to change the number. This is a pain everytime who changed state for work purposes. Now that being said we already pay taxes for everything.",2024-09-17T13:10:51Z,0,Negative,0.6317335963249207,Negative
UgxzzuOxv3z0rIiqqPV4AaABAg,OFwYjgy2Nio,"One Nation, One Road Tax! 💵 #cars24",Cars24,This is badly required. Most of the young workforce is mobile across states and the transfer is painful. I have gone though this torture when I moved from Gujarat to Maharashtra. Police take full advantage of this and try to take bribes even if you haven't driven the car more than a month in the new state. A single road tax will solve this.,2024-10-26T14:57:40Z,0,Negative,0.8427377939224243,Negative
UgxS6smKKciYtz6ZPoh4AaABAg,OFwYjgy2Nio,"One Nation, One Road Tax! 💵 #cars24",Cars24,"When state government is already getting SGST, Road tax should be abolished completely. Increase GST slightly instead",2024-10-16T01:26:18Z,0,Neutral,0.5200817584991455,Neutral
UgzK_2Jzt62kbsrBHy94AaABAg,OFwYjgy2Nio,"One Nation, One Road Tax! 💵 #cars24",Cars24,"GST has curtailed federalism,if other tax sources if gone from state federalism will end quickly,and gober party can expand in south states",2026-06-05T00:32:29Z,0,Neutral,0.5906857848167419,Neutral
Ugzk-SYeAWsBVfQl0fR4AaABAg,OFwYjgy2Nio,"One Nation, One Road Tax! 💵 #cars24",Cars24,Bilkul hona chahiya ek bharat tax n bharat series hi hona chahiye. Big No to State Registrations.,2025-09-27T14:28:20Z,0,Negative,0.578152596950531,Negative
UgzVEUg3ESk51n1-o594AaABAg,OFwYjgy2Nio,"One Nation, One Road Tax! 💵 #cars24",Cars24,Yes ..one bharat one tax,2025-05-31T07:59:54Z,0,Neutral,0.661710798740387,Neutral
Ugwiy7yhWRWhCnvA2Mx4AaABAg,OFwYjgy2Nio,"One Nation, One Road Tax! 💵 #cars24",Cars24,"Army personnel ke liya kya Rule hai, Jinka har 3 saal me Transfer hota hai.....",2024-10-28T05:26:59Z,0,Neutral,0.738337516784668,Neutral
Ugz4mVvLonQFXxu6xbV4AaABAg,OFwYjgy2Nio,"One Nation, One Road Tax! 💵 #cars24",Cars24,Yes ek bharat ek road tax hona chaiye,2025-09-24T07:50:50Z,0,Neutral,0.7901121973991394,Neutral
Ugz0aIq1ld74rsicBeR4AaABAg,OFwYjgy2Nio,"One Nation, One Road Tax! 💵 #cars24",Cars24,If all revenue streams go to the Centre what will States do? State govts will become irrelevant.,2025-04-21T17:37:03Z,0,Negative,0.5179480910301208,Negative
UgzPS2ETH7EqLIu-_r14AaABAg,OFwYjgy2Nio,"One Nation, One Road Tax! 💵 #cars24",Cars24,"Even BH number is not solving problem ,you have to pay state road tax in AP even after having BH number and some other states also don't accept BH registration tax .",2025-01-06T15:37:50Z,0,Negative,0.7592725157737732,Negative
Ugwr8RC4mYXTGUmGbGp4AaABAg,OFwYjgy2Nio,"One Nation, One Road Tax! 💵 #cars24",Cars24,I don’t think this govt is thinking of reducing any of their earnings and same goes with the state govts.,2024-11-07T04:49:02Z,0,Negative,0.5112311840057373,Negative
UgzFLzXzDsi8KIh1lmh4AaABAg,OFwYjgy2Nio,"One Nation, One Road Tax! 💵 #cars24",Cars24,"Sir mera bh number hai 2023 ka, abhi next 2 year ka tax bharna h jisme 3months late ho gaya h, portal 10k ki penalty laga rha h",2025-05-24T17:14:25Z,0,Neutral,0.5268825888633728,Neutral
UgxmUzFwRlrondvuPwJ4AaABAg,OFwYjgy2Nio,"One Nation, One Road Tax! 💵 #cars24",Cars24,One bhrat one road tax 👍,2026-04-23T12:32:47Z,0,Neutral,0.5919880270957947,Neutral
UgxEOSHm9w_Ax5p8hbx4AaABAg,OFwYjgy2Nio,"One Nation, One Road Tax! 💵 #cars24",Cars24,"Sir mera bh number hai 2023 ka, abhi next 2 year ka tax bharna h jisme 3months late ho gaya h, portal 10k ki penalty laga rha h Kya aap isme kuch help kar skte h",2025-05-24T17:19:31Z,0,Neutral,0.5621911883354187,Neutral
UgxnZifrCtMW-KlMo8d4AaABAg,OFwYjgy2Nio,"One Nation, One Road Tax! 💵 #cars24",Cars24,"Same slab for all states and to be managed by state only, not center govt. Otherwise it will become another Income Tax 😮",2025-04-28T08:21:12Z,0,Neutral,0.6951037645339966,Neutral
UgxCmE6MH6h3cB84WEd4AaABAg,OFwYjgy2Nio,"One Nation, One Road Tax! 💵 #cars24",Cars24,Road tax lu bhar bhar kar aur roads ki quality kua khuda ho jaisi😅,2025-10-01T11:47:56Z,0,Neutral,0.6415546536445618,Neutral
UgwTp9OfWG-RH-vvEJ14AaABAg,OFwYjgy2Nio,"One Nation, One Road Tax! 💵 #cars24",Cars24,No only for Defence and Central government employees only,2026-07-25T14:47:10Z,0,Neutral,0.7646602988243103,Neutral
Ugzme1KaRUwyhtKku1Z4AaABAg,OFwYjgy2Nio,"One Nation, One Road Tax! 💵 #cars24",Cars24,One Bharat One road tax it should be,2026-05-28T13:50:09Z,0,Neutral,0.7539553046226501,Neutral
Ugy3wkXvBiOejbGcQUZ4AaABAg,OFwYjgy2Nio,"One Nation, One Road Tax! 💵 #cars24",Cars24,"This is out right loot, the driver license issued by State RTO is valid all over India, we are lucky we need not get a driver's license whenever we move to a different State",2025-05-13T03:41:33Z,0,Neutral,0.4708199203014374,Neutral
Ugzo3gcVk0qJyuYb8r94AaABAg,OFwYjgy2Nio,"One Nation, One Road Tax! 💵 #cars24",Cars24,Political State should agree ... Their income will come down.. Hence to earn they will never do it. Even if we wish it one road tax.,2026-05-27T12:48:22Z,0,Negative,0.6144310235977173,Negative
UgzAKdgkW8QtKgh1nPZ4AaABAg,OFwYjgy2Nio,"One Nation, One Road Tax! 💵 #cars24",Cars24,Jinta jaldi hai suru karna chahiye one bharat 1 road tax,2025-06-06T05:16:57Z,0,Neutral,0.7723238468170166,Neutral
UgzKp4_CkpURY3FFZXB4AaABAg,OFwYjgy2Nio,"One Nation, One Road Tax! 💵 #cars24",Cars24,No easy policy roll out in our country.,2025-04-28T04:41:16Z,0,Negative,0.6081703305244446,Negative
UgxWHC_Sxwl236vyA1R4AaABAg,OFwYjgy2Nio,"One Nation, One Road Tax! 💵 #cars24",Cars24,Zarror karo bhai 1 bharat 1 road tax,2025-06-05T00:38:34Z,0,Neutral,0.8318115472793579,Neutral
Ugwx7R0jJI5cUuk_wsp4AaABAg,OFwYjgy2Nio,"One Nation, One Road Tax! 💵 #cars24",Cars24,Seems a impossible dream. Many states dont do BH registration like Tamilnadu not even to defence personnels.,2025-10-23T17:19:49Z,0,Negative,0.7307416796684265,Negative
UgzJQQflZFqthNWqZxx4AaABAg,OFwYjgy2Nio,"One Nation, One Road Tax! 💵 #cars24",Cars24,Shi baat hai hum RTO deta hai or sath mai tolle v dubla dabal family car ka road tax band hona chahiye. Sarkar ki luut chal rahi hai ...,2024-11-15T06:54:43Z,0,Neutral,0.5379515290260315,Neutral
Ugw0Q1ROAGv-i_PUAu94AaABAg,OFwYjgy2Nio,"One Nation, One Road Tax! 💵 #cars24",Cars24,One Bharat tax free bharat❤,2024-10-16T13:10:27Z,0,Positive,0.869533896446228,Positive
Ugz2TH06Vs0Kx8aL3IF4AaABAg,OFwYjgy2Nio,"One Nation, One Road Tax! 💵 #cars24",Cars24,Government eisa koi kaam ni karegi jissi actual taxpayers ko suvidha ho,2024-10-26T15:51:51Z,0,Neutral,0.7169960737228394,Neutral
UgxnzllpMqnRPYhXb1N4AaABAg,OFwYjgy2Nio,"One Nation, One Road Tax! 💵 #cars24",Cars24,"We need jz 1 tax all over India. If GST is possible, this is also possible",2025-10-31T14:19:39Z,0,Neutral,0.588717520236969,Neutral
UgyK63__PG0lBxgM7hp4AaABAg,OFwYjgy2Nio,"One Nation, One Road Tax! 💵 #cars24",Cars24,One tax one Bharat,2024-10-22T16:46:04Z,0,Neutral,0.7359196543693542,Neutral
UgwXmwO1ayxUkbyefYd4AaABAg,OFwYjgy2Nio,"One Nation, One Road Tax! 💵 #cars24",Cars24,If this is possible for mobile phone then same can be also possible in road tax and vehicles.,2026-08-16T12:47:09Z,0,Neutral,0.7187991142272949,Neutral
UgwKT87JsNK3ajPNpIN4AaABAg,OFwYjgy2Nio,"One Nation, One Road Tax! 💵 #cars24",Cars24,BH registration for all. States are on a looting spree in the name vehicle registration as if buying a vehicle is a crime.,2024-10-30T06:06:06Z,0,Negative,0.7583339810371399,Negative
UgzGgSgAHBpBqD6XSfR4AaABAg,OFwYjgy2Nio,"One Nation, One Road Tax! 💵 #cars24",Cars24,"One India, One Road Tax is an absolute necessity. Some state governments like mine are just looting people. Federal government system is beneficial only for politicians.",2025-11-03T14:40:07Z,0,Negative,0.6415483355522156,Negative
UgzihIRB0JW8MufQJ514AaABAg,OFwYjgy2Nio,"One Nation, One Road Tax! 💵 #cars24",Cars24,"Yes, Bharat road tax has to come",2025-03-10T09:04:21Z,0,Neutral,0.767685055732727,Neutral
UgzqcJpM0Ca1esB5Ba94AaABAg,OFwYjgy2Nio,"One Nation, One Road Tax! 💵 #cars24",Cars24,1 bharat 1 road tax 👍🏼,2025-10-16T21:18:24Z,0,Neutral,0.6080440282821655,Neutral
Ugyfwzi_gsGk7LXHPPZ4AaABAg,OFwYjgy2Nio,"One Nation, One Road Tax! 💵 #cars24",Cars24,Govt ko sirf janta se paisa chahiye janta ka acha sochne wale neta khatam ho gye ab,2025-09-05T04:18:25Z,0,Neutral,0.7043600082397461,Neutral
Ugzfc5qZJJROQJkPo554AaABAg,OFwYjgy2Nio,"One Nation, One Road Tax! 💵 #cars24",Cars24,Tax भी तो लूटना है goverment को ताकि अपने दोस्तों का (अडानी/ सुभाष चंद्रा) का लोन माफ किया जा सके।,2024-12-16T06:21:02Z,0,Neutral,0.7486479878425598,Neutral
UgzP6-2psV5bj-0w_CF4AaABAg,OFwYjgy2Nio,"One Nation, One Road Tax! 💵 #cars24",Cars24,"Road tax one Bharat one tax(Not very costly )aur toll tax khatam hona chahiye, Jaise ONE NATION TWO ELECTION ( 1- LOKSABHA & 2- VIDHAN SABHA) as i think",2025-05-05T13:06:11Z,0,Neutral,0.8572446703910828,Neutral
UgxQV5OEG1oJWL2I-PF4AaABAg,OFwYjgy2Nio,"One Nation, One Road Tax! 💵 #cars24",Cars24,This won't be entertained by government as it reduces their income.,2024-12-18T13:47:57Z,0,Negative,0.7388514280319214,Negative
UgyUH7SoqIm9U0pSeON4AaABAg,OFwYjgy2Nio,"One Nation, One Road Tax! 💵 #cars24",Cars24,For this issue only the BH series was introduced and in the pilot program it was available for only Central govt employees and other MNC employees. After 4 years this program is still on its pilot program 😂😂,2025-01-19T10:00:49Z,0,Neutral,0.6995452642440796,Neutral
UgwL-4e0JXy_04R0uS54AaABAg,OFwYjgy2Nio,"One Nation, One Road Tax! 💵 #cars24",Cars24,I got taxed 1.5 lakh for re registration in karnataka 😅.,2024-10-14T13:13:18Z,0,Neutral,0.5992156267166138,Neutral
UgzBzgwO-PaAP4DWKwF4AaABAg,OFwYjgy2Nio,"One Nation, One Road Tax! 💵 #cars24",Cars24,One bharat one road tax,2026-01-02T17:27:12Z,0,Neutral,0.7513306736946106,Neutral
UgyWJY1RihecBvEHxkR4AaABAg,OFwYjgy2Nio,"One Nation, One Road Tax! 💵 #cars24",Cars24,"One India, one SIM, one election, One Police, and one Tax",2025-03-25T23:11:25Z,0,Neutral,0.8023651242256165,Neutral
UgxFPoXE_d04jQq65Bh4AaABAg,OFwYjgy2Nio,"One Nation, One Road Tax! 💵 #cars24",Cars24,"I strongly support One Nation, One Road Tax.. Tax is too high in Bangalore, Karnataka",2026-01-02T09:56:17Z,0,Neutral,0.5314977169036865,Neutral
UgxHIQVHDQwtLiNZWFZ4AaABAg,OFwYjgy2Nio,"One Nation, One Road Tax! 💵 #cars24",Cars24,Yes one India one tax,2024-10-13T15:59:22Z,0,Positive,0.6287746429443359,Positive
UgxNADN0zxd8OK-8bSV4AaABAg,OFwYjgy2Nio,"One Nation, One Road Tax! 💵 #cars24",Cars24,Yes . My question is when we buy a new car we pay 15 year road tax . But why toll tax collect 🤔 .,2024-10-27T09:45:15Z,0,Neutral,0.833493173122406,Neutral
UgyupJLJCe-ViF_feoN4AaABAg,OFwYjgy2Nio,"One Nation, One Road Tax! 💵 #cars24",Cars24,This is a big scam in india... Common people are looted in double taxation 🎉🎉🎉sgame on Rto and related officer s😊,2025-06-07T16:29:47Z,0,Negative,0.8267613053321838,Negative
UgyHJQm0qMubchHn_TR4AaABAg,OFwYjgy2Nio,"One Nation, One Road Tax! 💵 #cars24",Cars24,"One car one time tax ,no parking tax,No Toal tax,only 12% for below 15 lack",2025-04-16T17:38:39Z,0,Neutral,0.6961184740066528,Neutral
UgzjYC5a9X77gVtaAhF4AaABAg,OFwYjgy2Nio,"One Nation, One Road Tax! 💵 #cars24",Cars24,Of course the best idea. We pay tax when we buy car then road tax for deiving and then road toll tax again to drive on that toll. See how much tax we give to these government.,2024-10-12T04:33:17Z,0,Neutral,0.581811249256134,Neutral
UgzQtHSM3gbKkhaf_iJ4AaABAg,OFwYjgy2Nio,"One Nation, One Road Tax! 💵 #cars24",Cars24,In India tax payers problems are not government's problems.,2024-09-17T21:35:50Z,0,Neutral,0.5685857534408569,Neutral
UgwqVrwUnBFrhoYYNBh4AaABAg,OFwYjgy2Nio,"One Nation, One Road Tax! 💵 #cars24",Cars24,All india road tax ka kya maatlab hai jab ek baar registration tax pehle hi le lete hwin,2025-05-10T11:17:15Z,0,Neutral,0.7233271598815918,Neutral
UgzreHEGtADx9w3v5Gh4AaABAg,OFwYjgy2Nio,"One Nation, One Road Tax! 💵 #cars24",Cars24,No no we should have the current process only and should give more tax 😂,2024-11-01T19:00:13Z,0,Neutral,0.496599018573761,Neutral
Ugz5TjbiXziCuQv1JBl4AaABAg,OFwYjgy2Nio,"One Nation, One Road Tax! 💵 #cars24",Cars24,"every state road development or repair krne k liye khudka paisa laga kr roads develop and repair krti he. or jab other state ki unke state me ragistration ko ayegi to wo gadi road damage karengi to uska paisa pichle wali state to dene se rahi, isliye usi gadi wale se dubara road tax wasula jata he gadi ki bachi hoi age k hisab se.",2025-06-01T19:31:18Z,0,Neutral,0.6974043846130371,Neutral
UgyxG_jUxUlCDPQ4Qt14AaABAg,OFwYjgy2Nio,"One Nation, One Road Tax! 💵 #cars24",Cars24,Bhai government lootne k chakkar me kabhi nahi karegi.....,2025-12-27T17:59:46Z,0,Neutral,0.5101262927055359,Neutral
UgwJa_vnyzyb3cBqV3t4AaABAg,OFwYjgy2Nio,"One Nation, One Road Tax! 💵 #cars24",Cars24,Its like multiple countries in a single country. Mtlb jb Deshprem ki baat kre to gov bolti hai ham sb aik rashtra hain lekin jb tax ki bat hoti to sb states ko apni monopoly de rkhi har states apne manmane dhang se logo ko lute aur dusre state k logo se gairo ki trh behave kre. Mtlb ab visa bhi lgva do na duste state k visit pr,2025-06-14T09:14:20Z,0,Neutral,0.6800599694252014,Neutral
Ugx1jneGNyLCghhtU5x4AaABAg,OFwYjgy2Nio,"One Nation, One Road Tax! 💵 #cars24",Cars24,Lekin bill to tabi pass hoga jab political party ko is chiz me benefit hoga.,2025-06-08T03:25:00Z,0,Neutral,0.7564439177513123,Neutral
UgxdvBtVyIaRQWwDowZ4AaABAg,OFwYjgy2Nio,"One Nation, One Road Tax! 💵 #cars24",Cars24,Hamare opinion se laws thodi banayegi Government,2024-12-08T05:45:53Z,0,Neutral,0.6483079791069031,Neutral
UgzPS_YfPaSibAohw3t4AaABAg,OFwYjgy2Nio,"One Nation, One Road Tax! 💵 #cars24",Cars24,Like government kabhi public ka bhala sochegi,2026-06-17T18:06:52Z,0,Neutral,0.7229889035224915,Neutral
UgzQV9jkwQPKs6RArLJ4AaABAg,OFwYjgy2Nio,"One Nation, One Road Tax! 💵 #cars24",Cars24,Sir jab 55000 se leke 80000 Tak life tax banrahe hai to phir se toll tax alag kyun Dena padraha hai😢,2025-05-10T05:18:42Z,0,Negative,0.5516299605369568,Negative
Ugz9RM_Wl4CQ-fMxzux4AaABAg,OFwYjgy2Nio,"One Nation, One Road Tax! 💵 #cars24",Cars24,Ak road tax ho ya har State ka alg alg road toh tute pute he milae gae,2025-09-24T10:14:18Z,0,Neutral,0.6646667122840881,Neutral
Ugxpiy3hQ1N_ORswwIN4AaABAg,OFwYjgy2Nio,"One Nation, One Road Tax! 💵 #cars24",Cars24,Jab Central gov alag aur state government alag banaya hi hai toh one road tax kyu bhai.,2024-11-08T08:36:10Z,0,Neutral,0.8005394339561462,Neutral
Ugw2gYQFIbCvpzP8byJ4AaABAg,OFwYjgy2Nio,"One Nation, One Road Tax! 💵 #cars24",Cars24,Still they won't exempt the tax! If it's made easier than this we'll be charged more.,2025-01-06T03:15:11Z,0,Negative,0.8935553431510925,Negative
Ugw3HxRCFz_w_wd1eUl4AaABAg,OFwYjgy2Nio,"One Nation, One Road Tax! 💵 #cars24",Cars24,"Roads ke condition ko dekh kar, road tax lena hi paap hai, aur state ka kya ""papi ko sajha mil sakti hai, paapiyon ko nahi"" 😂😂",2025-10-25T19:25:48Z,0,Neutral,0.6088060736656189,Neutral
UgzPCler1b_AUbplMdd4AaABAg,OFwYjgy2Nio,"One Nation, One Road Tax! 💵 #cars24",Cars24,Bro road tax tab lena chahiye hab road banaye bhai bhar kitna kam tax hota hai lekin kitni sahi road hoti hai......,2024-12-30T18:13:07Z,0,Neutral,0.677068829536438,Neutral
Ugxm4x4gTpFEev9nPet4AaABAg,OFwYjgy2Nio,"One Nation, One Road Tax! 💵 #cars24",Cars24,"Yrs 1 road tax hona chahiye, but low rate pe",2026-04-19T05:14:51Z,0,Neutral,0.7612563371658325,Neutral
Ugy_QlFw3MyZONfy1dx4AaABAg,OFwYjgy2Nio,"One Nation, One Road Tax! 💵 #cars24",Cars24,"But road kaha h, pothole tax lena chahiye 😅",2026-07-20T15:43:57Z,0,Neutral,0.5912227034568787,Neutral
UgwQjl7a5iKpSXNBAFl4AaABAg,OFwYjgy2Nio,"One Nation, One Road Tax! 💵 #cars24",Cars24,Iam for Ek Bharat Ek Tax,2026-03-03T06:00:33Z,0,Neutral,0.7485023736953735,Neutral
Ugwyb3PsUbHkUfuG7_d4AaABAg,OFwYjgy2Nio,"One Nation, One Road Tax! 💵 #cars24",Cars24,Yes 1 country 1 road tax,2024-12-05T15:06:21Z,0,Neutral,0.7583476901054382,Neutral
UgwGb5k7IyjAksW2R1F4AaABAg,OFwYjgy2Nio,"One Nation, One Road Tax! 💵 #cars24",Cars24,1 Bharat 1 Road tax hona chahiye,2025-04-28T17:25:09Z,0,Neutral,0.8086644411087036,Neutral
Ugw_6XPquAsL62AUPWd4AaABAg,OFwYjgy2Nio,"One Nation, One Road Tax! 💵 #cars24",Cars24,#ekbharatektax hastag koro.. Gadkari shaheb Kara plz,2024-11-12T15:20:55Z,0,Neutral,0.8019317388534546,Neutral
UgxMY16GeNyAT8z-5i54AaABAg,OFwYjgy2Nio,"One Nation, One Road Tax! 💵 #cars24",Cars24,Hmm apne tax se kudh road bana lenge.👍🏻,2026-01-16T21:10:47Z,0,Neutral,0.6293168663978577,Neutral
Ugy9UY7ONvraaCfjWE54AaABAg,OFwYjgy2Nio,"One Nation, One Road Tax! 💵 #cars24",Cars24,Ye to logon ka fayade ka sauda hai. Govt nahi karegi😂,2026-01-25T10:56:31Z,0,Neutral,0.7053812146186829,Neutral
Ugy7gKuzRnFj2A5OgPN4AaABAg,OFwYjgy2Nio,"One Nation, One Road Tax! 💵 #cars24",Cars24,What gives money to government that law will never change,2025-06-21T10:50:32Z,0,Neutral,0.5289661288261414,Neutral
UgwoZg_HKyo63c8QAd14AaABAg,OFwYjgy2Nio,"One Nation, One Road Tax! 💵 #cars24",Cars24,Sir one india one road tax kiya toh corruption kidhar se karenge. Road tax pay karke bhi road vaisa kaha milta hai,2025-09-18T15:47:37Z,0,Neutral,0.49158257246017456,Neutral
UgyzxpySoMNvj4TunCN4AaABAg,OFwYjgy2Nio,"One Nation, One Road Tax! 💵 #cars24",Cars24,One Bharat one road tax,2024-11-29T09:25:11Z,0,Neutral,0.7466465830802917,Neutral
UgxX71dL1yjkwD3KyJJ4AaABAg,OFwYjgy2Nio,"One Nation, One Road Tax! 💵 #cars24",Cars24,Janta ka to all the time accha decision hota h but government thodi chahta,2025-03-15T01:11:18Z,0,Neutral,0.6917510032653809,Neutral
UgyFOpVxD6y07dEUZcR4AaABAg,OFwYjgy2Nio,"One Nation, One Road Tax! 💵 #cars24",Cars24,Year 2125 tak ye rule apply ho jayega.,2025-01-08T06:13:25Z,0,Neutral,0.8486461043357849,Neutral
UgzmHSPkdjFJPMXkBK54AaABAg,OFwYjgy2Nio,"One Nation, One Road Tax! 💵 #cars24",Cars24,फिर govt हम citizens को छीले कैसे 😂,2024-10-19T07:23:25Z,0,Neutral,0.7828590273857117,Neutral
Ugx2h_9jBdrvCgVhxlB4AaABAg,OFwYjgy2Nio,"One Nation, One Road Tax! 💵 #cars24",Cars24,#ekbharatekroadtax 💯💯💯💯💯💯💯💯💯💯💯💯💯,2025-04-30T05:42:56Z,0,Neutral,0.5145765542984009,Neutral
UgyuoKXlswqb-57wVeN4AaABAg,OFwYjgy2Nio,"One Nation, One Road Tax! 💵 #cars24",Cars24,One India one tax is best solution,2024-10-23T18:50:30Z,0,Neutral,0.5224068760871887,Neutral
Ugx18TssSZ3DAwJw6K94AaABAg,OFwYjgy2Nio,"One Nation, One Road Tax! 💵 #cars24",Cars24,"No this is not a good option for normal people, rather the rule and procedure may be amended for transfer of registration and shall made feasible.",2025-05-12T13:46:30Z,0,Negative,0.7337328791618347,Negative
UgyMsLr8ie2PHZzGyfN4AaABAg,OFwYjgy2Nio,"One Nation, One Road Tax! 💵 #cars24",Cars24,"Bh series is bogus, only aimed for central govt. employees. Very few private companies fulfilled the criteria.",2025-03-31T07:59:33Z,0,Negative,0.8322612047195435,Negative
UgwiHJkkqypUba-2Fad4AaABAg,OFwYjgy2Nio,"One Nation, One Road Tax! 💵 #cars24",Cars24,Central government states ko tax wapas dega nahi agar unki sarkar na ho to.,2025-01-15T17:12:56Z,0,Neutral,0.7924443483352661,Neutral
UgySgb6bNCbiShXpZuZ4AaABAg,OFwYjgy2Nio,"One Nation, One Road Tax! 💵 #cars24",Cars24,"As long as there are corrupt officials at the position of making a decision, normal public wont get these benefits simple.. you either need andha paisa, powerful contacts, or a high profile govt job to avail these benefits.",2025-06-08T17:10:39Z,0,Negative,0.8099129796028137,Negative
UgwFGrHD9y3ob9RSC4t4AaABAg,OFwYjgy2Nio,"One Nation, One Road Tax! 💵 #cars24",Cars24,Do you think state govt will give up its revenue seeking power. Nice,2024-12-02T14:53:25Z,0,Neutral,0.7005473971366882,Neutral
Ugwg4n9vch2RTXiKrKR4AaABAg,OFwYjgy2Nio,"One Nation, One Road Tax! 💵 #cars24",Cars24,"Same is in Rajasthan ,they charged me tata Tiago tax on 8 old years zest. This is a good way to harass middle class people and exhort money. Ta time of registration this for entire country. Car economy is getting worse day by day.",2025-05-23T10:32:31Z,0,Negative,0.9140632748603821,Negative
UgwUpKHqz5BEJr_0HH54AaABAg,OFwYjgy2Nio,"One Nation, One Road Tax! 💵 #cars24",Cars24,State governments will never approves this...,2024-10-05T03:30:24Z,0,Negative,0.5628004670143127,Negative
UgyZpvA_QIonyVi39ZF4AaABAg,OFwYjgy2Nio,"One Nation, One Road Tax! 💵 #cars24",Cars24,Tax k naam par to india no 1 hai,2024-09-13T06:00:54Z,0,Neutral,0.8210775852203369,Neutral
UgyUvpcVoAD9ILrlg_p4AaABAg,OFwYjgy2Nio,"One Nation, One Road Tax! 💵 #cars24",Cars24,"That sounds like federal govt., which India isn't. India is a Quasi Federal state, which may prevent such a taxation system. Because India is not a federal country, different states collect a tax that they will use accordingly. Central Govt. should limit the percentage of tax, but the amount should still be collected by the State Govts., thus giving the citizens a relief and the States get to keep the tax. Else, irrespective of the political party at Central Govt., there will be a chance for them to bias the tax sharing with the State Govts, creating more problems.",2024-09-16T07:29:33Z,0,Neutral,0.5524339079856873,Neutral
UgwUhdl7InxV5PoP5c94AaABAg,OFwYjgy2Nio,"One Nation, One Road Tax! 💵 #cars24",Cars24,Habibi come to Karnataka road tax 😅,2026-02-15T07:23:40Z,0,Neutral,0.8001441955566406,Neutral
Ugwx9G3vanuxbuE58r94AaABAg,OFwYjgy2Nio,"One Nation, One Road Tax! 💵 #cars24",Cars24,"Case 1 Refund of rto JK , taken by govt itself The case Ishfaq Ahmad Tramboo vs. UT of J&K (decided on August 9, 2024) involved a dispute over the demand for 9% of the vehicle's declared value as a condition for assigning a new registration mark in Jammu & Kashmir. The petitioner, who had registered his vehicle in Haryana, brought it to J&K and sought re-registration. Authorities demanded a tax, which he challenged based on a prior Division Bench ruling (Zahoor Ahmad Bhat vs. Govt. of J&K). The High Court ruled in favor of Tramboo, directing the authorities to assign a J&K registration mark without charging the 9% tax. However, the government was allowed to seek a refund of the original tax from Haryana.",2025-06-07T16:20:19Z,0,Neutral,0.8081749081611633,Neutral
UgyiwyJfrvIV6h-CN6t4AaABAg,OFwYjgy2Nio,"One Nation, One Road Tax! 💵 #cars24",Cars24,55k on road tax ☠️☠️☠️ I don't want to live here anymore,2026-04-01T22:12:44Z,0,Negative,0.94989413022995,Negative
Ugyppjr3fxp4RAOAmTF4AaABAg,OFwYjgy2Nio,"One Nation, One Road Tax! 💵 #cars24",Cars24,One nation one tax🎉,2025-05-13T08:43:14Z,0,Positive,0.9101466536521912,Positive
UgxslCZEB-UY-iYZuKd4AaABAg,OFwYjgy2Nio,"One Nation, One Road Tax! 💵 #cars24",Cars24,One Nation one tax but not road tax 😢😢😢,2026-02-02T15:48:21Z,0,Negative,0.680830717086792,Negative
UgxFvndxUYqqo_yOU0F4AaABAg,OFwYjgy2Nio,"One Nation, One Road Tax! 💵 #cars24",Cars24,Ye zaroori hai one nation one road tax,2026-09-11T16:21:08Z,0,Neutral,0.7997484803199768,Neutral
UgxWcIl3I5qkh2rZXQZ4AaABAg,OFwYjgy2Nio,"One Nation, One Road Tax! 💵 #cars24",Cars24,1 single Tax to be Applied.,2024-10-29T10:48:15Z,0,Neutral,0.8507605791091919,Neutral
UgyXYcOwfLB_kf7HbJp4AaABAg,OFwYjgy2Nio,"One Nation, One Road Tax! 💵 #cars24",Cars24,This is an organised crime. why anyone should pay double taxation. In any other people friendly country this would never happen,2024-10-16T20:12:27Z,0,Negative,0.9269540905952454,Negative
Ugxs48S7745YF5QWu7V4AaABAg,OFwYjgy2Nio,"One Nation, One Road Tax! 💵 #cars24",Cars24,"Taxation itself in India is a curse. Those who dealing in cash they pay zero tax, business tycoons have teams to advise them how to handle tax, so left was salaried middle class man. So govt decided let loot them as much as we can , no way he/she can left the nation and settle in some other countries.",2024-09-16T22:06:48Z,0,Negative,0.7861016392707825,Negative
UgzC9eEmHxt9H5B7Kkl4AaABAg,OFwYjgy2Nio,"One Nation, One Road Tax! 💵 #cars24",Cars24,Jaha se government vasooli kar skti hai karegi. Plus car to luxury mein aati hai government ki nazaro mein. Government chahe to 12-15L ki ex showroom price tk ki car ko in sab double vasooli se exempt kr skti hai. Lekin baat fir voi para 1 wali aajati hai. 🥸😒🥴,2026-01-22T02:43:44Z,0,Neutral,0.571689248085022,Neutral
UgzWxuaTY1MPOP4JYit4AaABAg,OFwYjgy2Nio,"One Nation, One Road Tax! 💵 #cars24",Cars24,No possible .... Rules are relaxed enough ....,2025-10-06T16:30:08Z,0,Neutral,0.6757982969284058,Neutral
Ugxi2vcX54fAI7ao5qN4AaABAg,OFwYjgy2Nio,"One Nation, One Road Tax! 💵 #cars24",Cars24,Life time tax dene ke bad toll tax Sabi road pe toll bana diya hai Isliye lifetime tax ke Saath hi toll tax be le lo. Toll gate and uske infrastructure ke paise b bach jayenge aur hamara time bhi bach jayega uspe kya kehta hai,2025-04-21T10:45:41Z,0,Negative,0.5397586822509766,Negative
Ugx1ML6RHTAOHO5M5F54AaABAg,OFwYjgy2Nio,"One Nation, One Road Tax! 💵 #cars24",Cars24,"One bharat and should be no road tax.. We are paying all ready gst from 18℅ to 28℅ of different items from cloth to grains n milk to medicines, n fuel to student book /pen too then government should not take road tax n toll tax .... Citizens appeal doesn't matter cause the public already chose the wrong candidate twice.. 😊 anpad hai to mumkin hai",2024-10-18T18:23:32Z,0,Neutral,0.6451126337051392,Neutral
UgzxDEBGZbgKRJJSsmB4AaABAg,OFwYjgy2Nio,"One Nation, One Road Tax! 💵 #cars24",Cars24,"Rather than making the process of transfer of registration and taxes between RTO simpler, we have introduced a new system of BH. If everything has to be done centrally, what's the point of having state governments? How does one state with low revenue incentivise car sales while another state with too many cars disincentivise car sales?",2024-10-01T19:55:40Z,0,Negative,0.5300580859184265,Negative
UgylasPsjyRUcmszV8t4AaABAg,OFwYjgy2Nio,"One Nation, One Road Tax! 💵 #cars24",Cars24,Only one state in south is karnataka accepting BH registration,2025-05-09T02:13:26Z,0,Neutral,0.8496242761611938,Neutral
UgzdVXfo7LJEWKmSaS14AaABAg,OFwYjgy2Nio,"One Nation, One Road Tax! 💵 #cars24",Cars24,One Nation and One Road tax hona chahiye!,2026-03-31T14:43:21Z,0,Neutral,0.7596384882926941,Neutral
UgyOGsZMvZbDhhhU0ml4AaABAg,OFwYjgy2Nio,"One Nation, One Road Tax! 💵 #cars24",Cars24,"Road should be collected annually irrespective of registration number plate or state. Why do i have have to pay life time of tax if for any reason my vehicle is not going to run for, say, 2-3 years??!!",2024-10-27T16:00:25Z,0,Negative,0.6126267313957214,Negative
UgzBTwKNU6UNukaEUyd4AaABAg,OFwYjgy2Nio,"One Nation, One Road Tax! 💵 #cars24",Cars24,"Refund was given by state govt... #read the case ....Case 1 Refund of rto JK , taken by govt itself The case Ishfaq Ahmad Tramboo vs. UT of J&K (decided on August 9, 2024) involved a dispute over the demand for 9% of the vehicle's declared value as a condition for assigning a new registration mark in Jammu & Kashmir. The petitioner, who had registered his vehicle in Haryana, brought it to J&K and sought re-registration. Authorities demanded a tax, which he challenged based on a prior Division Bench ruling (Zahoor Ahmad Bhat vs. Govt. of J&K). The High Court ruled in favor of Tramboo, directing the authorities to assign a J&K registration mark without charging the 9% tax. However, the government was allowed to seek a refund of the original tax from Haryana.",2025-06-07T16:21:09Z,0,Neutral,0.9087271094322205,Neutral
UgzdVpKNrwRAJyM2mcd4AaABAg,OFwYjgy2Nio,"One Nation, One Road Tax! 💵 #cars24",Cars24,"Every Indian should be able to use his own vehicle equally everywhere., A law that states that a vehicle registered in one state cannot be used in another state., Such arbitrary laws are a disgrace to the country.",2025-12-11T16:00:35Z,0,Negative,0.6240294575691223,Negative
Ugw8XaUHe56zFWDfua14AaABAg,OFwYjgy2Nio,"One Nation, One Road Tax! 💵 #cars24",Cars24,"One bharat, Refund my road tax. Gaddho me gaadi chalti hai. Bich bich me road aata hai 😂",2025-06-07T13:09:04Z,0,Negative,0.6392641663551331,Negative
Ugy1Nd5VrFxVpigCfiV4AaABAg,OFwYjgy2Nio,"One Nation, One Road Tax! 💵 #cars24",Cars24,"Refund was given by state govt... #read the case ....Case 1 Refund of rto JK , taken by govt itself The case Ishfaq Ahmad Tramboo vs. UT of J&K (decided on August 9, 2024) involved a dispute over the demand for 9% of the vehicle's declared value as a condition for assigning a new registration mark in Jammu & Kashmir. The petitioner, who had registered his vehicle in Haryana, brought it to J&K and sought re-registration. Authorities demanded a tax, which he challenged based on a prior Division Bench ruling (Zahoor Ahmad Bhat vs. Govt. of J&K). The High Court ruled in favor of Tramboo, directing the authorities to assign a J&K registration mark without charging the 9% tax. However, the government was allowed to seek a refund of the original tax from Haryana. 😊😊😊😊",2025-06-07T16:21:17Z,0,Neutral,0.9087271094322205,Neutral
UgzUYfyaaatQ5fIbRgR4AaABAg,OFwYjgy2Nio,"One Nation, One Road Tax! 💵 #cars24",Cars24,1 bharat 1 road tax..,2025-05-02T08:38:15Z,0,Neutral,0.7827122211456299,Neutral
Ugy7FRgGFm9rpz23O-R4AaABAg,OFwYjgy2Nio,"One Nation, One Road Tax! 💵 #cars24",Cars24,#1bharat1tax,2025-04-29T02:59:43Z,0,Neutral,0.8007137775421143,Neutral
UgyhVK5Zwa9CnTZt40d4AaABAg,OFwYjgy2Nio,"One Nation, One Road Tax! 💵 #cars24",Cars24,"Why don't keep it simple, just take 2 years road tax while purchase, and after that keep it like prepaid recharge based on where you like to drive your car and add the details to M-parivahan",2025-02-20T09:46:05Z,0,Neutral,0.8635079264640808,Neutral
UgxUCMDK8ln0BNN-z154AaABAg,OFwYjgy2Nio,"One Nation, One Road Tax! 💵 #cars24",Cars24,one nation one road tax,2024-12-11T06:04:01Z,0,Neutral,0.7168518900871277,Neutral
UgyT2dD83lomBBgVEyt4AaABAg,OFwYjgy2Nio,"One Nation, One Road Tax! 💵 #cars24",Cars24,Road tax to hona hi nehi chahiye. Ager ho to toll tax nehi hona chahiye.,2024-10-31T10:52:15Z,0,Neutral,0.6572582125663757,Neutral
UgxXx6E7GOkyoWHjxqF4AaABAg,OFwYjgy2Nio,"One Nation, One Road Tax! 💵 #cars24",Cars24,"Bkc tax bharo. Fir tax pe tax bharo. Fir jo tax pe tax bhara, uspe tax bharo.",2024-10-12T22:42:36Z,0,Neutral,0.7489728331565857,Neutral
UgzR9MIbplrhlnb9fjl4AaABAg,OFwYjgy2Nio,"One Nation, One Road Tax! 💵 #cars24",Cars24,Hmare opinion se kaddu kiso govt ko fark padta hai. Karna whi hi jo inko kamai la k de,2024-12-14T13:29:54Z,0,Neutral,0.6693512201309204,Neutral
Ugx6hmIaMmO4FM1HOQZ4AaABAg,OFwYjgy2Nio,"One Nation, One Road Tax! 💵 #cars24",Cars24,I am fine paying Yearly tax,2026-02-04T09:42:18Z,0,Neutral,0.5172668695449829,Neutral
UgxMgjdD9QbPnNSe-zF4AaABAg,OFwYjgy2Nio,"One Nation, One Road Tax! 💵 #cars24",Cars24,We work only to pay tax...,2024-11-08T17:16:31Z,0,Neutral,0.49170562624931335,Neutral
UgxdO6vqIRWy6fcQEcB4AaABAg,OFwYjgy2Nio,"One Nation, One Road Tax! 💵 #cars24",Cars24,why both road tax and toll tax!??,2024-09-27T14:04:02Z,0,Negative,0.7259225249290466,Negative
UgzuYngGc5TraUz9ZCl4AaABAg,OFwYjgy2Nio,"One Nation, One Road Tax! 💵 #cars24",Cars24,Nahi hoga. Then how government and its staff will earn.,2025-06-21T03:56:10Z,0,Neutral,0.85477215051651,Neutral
UgyUeMa-NubfJv8vtJ94AaABAg,OFwYjgy2Nio,"One Nation, One Road Tax! 💵 #cars24",Cars24,Jaise Bengal me system hai ki aap new car par 5 saal ke liye car registration karayenge yaa life time tax paid karenge!! Suppose 5 saal wali scheme lete hai phir uske baad life time tax karate hai . Ab aap mujhe yeh batao ki jo life time tax paid hua hai woh refund ho skta hai yaa nhi,2025-02-25T12:05:44Z,0,Neutral,0.6817649006843567,Neutral
UgxLJ1pEh8am5x_bSdJ4AaABAg,OFwYjgy2Nio,"One Nation, One Road Tax! 💵 #cars24",Cars24,Tax lu raat bhar and development kru _____ bhar. Indian govt,2024-11-23T05:38:54Z,0,Neutral,0.6869046688079834,Neutral
Ugx92SHUe_wjer03T514AaABAg,OFwYjgy2Nio,"One Nation, One Road Tax! 💵 #cars24",Cars24,#1nation1tax,2025-04-29T02:59:26Z,0,Neutral,0.8131726980209351,Neutral
UgxN_9PYCH6jbqJApK94AaABAg,OFwYjgy2Nio,"One Nation, One Road Tax! 💵 #cars24",Cars24,"No road tax , because they took talk tax, challan tax , petrol tax, etc",2024-09-12T07:39:20Z,0,Neutral,0.6784123778343201,Neutral
UgyVDH5VaBYZkM240jB4AaABAg,OFwYjgy2Nio,"One Nation, One Road Tax! 💵 #cars24",Cars24,Tax only after roads are proper how about that,2025-11-04T11:43:48Z,0,Neutral,0.5790536403656006,Neutral
Ugydau6VfCG7bLz3uD54AaABAg,OFwYjgy2Nio,"One Nation, One Road Tax! 💵 #cars24",Cars24,Loot ne ke dhande bana rakha hai govt. ne.,2025-06-08T07:24:15Z,0,Neutral,0.795090913772583,Neutral
Ugy0bLQBokXX0YDxgK54AaABAg,OFwYjgy2Nio,"One Nation, One Road Tax! 💵 #cars24",Cars24,No Tax✅️,2024-12-28T15:26:16Z,0,Neutral,0.788855254650116,Neutral
Ugyn_iLezSeTziNDdMR4AaABAg,OFwYjgy2Nio,"One Nation, One Road Tax! 💵 #cars24",Cars24,Ye kabhi nahi hoga. Hamari govt sirf lena jaanti Hai.,2025-05-08T11:35:28Z,0,Neutral,0.7218097448348999,Neutral
UgxIno66phRLQYyiZLN4AaABAg,OFwYjgy2Nio,"One Nation, One Road Tax! 💵 #cars24",Cars24,Uniform road tax... You think states will let go of their cash cow?,2024-11-02T09:01:12Z,0,Neutral,0.6858018040657043,Neutral
UgxSLUKteCxjKnDWg_N4AaABAg,OFwYjgy2Nio,"One Nation, One Road Tax! 💵 #cars24",Cars24,Me toh kehta hoon road tax hi band kardo. Should ask road fund from the gst we have paid. Tolls are already collected.,2024-12-08T20:34:36Z,0,Neutral,0.7541561126708984,Neutral
UgyumCyIyDwiDjuXl4h4AaABAg,OFwYjgy2Nio,"One Nation, One Road Tax! 💵 #cars24",Cars24,BH is only for govt employees,2025-08-27T09:02:21Z,0,Neutral,0.6473188996315002,Neutral
Ugx81WL3CdJBA9IrWmF4AaABAg,OFwYjgy2Nio,"One Nation, One Road Tax! 💵 #cars24",Cars24,Administration ki gunda gardi hai yeh bas aur kuch nahi.... Sab middle class k liye laws bante,2024-11-03T07:30:15Z,0,Neutral,0.6449084877967834,Neutral
UgzNUsJPT-VeWaD-jBZ4AaABAg,OFwYjgy2Nio,"One Nation, One Road Tax! 💵 #cars24",Cars24,"If there is GST then why do we also pay road tax, Double taxation?",2025-12-04T03:36:14Z,0,Neutral,0.5322872400283813,Neutral
Ugwx_0syIlKbivQNp614AaABAg,OFwYjgy2Nio,"One Nation, One Road Tax! 💵 #cars24",Cars24,"All states avoid BH since they do not get the tax. But guess what, the law has a grey area and states if the vehicle is in the new state for a year then the RTO must change. Well, take a trip out of state before the year ends and show toll receipts as proof. Hire a lawyer if police still forces you to pay tax!",2026-01-15T05:35:41Z,0,Negative,0.488355815410614,Negative
Ugw5w9MjC2Nl3a8pNG94AaABAg,OFwYjgy2Nio,"One Nation, One Road Tax! 💵 #cars24",Cars24,But if someone pays lifetime Road tax then,2025-10-17T09:26:38Z,0,Neutral,0.7780966758728027,Neutral
UgzKOeb4Bk7Ruq4nuk14AaABAg,OFwYjgy2Nio,"One Nation, One Road Tax! 💵 #cars24",Cars24,Road Tax deke v Road ni mil rhi 🤣🤣🤣,2025-05-26T10:45:51Z,0,Neutral,0.7165157198905945,Neutral
UgxfcUgCCCQDJ34sgad4AaABAg,OFwYjgy2Nio,"One Nation, One Road Tax! 💵 #cars24",Cars24,Their is no use if i comments regarding this subject...it should solve from state government and central government bro 😂,2024-12-11T15:59:19Z,0,Negative,0.5542206764221191,Negative
Ugw_j3K7rU4gZcTKnyd4AaABAg,OFwYjgy2Nio,"One Nation, One Road Tax! 💵 #cars24",Cars24,One road tax should apply,2025-05-24T06:33:16Z,0,Neutral,0.7775660753250122,Neutral
UgxUCR5vHJ0OOdXh5BJ4AaABAg,OFwYjgy2Nio,"One Nation, One Road Tax! 💵 #cars24",Cars24,"""म्हणजे"" state ka road tax lagane ka formula म्हंटला का? 😂",2024-12-27T06:31:36Z,0,Neutral,0.7260515093803406,Neutral
UgywIHCFuvUqLk9GAmF4AaABAg,OFwYjgy2Nio,"One Nation, One Road Tax! 💵 #cars24",Cars24,When we income tax why not one road tax,2024-12-15T02:09:05Z,0,Neutral,0.6935272812843323,Neutral
UgwOR0ca5Ok0juk3M8N4AaABAg,OFwYjgy2Nio,"One Nation, One Road Tax! 💵 #cars24",Cars24,United by States 🚩 Divided by Tax 💰,2024-10-22T15:59:26Z,0,Neutral,0.8730801343917847,Neutral
Ugz_LlGp5-TLpxek9294AaABAg,OFwYjgy2Nio,"One Nation, One Road Tax! 💵 #cars24",Cars24,INDIA me middle class ke liye sirf TAX he hisse ata h,2024-11-07T18:46:13Z,0,Neutral,0.7009611129760742,Neutral
UgzFZEMeCuswdGz-3Gt4AaABAg,OFwYjgy2Nio,"One Nation, One Road Tax! 💵 #cars24",Cars24,Road tax itself is a scam😅😅😅😅😅,2025-03-08T10:58:50Z,0,Negative,0.8524837493896484,Negative
UgxF14gOgPAiWNEzaal4AaABAg,OFwYjgy2Nio,"One Nation, One Road Tax! 💵 #cars24",Cars24,#onebharatonetax,2025-04-29T02:59:59Z,0,Neutral,0.7992758750915527,Neutral
UgxkUbWaGwPPcifHXft4AaABAg,OFwYjgy2Nio,"One Nation, One Road Tax! 💵 #cars24",Cars24,30days life time tax pay ???? Us it real,2025-06-25T06:42:50Z,0,Neutral,0.496422678232193,Neutral
UgzdUG1sSWvUcOVhwKt4AaABAg,OFwYjgy2Nio,"One Nation, One Road Tax! 💵 #cars24",Cars24,INDIA- One Road tax,2024-11-02T17:53:21Z,0,Neutral,0.7633222937583923,Neutral
UgwIK8bWfqm34i1_Q_N4AaABAg,OFwYjgy2Nio,"One Nation, One Road Tax! 💵 #cars24",Cars24,Indian tax system yani ki chaukidar tax system yani ki mission loot Lo India,2024-09-16T07:12:42Z,0,Negative,0.783401608467102,Negative
UgyYbD7MdvYc3DL-tQp4AaABAg,OFwYjgy2Nio,"One Nation, One Road Tax! 💵 #cars24",Cars24,Government dwara Janata ko kaise luta jaega,2024-11-10T10:37:53Z,0,Neutral,0.7142581343650818,Neutral
UgzvgWG6iGwhAISHb614AaABAg,OFwYjgy2Nio,"One Nation, One Road Tax! 💵 #cars24",Cars24,"Arey bhai yeh nahi karengi Government .double tax nahi bharenge toh Ministers aur Politicians janata ke paise se aish kaise karenge???😢😢😢😢 Abhi Atma Nirbhar ho jao aur Khud hi One road tax bharo.ya jo state mein jao ,waha se gaddi le lo. 😢😢😢😢",2025-05-04T09:11:03Z,0,Negative,0.7462040185928345,Negative
Ugx93Uh7NNgu0CC5OlF4AaABAg,OFwYjgy2Nio,"One Nation, One Road Tax! 💵 #cars24",Cars24,No road tax only😂😂😂,2025-02-03T04:16:00Z,0,Neutral,0.6757598519325256,Neutral
UgzjFqUtvHLTzXA4ZFV4AaABAg,OFwYjgy2Nio,"One Nation, One Road Tax! 💵 #cars24",Cars24,Isi liye govt. Se tax chupata hain sab log. Cars are essential in life. Why so much tax on that,2025-12-26T05:21:39Z,0,Neutral,0.5491512417793274,Neutral
UgxvBfU2rj_OHmaxIyF4AaABAg,OFwYjgy2Nio,"One Nation, One Road Tax! 💵 #cars24",Cars24,One Barat One Road Tax,2024-11-06T14:24:14Z,0,Neutral,0.8376771807670593,Neutral
Ugw_MVC-944Gl4aau_d4AaABAg,OFwYjgy2Nio,"One Nation, One Road Tax! 💵 #cars24",Cars24,One Road tax,2025-03-25T18:30:41Z,0,Neutral,0.7870588898658752,Neutral
UgyYerLKwaHS4OeEdWZ4AaABAg,OFwYjgy2Nio,"One Nation, One Road Tax! 💵 #cars24",Cars24,"Only 'one nation one road tax' wouldn't help. Road tax transfers should be online and seemless. If the car owner submits a form online, the road tax transfer should happen on the backhand, automatically. Owner should receive a tax transfer acknowledgement receipt with source and destination states and police and RTO should accept it. Believe me, that's the best solution.",2024-09-19T20:53:54Z,0,Neutral,0.6668925285339355,Neutral
Ugwdvfm8QYir_RScK_F4AaABAg,OFwYjgy2Nio,"One Nation, One Road Tax! 💵 #cars24",Cars24,Kuch din ruko saas lene pe aur paad maarne pe bhi tax lagega😂,2024-09-12T11:07:50Z,0,Neutral,0.7948889136314392,Neutral
Ugy-Uc_9VCfXYy-mRy94AaABAg,OFwYjgy2Nio,"One Nation, One Road Tax! 💵 #cars24",Cars24,Road tax to thik hai per road kaha hai,2026-06-24T06:13:42Z,0,Neutral,0.7493358850479126,Neutral
UgwX3wTZIPsFYyHzz7Z4AaABAg,OFwYjgy2Nio,"One Nation, One Road Tax! 💵 #cars24",Cars24,Perfect example of inefficient govt processes.. Jab inse refunds hote hi nhi why should we. pay? Process should have been Discontinue the present registration> Add the new one > Payment should be the value - the refund amount Later states can refund back to home state (that process they can decide how to do.. customers are delighted in this service),2025-10-24T17:42:36Z,0,Negative,0.6173608899116516,Negative
UgxS5ea5iOyagWk4Lw54AaABAg,OFwYjgy2Nio,"One Nation, One Road Tax! 💵 #cars24",Cars24,Govt lut Rahi he,2024-12-07T11:23:39Z,0,Neutral,0.7419913411140442,Neutral
UgyA1vEhtt9MVcZ9PB54AaABAg,OFwYjgy2Nio,"One Nation, One Road Tax! 💵 #cars24",Cars24,Ek Bharat ek Tax denge to state wale neta khayenge kya😂😂😂road pr aa jayenge or RTO kamayega kese kyuki bhrastachar hoga nhi unke liye khatarnak hoga,2024-10-17T13:50:33Z,0,Neutral,0.6608434319496155,Neutral
UgyIqIt1aeFKbHEpCVV4AaABAg,OFwYjgy2Nio,"One Nation, One Road Tax! 💵 #cars24",Cars24,One tax,2025-12-12T05:08:24Z,0,Neutral,0.6673187613487244,Neutral
UgxrKQO8prGn755h19h4AaABAg,OFwYjgy2Nio,"One Nation, One Road Tax! 💵 #cars24",Cars24,Why even have road tax? Just to pay for a departments salaries and for their govt vehicles and office electricity. One is already paying toll and giving a tax on the vehicle,2025-02-03T09:26:18Z,0,Negative,0.5762443542480469,Negative
UgwE-jJqsiGB0lsHpV94AaABAg,OFwYjgy2Nio,"One Nation, One Road Tax! 💵 #cars24",Cars24,Dada tax tax ki loot machi hai loot sako to loot...lutero se jyada ummid nahi karni,2025-03-28T11:49:54Z,0,Negative,0.7098458409309387,Negative
UgzAY0zaAYlgETW4L4d4AaABAg,OFwYjgy2Nio,"One Nation, One Road Tax! 💵 #cars24",Cars24,I prefer No tax,2025-02-22T08:37:21Z,0,Neutral,0.6608204245567322,Neutral
UgzaLNP0BVRojs6J-m94AaABAg,OFwYjgy2Nio,"One Nation, One Road Tax! 💵 #cars24",Cars24,"All the congress rules states are hell bent against the BH registration, they need money for freebie distribution.",2025-06-07T15:21:56Z,0,Negative,0.5990170836448669,Negative
Ugyu1bW7pO4f3-sP5wd4AaABAg,OFwYjgy2Nio,"One Nation, One Road Tax! 💵 #cars24",Cars24,1 nation 1 tax.,2025-04-29T02:59:04Z,0,Neutral,0.7653438448905945,Neutral
UgwKReVw0M2hAbKUJyR4AaABAg,OFwYjgy2Nio,"One Nation, One Road Tax! 💵 #cars24",Cars24,keya baat krte hoo bhai govt kaise logon ko luttegi phir 😂,2025-01-21T09:47:35Z,0,Neutral,0.7013649344444275,Neutral
UgznHsbRXPa39MnoPqh4AaABAg,OFwYjgy2Nio,"One Nation, One Road Tax! 💵 #cars24",Cars24,GST and CESS laughing at corner to SUVs 15 lakh on road car SUV cost 30 lakh due to GST 22% cess 20% 🎉😂❤😢😊,2024-11-22T19:38:33Z,0,Neutral,0.4432709813117981,Neutral
Ugyg_mQ5AzieDaqgbHd4AaABAg,OFwYjgy2Nio,"One Nation, One Road Tax! 💵 #cars24",Cars24,All these taxes and our roads are still trash,2025-01-06T03:20:08Z,0,Negative,0.9111083149909973,Negative
UgwPy5JneBF075yg_CZ4AaABAg,OFwYjgy2Nio,"One Nation, One Road Tax! 💵 #cars24",Cars24,"I can Ride 1 year without Re Registration, but has to pay Road tax if 1 ride 1 Month.",2025-02-11T02:15:46Z,0,Neutral,0.8777382969856262,Neutral
UgxrCmtqXLNXNMuHY9d4AaABAg,OFwYjgy2Nio,"One Nation, One Road Tax! 💵 #cars24",Cars24,I vote for common road tax for pan India,2026-07-22T04:54:09Z,0,Neutral,0.6725903749465942,Neutral
UgwopSIHkKpBZgk0NJl4AaABAg,OFwYjgy2Nio,"One Nation, One Road Tax! 💵 #cars24",Cars24,"India ko one nation one road tax rule lagu karna chahiye, vehicle department apni manmani se amount tay karte hai har state me same rate hona chahiye",2025-11-17T14:58:40Z,0,Neutral,0.6823358535766602,Neutral
Ugzoiaknb_NeNXFgriV4AaABAg,OFwYjgy2Nio,"One Nation, One Road Tax! 💵 #cars24",Cars24,"one nation, one tax , one police, one election we are a Nation , not union of States",2025-01-28T10:32:30Z,0,Neutral,0.7739490270614624,Neutral
UgyS-CXerj6RrhiL0s14AaABAg,OFwYjgy2Nio,"One Nation, One Road Tax! 💵 #cars24",Cars24,Ajee ghanta hoga aisa.. lekin Accha hai sapne dekhne par tax nahi hai,2025-10-16T21:43:49Z,0,Neutral,0.7310823798179626,Neutral
Ugxm_-9PYnE6V4Fw3YN4AaABAg,OFwYjgy2Nio,"One Nation, One Road Tax! 💵 #cars24",Cars24,One road tax is required,2026-07-03T17:12:19Z,0,Neutral,0.7200298309326172,Neutral
UgzB9-RVYX2zRjUGBtp4AaABAg,OFwYjgy2Nio,"One Nation, One Road Tax! 💵 #cars24",Cars24,Road tax without roads 😂😂,2024-11-16T13:52:08Z,0,Negative,0.48742014169692993,Negative
UgzWn3mDYtFIeHte6S14AaABAg,OFwYjgy2Nio,"One Nation, One Road Tax! 💵 #cars24",Cars24,Central govt’s gimmic,2025-11-11T18:18:14Z,0,Neutral,0.7625160217285156,Neutral
Ugzh01yrqrj0Nbgudjt4AaABAg,OFwYjgy2Nio,"One Nation, One Road Tax! 💵 #cars24",Cars24,Its also stupid that lets say i sell the vehicle in a year or two then why do i have to pay life tax when i am not using the vehicle for 15 years? The other guy who buys it used gets it free?,2025-11-02T13:09:04Z,0,Negative,0.7521889209747314,Negative
Ugwq_UyxSSftbuF7zjd4AaABAg,OFwYjgy2Nio,"One Nation, One Road Tax! 💵 #cars24",Cars24,Road tax 😮😮 Road 🤡🤡,2025-01-28T08:35:17Z,0,Negative,0.8121412992477417,Negative
UgytlQClm_TwgpF1cVZ4AaABAg,OFwYjgy2Nio,"One Nation, One Road Tax! 💵 #cars24",Cars24,"Source of revenue nahi... source of loot he ye....car pe tax, Insurance, road tax, toll charges , petrol pe tax...",2024-10-17T13:02:24Z,0,Negative,0.6172980070114136,Negative
UgwyYeGEgT39898HDmd4AaABAg,OFwYjgy2Nio,"One Nation, One Road Tax! 💵 #cars24",Cars24,iska kuch nahi kar sakhate he aaise Law aaya toh aacha hoga,2024-11-15T18:46:24Z,0,Neutral,0.7820740342140198,Neutral
UgxgeeQBVmnx-XZcoF54AaABAg,OFwYjgy2Nio,"One Nation, One Road Tax! 💵 #cars24",Cars24,Govt. Just looting,2026-05-28T15:04:12Z,0,Negative,0.8761412501335144,Negative
UgxAJILjHEYPpwydmh54AaABAg,OFwYjgy2Nio,"One Nation, One Road Tax! 💵 #cars24",Cars24,Why not one nation one tax,2024-12-11T18:00:54Z,0,Neutral,0.7131900191307068,Neutral
Ugy3DJDOZhyNIkaxmkN4AaABAg,OFwYjgy2Nio,"One Nation, One Road Tax! 💵 #cars24",Cars24,Tax terrorists yeh hone nahi Denge Bhai,2025-07-07T14:16:19Z,0,Neutral,0.5771755576133728,Neutral
UgxNBd-jNahz4DplTiZ4AaABAg,OFwYjgy2Nio,"One Nation, One Road Tax! 💵 #cars24",Cars24,Road tax for Roads that doesnt even count as roads,2025-05-06T10:51:55Z,0,Negative,0.7599808573722839,Negative
UgzIY024mjaVwbzd28Z4AaABAg,OFwYjgy2Nio,"One Nation, One Road Tax! 💵 #cars24",Cars24,Central government to maan jaygi par state government wo bhi opp nahi manegi bahot madhechot hai khas kar k WB TM KT jk DL our bhi 3/4 hogi 👍,2024-10-01T19:02:05Z,0,Neutral,0.8459516763687134,Neutral
UgyXkIh-5MBlKmhR4bJ4AaABAg,OFwYjgy2Nio,"One Nation, One Road Tax! 💵 #cars24",Cars24,State govts in India are very narrow minded.,2025-03-05T04:47:18Z,0,Negative,0.8110939860343933,Negative
UgypjIjnSI2espC6Lbh4AaABAg,OFwYjgy2Nio,"One Nation, One Road Tax! 💵 #cars24",Cars24,One bharat one road tax what a joke.😅😂😂😂😂😂,2025-01-08T06:14:13Z,0,Negative,0.7512899041175842,Negative
UgxEnOfPsU1_2uFxf3B4AaABAg,OFwYjgy2Nio,"One Nation, One Road Tax! 💵 #cars24",Cars24,How about 1 bharat and no road tax isnt toll tax enough for the bikmange gov,2024-10-28T01:17:35Z,0,Neutral,0.60216224193573,Neutral
UgysHTToGB0jVdMoYRN4AaABAg,OFwYjgy2Nio,"One Nation, One Road Tax! 💵 #cars24",Cars24,One India..and no tax..how is it😂,2024-11-12T10:48:12Z,0,Neutral,0.5279340744018555,Neutral
Ugx9NcReJKtJCT0IXXZ4AaABAg,OFwYjgy2Nio,"One Nation, One Road Tax! 💵 #cars24",Cars24,Modi ji ki govt sirf aur sirf TAX ke chkkr me giregi😅,2024-10-15T16:36:12Z,0,Neutral,0.7796918749809265,Neutral
UgwCtPKDwo46JzLuTvh4AaABAg,OFwYjgy2Nio,"One Nation, One Road Tax! 💵 #cars24",Cars24,"Actually going by the way states have raised problems in distribution of central GST, similar problems will crop up in distribution of road tax among states. Central govt will allocate more for states ruled by them ( I am deliberately not using BJP..it will be same for any party.. for sure) so guess we citizens have to bear with this loot just like in other matters.",2026-01-06T08:38:53Z,0,Negative,0.5950095653533936,Negative
UgwfjKA2xKe0jSiv3Np4AaABAg,OFwYjgy2Nio,"One Nation, One Road Tax! 💵 #cars24",Cars24,If we pay Road Tax also we pay toll both are same also pay gst also pay tcs only pay tax dont ask why😂😂😂,2025-05-29T16:58:13Z,0,Neutral,0.6127594709396362,Neutral
UgzPc15fLBeWwC-vMOh4AaABAg,OFwYjgy2Nio,"One Nation, One Road Tax! 💵 #cars24",Cars24,Road tax ddubara dene ke baad gaadi phir se 15 saal chalni chaiye,2026-07-24T05:43:39Z,0,Neutral,0.6657401323318481,Neutral
Ugxd-faWnJF2ctIBQF94AaABAg,OFwYjgy2Nio,"One Nation, One Road Tax! 💵 #cars24",Cars24,To fir ye ek Bharat kaise huya Aisa lag raha ; kayi desho ka ek mahadweep (subcontinent) h |😅 alag country ka alag tax,2026-06-19T08:16:13Z,0,Neutral,0.6327415108680725,Neutral
Ugy0gLhqivVUbJReb1Z4AaABAg,OFwYjgy2Nio,"One Nation, One Road Tax! 💵 #cars24",Cars24,Government will not implement anything which will make their loss and benefit of citizen. Exemption only applies to the class of people who help them to win elections.,2025-08-19T07:17:27Z,0,Negative,0.6222328543663025,Negative
UgwomclKdg5exvHl22R4AaABAg,OFwYjgy2Nio,"One Nation, One Road Tax! 💵 #cars24",Cars24,remove road tax its pointless we are already paying toll tax on every highway not to mention that there has been like near 0 development of city roads.,2025-01-06T07:06:12Z,0,Negative,0.8673792481422424,Negative
UgxZhgL_PNTAEOfbdBl4AaABAg,OFwYjgy2Nio,"One Nation, One Road Tax! 💵 #cars24",Cars24,Arey state hi to change kiya hai Country thodi change kar di jo tum phir se tax loge,2024-10-05T16:30:24Z,0,Neutral,0.7663903832435608,Neutral
UgwSRHSvumGIIm40U414AaABAg,OFwYjgy2Nio,"One Nation, One Road Tax! 💵 #cars24",Cars24,Like govt cares about our opinion.😂,2025-12-16T15:55:33Z,0,Neutral,0.5548616647720337,Neutral
UgxPn2rntRwkIOCKrNp4AaABAg,OFwYjgy2Nio,"One Nation, One Road Tax! 💵 #cars24",Cars24,"But I don't understand why they don't refund tax, it's a law I am also facing same issue, Haryana rto is not providing refund.",2026-01-21T17:16:16Z,0,Negative,0.8459004759788513,Negative
UgyJXH1wrUy6oJvIUTF4AaABAg,OFwYjgy2Nio,"One Nation, One Road Tax! 💵 #cars24",Cars24,Telangana May Gutheri Govt Hy Iss Liye,2025-07-21T17:32:28Z,0,Neutral,0.7961354851722717,Neutral
Ugxnr3BhljRURvXvR_V4AaABAg,OFwYjgy2Nio,"One Nation, One Road Tax! 💵 #cars24",Cars24,Bhai ap kuch ka tax ghata nhi rhe ..sabka tax badhane ki baat kr rhe,2025-10-31T01:37:54Z,0,Neutral,0.6603277325630188,Neutral
UgyDNaNx7iFrJP7qQfJ4AaABAg,OFwYjgy2Nio,"One Nation, One Road Tax! 💵 #cars24",Cars24,"Wherever you have khangress government, they will simply deny implementation. They will fight for one nation one sunti concept not that make citizen life better.",2026-01-29T12:23:25Z,0,Negative,0.7610328793525696,Negative
UgzKY3griSbvUEZ7Cid4AaABAg,OFwYjgy2Nio,"One Nation, One Road Tax! 💵 #cars24",Cars24,"When there is Toll Tax, then why Road Tax ? And when there is Road Tax, then why Toll Tax ?? Government is looting",2026-05-01T05:17:26Z,1,Negative,0.5948118567466736,Negative
UgyMkt4XdjZPyCXEpOV4AaABAg,OFwYjgy2Nio,"One Nation, One Road Tax! 💵 #cars24",Cars24,Survice du jhaat bhar tax lu raat bhar 💀,2024-10-27T13:18:35Z,0,Negative,0.5154187679290771,Negative
UgyfFpwW-2_yh3kOgNt4AaABAg,OFwYjgy2Nio,"One Nation, One Road Tax! 💵 #cars24",Cars24,How do the government employees drink the common man's blood?,2026-02-27T07:54:14Z,0,Negative,0.6359701156616211,Negative
UgxTTS9UJiBUdNhOdAd4AaABAg,OFwYjgy2Nio,"One Nation, One Road Tax! 💵 #cars24",Cars24,One nation one tax nhi karenge gadkari ji kamayi band ho jayegi,2024-12-06T16:47:31Z,0,Neutral,0.76220703125,Neutral
Ugy7JvHhkHvw593VHr54AaABAg,OFwYjgy2Nio,"One Nation, One Road Tax! 💵 #cars24",Cars24,"Absolutely not. HP has one of the lowest road taxes in the country, as our government is not looting us like the governments of some super-high road-tax states. We don't want our road tax to increase in the name of uniformity.",2025-09-25T04:05:01Z,0,Neutral,0.467916876077652,Neutral
UgxjENCrNpVwMcYJTGx4AaABAg,OFwYjgy2Nio,"One Nation, One Road Tax! 💵 #cars24",Cars24,Govt logo ka chutya kaat Rahi hai😢,2026-01-23T08:36:24Z,0,Negative,0.7223877906799316,Negative
UgwG0ktvxe__MxpTfUh4AaABAg,OFwYjgy2Nio,"One Nation, One Road Tax! 💵 #cars24",Cars24,"One Nation, One Election hojaye ga....but One Nation, One Road tax nahi hoga",2026-02-10T05:21:51Z,0,Neutral,0.8069142699241638,Neutral
Ugx0AoVx3jfwp1s8J4t4AaABAg,OFwYjgy2Nio,"One Nation, One Road Tax! 💵 #cars24",Cars24,Road tax☠️ road 🤡,2025-01-23T14:31:41Z,0,Negative,0.8609945774078369,Negative
Ugze7-vdLKtnUM8EbRR4AaABAg,OFwYjgy2Nio,"One Nation, One Road Tax! 💵 #cars24",Cars24,Jab toll tax ha to road tax kis bat ka?,2024-11-28T13:40:22Z,0,Neutral,0.8338343501091003,Neutral
UgxHBLjQHXZuXCj0gOV4AaABAg,OFwYjgy2Nio,"One Nation, One Road Tax! 💵 #cars24",Cars24,😂 ek trf government kehti hai ki desh ek hai 😂 . Aur ek tarf state vise desh ko alag bhhi yahi government krti hai . Waa re mere desh ki rajniti,2025-09-25T04:10:07Z,0,Neutral,0.7481195330619812,Neutral
UgyPntpRGDDkdejV_954AaABAg,OFwYjgy2Nio,"One Nation, One Road Tax! 💵 #cars24",Cars24,itna tax lene ke baad bhi road massage dene wala he,2025-06-14T20:38:07Z,0,Neutral,0.7471975684165955,Neutral
UgyhdopyAl8FySArswN4AaABAg,OFwYjgy2Nio,"One Nation, One Road Tax! 💵 #cars24",Cars24,States ki kamai kaise hogi. Isse bakwas chiz nahi hai tax collect krne ki,2026-06-08T18:42:51Z,0,Neutral,0.7575818300247192,Neutral
UgxOmuaHKhqymZ3ONl54AaABAg,OFwYjgy2Nio,"One Nation, One Road Tax! 💵 #cars24",Cars24,"Indian government itna loot leta hain ki saving bachta hi nahi hain,,,,income tax,gst har ek chiz pe,aur badle mein sarkaar kya deti hain? Bengaladeshi,pocket maar politicians,khasta education,jhaat jaisa infrastructure .",2025-05-31T16:40:55Z,0,Negative,0.62105792760849,Negative
UgxSthMjLnR5cWZ02zR4AaABAg,OFwYjgy2Nio,"One Nation, One Road Tax! 💵 #cars24",Cars24,Tax to chlo government ne lena hi hai .....par jis road k liye tax liya uska to pure bharat me bura haal hai....😂jaha mostly vehicle run krte hai.,2025-12-02T13:48:51Z,0,Neutral,0.5536046624183655,Neutral
UgzgLslX5O3YmlzzkMl4AaABAg,OFwYjgy2Nio,"One Nation, One Road Tax! 💵 #cars24",Cars24,Kahan kahan haat daalne ka salah de rahe ho bhai.... petrol ko to pehle gst me aane do.,2025-11-25T18:26:55Z,0,Neutral,0.6675817966461182,Neutral
UgycuC8GGZ84U5vTz4R4AaABAg,OFwYjgy2Nio,"One Nation, One Road Tax! 💵 #cars24",Cars24,Indian govt are gone mad they jist need money from people hard earned money thats it coz they cant to trade any more,2026-02-12T04:06:55Z,0,Negative,0.848885178565979,Negative
UgxlYDOlcV6dk_TU0p94AaABAg,OFwYjgy2Nio,"One Nation, One Road Tax! 💵 #cars24",Cars24,Government ko bs chale to apke video dekhne pr bhi tax laga de,2026-05-26T09:41:25Z,0,Neutral,0.5463220477104187,Neutral
UgzeEM7eSuk6zqM8C5x4AaABAg,OFwYjgy2Nio,"One Nation, One Road Tax! 💵 #cars24",Cars24,Ganta....iss Govt ka RTO tax or Fastag duniya ka sabse bada loot hai ..,2026-03-27T05:48:26Z,0,Negative,0.5174016952514648,Negative
UgxFK9C4bxxNFcJv1qZ4AaABAg,OFwYjgy2Nio,"One Nation, One Road Tax! 💵 #cars24",Cars24,"Road tax like US, road like somalia😂",2024-10-18T17:12:30Z,0,Neutral,0.5002511143684387,Neutral
UgzhM9ZoBAScMZmpeKN4AaABAg,OFwYjgy2Nio,"One Nation, One Road Tax! 💵 #cars24",Cars24,Lol pay 25 lakh road tax on a 10 lakh car.,2025-04-01T04:06:10Z,0,Neutral,0.5161516070365906,Neutral
UgzQWcCIyC_LcVB6yw54AaABAg,OFwYjgy2Nio,"One Nation, One Road Tax! 💵 #cars24",Cars24,Cheating at GOVERNMENT level. It should be stopped immediately.,2025-10-08T13:11:20Z,0,Negative,0.8801733255386353,Negative
UgySwR8apQZMVMt9M9h4AaABAg,OFwYjgy2Nio,"One Nation, One Road Tax! 💵 #cars24",Cars24,Govt ki robdari band ho jayegi chor hai sab govt iska koi solution hai,2025-04-16T14:05:01Z,0,Neutral,0.6966895461082458,Neutral
UgyUZE973KQNvWZpnvB4AaABAg,OFwYjgy2Nio,"One Nation, One Road Tax! 💵 #cars24",Cars24,Esa Kuch nhi Bas aam aadmi ko lutne ke tarike hai government ke or kuch nhi ki kese jayada se jayada aam Janta se pese lute jaye 😐😐,2026-08-18T16:09:18Z,0,Neutral,0.5999271273612976,Neutral
UgzRooI2ECqSgGvdIDF4AaABAg,OFwYjgy2Nio,"One Nation, One Road Tax! 💵 #cars24",Cars24,cut the road tax and put horn tax,2024-11-04T04:48:37Z,0,Negative,0.5344865322113037,Negative
UgwxjMJT-WSpDzkMuZ14AaABAg,OFwYjgy2Nio,"One Nation, One Road Tax! 💵 #cars24",Cars24,Just scrap the law man no need of nothing,2024-11-06T02:25:16Z,0,Negative,0.7319870591163635,Negative
UgwUvuP9leuSbYwOK0x4AaABAg,OFwYjgy2Nio,"One Nation, One Road Tax! 💵 #cars24",Cars24,State government ki bachi kuchi income bhi Kendra Sarkar. Soch samajh ke bola karo. Isko State subject soch samajh ke hi banaya tha. Aur ab desh me Sara vikas central government ke hatho se control hota ja raha hai jiski wajah se States handicapped ban rahe hai. Sara balance bigadh dala is 1 nation 1 ------- ne,2026-06-09T07:15:54Z,0,Neutral,0.7806611061096191,Neutral
UgxWg0nlPUM0jTPlBTh4AaABAg,OFwYjgy2Nio,"One Nation, One Road Tax! 💵 #cars24",Cars24,Road tax by Karnataka govt☠️,2026-05-27T18:37:05Z,0,Negative,0.8482142090797424,Negative
UgxmvbcbOfwAFUNwhNZ4AaABAg,OFwYjgy2Nio,"One Nation, One Road Tax! 💵 #cars24",Cars24,Jab Tak Government Ko Citizens ke jeb se jaise paise nikalne Vaise nikal kar rahegi Chahe jo karlo Puri Government he Chor Hai It’s being waste of living in India nd slogging ass for own self and giving 50% to government shameless Customs nd rules,2025-06-14T09:44:28Z,0,Negative,0.6467324495315552,Negative
UgyUg5mL-zOwGgFnpO14AaABAg,OFwYjgy2Nio,"One Nation, One Road Tax! 💵 #cars24",Cars24,Kya kya taam Jhaam kr rkha hai government ne lootne ke liye... Shame.,2025-12-02T09:37:06Z,0,Negative,0.8174828886985779,Negative
Ugy9XiM-8hYV8EmBfYx4AaABAg,OFwYjgy2Nio,"One Nation, One Road Tax! 💵 #cars24",Cars24,One tax lagu ho,2026-02-15T17:21:03Z,0,Neutral,0.6950271725654602,Neutral
UgxoZA4V3_sQzGhQktx4AaABAg,OFwYjgy2Nio,"One Nation, One Road Tax! 💵 #cars24",Cars24,"No point in discussing these things in India. As long as we have politicians who want to do freebie politics, any progressive law cannot be implemented. Half the states are not allowing BH registration for a few set of people, imagine allowing it for everyone 😂",2025-06-14T17:45:46Z,0,Negative,0.7408159971237183,Negative
UgwHGclrhthyRzCVOGd4AaABAg,OFwYjgy2Nio,"One Nation, One Road Tax! 💵 #cars24",Cars24,"If we ask for one road tax, those idiots in govt lose money rite ? Definitely they won't do it. Bcos they are Indian govt officials. They do what is bad for people.",2025-04-06T01:00:38Z,0,Negative,0.8833873867988586,Negative
Ugy1sbqUllZ7XcTw7VJ4AaABAg,OFwYjgy2Nio,"One Nation, One Road Tax! 💵 #cars24",Cars24,Let BJP first bring Petrol n Diesel under GST !,2024-12-11T15:07:27Z,0,Neutral,0.6663165092468262,Neutral
UgyfmU3dbztnUuk6SsB4AaABAg,OFwYjgy2Nio,"One Nation, One Road Tax! 💵 #cars24",Cars24,Road tax × gaddhe tax ✓,2025-09-07T15:42:12Z,0,Neutral,0.8049061298370361,Neutral
Ugw7ibyi7pzk9zcuJAp4AaABAg,OFwYjgy2Nio,"One Nation, One Road Tax! 💵 #cars24",Cars24,Why not pay road tax every year the vehicle is used rather than paying for 15 years at once? We don’t pay a kids lifetime income tax at the time of birth.,2026-06-23T14:13:52Z,0,Neutral,0.702031672000885,Neutral
Ugy7W33ajdgX4Uzc1Ft4AaABAg,OFwYjgy2Nio,"One Nation, One Road Tax! 💵 #cars24",Cars24,"Telangana govt just want money and taxes, and give only a fraction of it back to taxpayer. I have seen their little roads they think of them as highways 😂😂 , their little roads are just the size of a service lane in a normal delhi sector.",2026-04-22T04:15:49Z,0,Negative,0.7294648885726929,Negative
UgzkrOz9RhW6WvLUDZB4AaABAg,OFwYjgy2Nio,"One Nation, One Road Tax! 💵 #cars24",Cars24,"bas bolne mein kya jaata hai..one nation, one road tax! govt tho kisi ka sunta nahi hai",2025-08-13T12:52:54Z,0,Neutral,0.7131553292274475,Neutral
Ugz0PeWPPHWuPaboOfl4AaABAg,OFwYjgy2Nio,"One Nation, One Road Tax! 💵 #cars24",Cars24,"Ghanta rule banege yaha, pay tax get exploit by indian system",2025-12-24T16:06:48Z,1,Negative,0.6474402546882629,Negative
UgwvxOO_cqsvT61-qLZ4AaABAg,OFwYjgy2Nio,"One Nation, One Road Tax! 💵 #cars24",Cars24,Hona chahiye janta ko lutne k law bna rkhe hai,2026-07-25T16:24:05Z,0,Neutral,0.6699366569519043,Neutral
UgyEpeyMe-mHNWvcJ9J4AaABAg,OFwYjgy2Nio,"One Nation, One Road Tax! 💵 #cars24",Cars24,Roads🤡tax💀,2025-01-06T02:46:12Z,0,Negative,0.7515214085578918,Negative
Ugyvnh1DDwJX08W_g1h4AaABAg,OFwYjgy2Nio,"One Nation, One Road Tax! 💵 #cars24",Cars24,"India sirf lutna janta hai, regardless of what party is in the power atm, so much taxation for so little public services, infrastructure and more",2025-05-05T11:49:01Z,0,Negative,0.8318000435829163,Negative
UgzynudxTfhQG0SQDJF4AaABAg,OFwYjgy2Nio,"One Nation, One Road Tax! 💵 #cars24",Cars24,"Tax toh chahiye desh main , nahi toh Rapist ,murderer /criminal ko jail main free ka khana kaun khilayega ? Jo kaamchor log he 'maje se baccha paida kiya he ,, unlogo ko free ka ration kaun dega ?",2025-05-14T07:03:12Z,0,Neutral,0.5011482834815979,Neutral
UgxqnB-WgG6KpHNLQOh4AaABAg,OFwYjgy2Nio,"One Nation, One Road Tax! 💵 #cars24",Cars24,"But this would mean simplifying things, now we can't have this happen in India can we? What will all the babus waste their time on???",2024-10-28T05:24:33Z,0,Negative,0.8484982252120972,Negative
UgwH_LfFo0SPB7xwzIl4AaABAg,OFwYjgy2Nio,"One Nation, One Road Tax! 💵 #cars24",Cars24,"Caste based reservation quota se chalnewala desh ka kuch nahi honewala 😂😂😂😂, sabko loot chahiye tax ke nam pe",2025-11-11T18:25:15Z,0,Negative,0.6625692248344421,Negative
UgyrPK0hpZdfUSD61HR4AaABAg,OFwYjgy2Nio,"One Nation, One Road Tax! 💵 #cars24",Cars24,Mota bhai tax ki baat hi mate karo. Ye sarkar tax k dam pe toh chal rhi hai. Aam admi yuhi marta rahega.,2026-02-12T16:14:10Z,0,Neutral,0.7701871991157532,Neutral
Ugzd81iU7Rxa7LS9d2N4AaABAg,OFwYjgy2Nio,"One Nation, One Road Tax! 💵 #cars24",Cars24,Chorbazaari by government,2026-06-14T09:31:52Z,0,Neutral,0.49633949995040894,Neutral
UgwogR1D8UO1uxwArMJ4AaABAg,OFwYjgy2Nio,"One Nation, One Road Tax! 💵 #cars24",Cars24,Road tax/loot,2026-01-28T13:01:14Z,0,Neutral,0.8090764284133911,Neutral
UgykdKnoBG4LAlD6YhJ4AaABAg,OFwYjgy2Nio,"One Nation, One Road Tax! 💵 #cars24",Cars24,"Again, send our road tax money to poor states like UP and Bihar. No thanks, south india has beautiful roads because we earn and pay tax on time",2024-10-31T05:42:25Z,0,Negative,0.6116990447044373,Negative
UgzuKCE3RNle_NH7td14AaABAg,OFwYjgy2Nio,"One Nation, One Road Tax! 💵 #cars24",Cars24,Tax chodege kya yeh log,2024-11-06T03:23:10Z,0,Neutral,0.8036722540855408,Neutral
UgzXQWPp_w6NQX-CG694AaABAg,OFwYjgy2Nio,"One Nation, One Road Tax! 💵 #cars24",Cars24,Road tax lete hai par road thik nahi aur road repair karne vale bhi gawar hote hai road thik se nahi banate,2025-06-11T03:18:43Z,0,Neutral,0.7062356472015381,Neutral
UgxFnuIOJ2agPt6jb2l4AaABAg,OFwYjgy2Nio,"One Nation, One Road Tax! 💵 #cars24",Cars24,Karnataka is looting people.. Highest road tax in india.. & issue with bh,2025-05-30T07:32:42Z,0,Negative,0.9027314186096191,Negative
UgxU58P_nxQWznQhyT14AaABAg,OFwYjgy2Nio,"One Nation, One Road Tax! 💵 #cars24",Cars24,Telangana and Karnataka are bankrupt with the 3rd class government... They will do everything to make money,2026-02-16T15:50:55Z,0,Negative,0.7948048710823059,Negative
Ugybv7SkEqvO2Yi9RyV4AaABAg,OFwYjgy2Nio,"One Nation, One Road Tax! 💵 #cars24",Cars24,"India has such stupid and impractical rules..Govt is sleeping and is totally unaware of the problems, a common man has to face everyday",2026-06-03T07:50:29Z,0,Negative,0.9297852516174316,Negative
Ugze-_AyRLWzL816__B4AaABAg,OFwYjgy2Nio,"One Nation, One Road Tax! 💵 #cars24",Cars24,"Telengana govt is the most useless one, good choice people",2026-05-08T14:15:41Z,0,Negative,0.9527170658111572,Negative
Ugw78KB5DfJ7-k6agz14AaABAg,OFwYjgy2Nio,"One Nation, One Road Tax! 💵 #cars24",Cars24,"BJP is trying for one nation one tax, but pappu party creating resistance Nowadays People frequently travel from one state to another, road tax should be on Country level not state level, this will simplify movement also this add safety nobody will know which state ppl are travelling inside vehicle.",2025-10-06T18:17:49Z,0,Neutral,0.625234842300415,Neutral
UgwGX5PNTs4Llgao_jN4AaABAg,OFwYjgy2Nio,"One Nation, One Road Tax! 💵 #cars24",Cars24,The problem is that States governments won't allow,2024-11-03T17:04:53Z,0,Negative,0.7492566108703613,Negative
UgxlBaH33F9KuEiM2hh4AaABAg,OFwYjgy2Nio,"One Nation, One Road Tax! 💵 #cars24",Cars24,Mera opinion h one bharat one income (no tax),2025-05-31T07:51:35Z,0,Neutral,0.8606694936752319,Neutral
UgypCNWbm3uY_oWCOKB4AaABAg,GsN3N65IUSY,No Road Tax On Private Roads 💸 #cars24,Cars24,Bhai road tax dene ke baad itne road pe khadde hai Iska bhi govt ne road tax return karna chahiye,2025-09-07T09:04:38Z,1190,Neutral,0.764503002166748,Neutral
Ugyp-2v_5irVegMhSSN4AaABAg,GsN3N65IUSY,No Road Tax On Private Roads 💸 #cars24,Cars24,"Infact even if private vehicles do not run for say 2 years, even private car owners can apply for a prorated refund/exemption from Road Tax according to MV rules.",2025-09-07T23:26:26Z,40,Neutral,0.8544186353683472,Neutral
Ugz8oVSotl0wRxwfE014AaABAg,GsN3N65IUSY,No Road Tax On Private Roads 💸 #cars24,Cars24,"Same with the contractor when using their vehicles and heavy equipment—such as dumpers, poclains, rollers, pavers, and other machinery—within airport infrastructure works, as these are exempt from road taxes.",2025-09-07T16:05:15Z,128,Neutral,0.8847246766090393,Neutral
Ugy4HxPdIw0AOQt9OF54AaABAg,GsN3N65IUSY,No Road Tax On Private Roads 💸 #cars24,Cars24,"Even if u drive your vehicle in private space, WITHOUT RTO REGISTRATION: - No insurance claim - Cannot transfer ownership Govt. just has its ways to suck money out of us",2025-09-07T09:22:14Z,7,Negative,0.8195846676826477,Negative
UgxMP0kr3OR48kBifGJ4AaABAg,GsN3N65IUSY,No Road Tax On Private Roads 💸 #cars24,Cars24,We need to find a way to make cars not use private roads for travelling. Then we don't have to pay road tax. Eg: All private properties make a road in their property connecting other private properties. 😅,2025-09-07T09:52:55Z,7,Neutral,0.6480738520622253,Neutral
Ugyv7lm7xVSIwr3176N4AaABAg,GsN3N65IUSY,No Road Tax On Private Roads 💸 #cars24,Cars24,"So if there's a private township like Lavasa, will the cars being used just inside the township be liable for road tax?",2025-09-07T08:36:57Z,73,Neutral,0.8903241157531738,Neutral
UgzXGKvf1_t4G29LYtB4AaABAg,GsN3N65IUSY,No Road Tax On Private Roads 💸 #cars24,Cars24,"not just tax. Multiple regulation those are required to make a vehicle road legal, are not necessary to maintain if the vehicle doesn't go to public road.",2025-09-08T06:04:15Z,4,Neutral,0.6159712672233582,Neutral
UgzqpNR9NGRitu-2Gmh4AaABAg,GsN3N65IUSY,No Road Tax On Private Roads 💸 #cars24,Cars24,❤ very informative Mota bhai campers cars like bolero camper Hilux type cars par video bnao ❤📌📌 😅Or ha guys wo paise lawyer ke pass h kyuki 22lakh lawyer ki fees hogyi etne din case ladne ki or etne par bonus alag se liya h 🤧🥹🤣,2025-09-07T08:37:51Z,12,Positive,0.8378536105155945,Positive
UgwGBhOksG-oiKwwLsh4AaABAg,GsN3N65IUSY,No Road Tax On Private Roads 💸 #cars24,Cars24,"Road Tax, Toll Tax, Income Tax, Good and services Tax aur 50 tarah se aur taxes dene ke baad bhi India me tute fute roads hi milte hai. Scam country 🤦‍♂️🤦‍♂️🤦‍♂️",2025-09-09T08:07:37Z,1,Negative,0.7307787537574768,Negative
Ugz1iPiS1BTKfW2P66R4AaABAg,GsN3N65IUSY,No Road Tax On Private Roads 💸 #cars24,Cars24,Aur lawyer ki fees 25 lakh 😂,2025-09-29T19:36:05Z,0,Neutral,0.7330042719841003,Neutral
Ugxrfq9acOL9FoUYp2B4AaABAg,GsN3N65IUSY,No Road Tax On Private Roads 💸 #cars24,Cars24,"कहानी बहुत उपयोगी है, आपने ये नहीं बताया कि इन ट्रकों का registration rto में आवश्यक है या नहीं l",2025-10-30T08:34:21Z,0,Neutral,0.7803683876991272,Neutral
Ugy3QFkNPbALYVpS3cF4AaABAg,GsN3N65IUSY,No Road Tax On Private Roads 💸 #cars24,Cars24,They have for sure spent more than 22 lakhs for supreme court lawyer fees for this case .,2025-09-07T09:55:43Z,0,Negative,0.4763263463973999,Negative
UgzmbRFWRqkfpL3lqVZ4AaABAg,GsN3N65IUSY,No Road Tax On Private Roads 💸 #cars24,Cars24,Superb case law,2025-09-09T18:31:18Z,0,Positive,0.9527290463447571,Positive
Ugy0uTfqYuZMQ7EjB6x4AaABAg,GsN3N65IUSY,No Road Tax On Private Roads 💸 #cars24,Cars24,Itne complex laws bantey hee isliye hain taki courts k logon salary aur advocates ki income hi sakey......,2025-11-02T06:08:05Z,0,Neutral,0.6764923334121704,Neutral
UgxkNLHcsNHyvWMEe3B4AaABAg,GsN3N65IUSY,No Road Tax On Private Roads 💸 #cars24,Cars24,Yahan to backhoe loader ( JCB?) dhadalle se road par chalti hai aur ye tax bhi nai dena padta.,2025-09-10T02:26:45Z,0,Neutral,0.7762876749038696,Neutral
UgxmcJY09nnG74LBQX14AaABAg,GsN3N65IUSY,No Road Tax On Private Roads 💸 #cars24,Cars24,Or jo bhia public roads road jaise dikhte hi nhin. Jahan normal gaadi chalana bhi off-road ka feel dede. Wahan bhi poora tax kyun dein ?,2025-09-07T09:01:38Z,1,Neutral,0.7400153875350952,Neutral
UgwcedeQYxVxDgkf45p4AaABAg,GsN3N65IUSY,No Road Tax On Private Roads 💸 #cars24,Cars24,Point to notice division court judges are reading law books from mars,2025-10-16T02:27:37Z,0,Neutral,0.7797914147377014,Neutral
Ugz1B1QTtWi80pXzgUJ4AaABAg,GsN3N65IUSY,No Road Tax On Private Roads 💸 #cars24,Cars24,The lawyer fees at the end would have equalled the tax amount,2025-09-22T16:25:03Z,0,Neutral,0.6698790788650513,Neutral
UgyiqTzmcAZVnZW58QR4AaABAg,GsN3N65IUSY,No Road Tax On Private Roads 💸 #cars24,Cars24,"We pay road tax, toll , gst , insurance, cess , and tax on petrol...but still we have to drive on potholes road😢😢",2025-09-09T05:14:43Z,0,Negative,0.800143837928772,Negative
UgwozOMPjFEJrXvpTVR4AaABAg,GsN3N65IUSY,No Road Tax On Private Roads 💸 #cars24,Cars24,"phir to income tax bhi compensatory hai, and i always pay separately for all things including GST so all facilities being enjoyed by me is privately acquired through payment. then income tax bhi free hona chahiye",2025-09-08T15:50:08Z,0,Neutral,0.7919937968254089,Neutral
UgxnMO8qIX0QEzEwOxV4AaABAg,GsN3N65IUSY,No Road Tax On Private Roads 💸 #cars24,Cars24,22lakhs saved by paying 40 lakhs fees to lawyers in high and supreme courts,2025-09-09T17:12:09Z,0,Neutral,0.7002540230751038,Neutral
UgxaORM5UJSYPkoNoRV4AaABAg,GsN3N65IUSY,No Road Tax On Private Roads 💸 #cars24,Cars24,Meanwhile toll Tax :- mai kya jhak marane aya hu 😂,2025-09-14T03:59:00Z,0,Neutral,0.6179821491241455,Neutral
UgyZsAt8NAVQdOq521V4AaABAg,GsN3N65IUSY,No Road Tax On Private Roads 💸 #cars24,Cars24,"But the vehicles used the state road to reach the premises of the company So either they must be transported over another vehicle to their premises Or for using public infrastructure they must be charged with Taxes, but very nominal for single use Or the complete unit must be assembled in the company premises only",2025-09-11T11:21:23Z,0,Neutral,0.8150805234909058,Neutral
UgxZVcONzYYxe6Jz6ZN4AaABAg,GsN3N65IUSY,No Road Tax On Private Roads 💸 #cars24,Cars24,Yes.. but Sad thing is RINL (Rastriya Ispat Nigam Ltd) is a PSU and other party is State govt. So both side legal fees are paid with Taxpayer's pocket? .. I may be wrong as Tara Chand logistics might have fought their own case without RINL.. not sure though,2025-09-08T17:19:23Z,0,Negative,0.6044284701347351,Negative
Ugxm3lpYJNta1BPC-_F4AaABAg,GsN3N65IUSY,No Road Tax On Private Roads 💸 #cars24,Cars24,Mera gaon me road nahi he par gadi liya to tax le liya😂😂,2025-09-09T02:44:11Z,13,Neutral,0.655085027217865,Neutral
UgwKIwnSrtVGlTrn4et4AaABAg,GsN3N65IUSY,No Road Tax On Private Roads 💸 #cars24,Cars24,22 lakh ke liye Andhra Government ne Lawyer fees me 1 cr+ kharcha kar diya hoga 😂,2025-09-10T17:54:37Z,0,Neutral,0.76569002866745,Neutral
UgyauSnEP5Gj1Zpy0i54AaABAg,GsN3N65IUSY,No Road Tax On Private Roads 💸 #cars24,Cars24,This only applies if you can pay for expensive lawyers,2025-09-07T16:52:05Z,0,Neutral,0.48190271854400635,Neutral
UgyE4pjxRqeiyd-6JjF4AaABAg,GsN3N65IUSY,No Road Tax On Private Roads 💸 #cars24,Cars24,Bhai ek question he gr Mai ek bahut badi 5 star hotel ka owner hu Or Mai sib gadiya hotel ke andar hi customers ko ek jagah se leke dusre jaga Jane ke liye use karta hu Tohujhe tax Dena padega ya Nahi Or ye baat road tax ki Hai kya joh gadi kharidi te Tim lagta he,2025-10-29T11:13:03Z,1,Neutral,0.8015138506889343,Neutral
UgzFod7-CqiBoJllkUN4AaABAg,GsN3N65IUSY,No Road Tax On Private Roads 💸 #cars24,Cars24,Only Judiciary can save us from Tyranny of Government,2025-10-21T12:15:27Z,0,Neutral,0.5078803896903992,Neutral
Ugxs67BSPtSsIz-JUXB4AaABAg,GsN3N65IUSY,No Road Tax On Private Roads 💸 #cars24,Cars24,"Road tax to use karne k pahle hi le liya jata hai. Fir pvt road pe chale ya public, kya fark padta hai?😢",2025-09-07T08:46:20Z,4,Negative,0.6696286797523499,Negative
Ugzk7aBHVB21TQUDUUF4AaABAg,GsN3N65IUSY,No Road Tax On Private Roads 💸 #cars24,Cars24,"Is udaharan se hamara bhai ko bhi tax nahi dena padega, wo road chodke footpath par chala raha tha",2025-09-10T15:28:22Z,0,Neutral,0.7843163013458252,Neutral
UgzjBjvVWeR32nzq_1B4AaABAg,GsN3N65IUSY,No Road Tax On Private Roads 💸 #cars24,Cars24,"Ab bs ye ruling sunna baqi h k road ki condition, safety aur security k hisab se hi tax wasoola jayega... Warna utle govt hi citizens ko pay karegi aise roads pe apni jaan jokhim me daal k gadi chalane pr.",2025-09-21T17:54:05Z,0,Neutral,0.5917456746101379,Neutral
UgxnN0gKQX-ilSwILfF4AaABAg,GsN3N65IUSY,No Road Tax On Private Roads 💸 #cars24,Cars24,What about registration? Karna padega ya nahi?,2025-09-08T14:59:05Z,0,Neutral,0.8579549193382263,Neutral
UgzLgUsuJ4pXadlnRd14AaABAg,GsN3N65IUSY,No Road Tax On Private Roads 💸 #cars24,Cars24,"What if it has to go for servicing, it has to use public roads, also while resale no one ll buy it as the person who buys it has to pay the accumulating tax 😂.",2025-09-10T03:50:30Z,0,Negative,0.6196116209030151,Negative
UgyGLLrRlnG4yVm3SZZ4AaABAg,GsN3N65IUSY,No Road Tax On Private Roads 💸 #cars24,Cars24,"Or toll bhi legega.. gst, road tax, registration, etc etc",2025-09-07T09:40:18Z,0,Neutral,0.8042336106300354,Neutral
UgwB1U9QgIjY_Q_p4LV4AaABAg,GsN3N65IUSY,No Road Tax On Private Roads 💸 #cars24,Cars24,Tractor Agriculture Farm mai use Kiya to same rule apply ho sakta hai kya ?,2025-09-08T14:20:02Z,0,Neutral,0.8590927124023438,Neutral
Ugz9Ubql2CKvV8jUsT14AaABAg,GsN3N65IUSY,No Road Tax On Private Roads 💸 #cars24,Cars24,"😂 everybody is giving there openion its good afterall but the main thing is that who had seen that the vehicles runs only in the previnces. there must be some proof afterall, then everynext one will try to says the same and they all would want tax exemption from the goverment or RTO.Basically its happens only when the vehicle is registered under any Firm or cooperate project company nor any indivudual and they have to provide the gst form 16 and firm Pan. even when the vehicle is registerd at the time of TCR it should be underight from the RTO -mvi techinical officer to register the vehicle in tax exempted condition of the vehicle category",2025-10-06T17:24:26Z,0,Neutral,0.6314874887466431,Neutral
UgztgqPr7Y9t45R1xs94AaABAg,GsN3N65IUSY,No Road Tax On Private Roads 💸 #cars24,Cars24,Sir a question ❓ if I want to buy a car or a vehicle for decoration of our ownd land so I don't want to pay rod tax? Please tell me ❤,2025-09-07T16:49:08Z,1,Neutral,0.810099184513092,Neutral
Ugy_TK_Lt14eMnvjjup4AaABAg,GsN3N65IUSY,No Road Tax On Private Roads 💸 #cars24,Cars24,Truck service centres ke liye bahar nikle honge to tax kyu nahi lagega😅,2025-09-27T03:17:37Z,0,Neutral,0.7411931157112122,Neutral
UgyWxUa0-YEgWrS_RQd4AaABAg,GsN3N65IUSY,No Road Tax On Private Roads 💸 #cars24,Cars24,"As per new gst, 350 cc bike leke ghar me sajana hai",2025-09-07T19:12:47Z,0,Neutral,0.8767886757850647,Neutral
Ugy1DX7J2DboQ4Pdn4h4AaABAg,GsN3N65IUSY,No Road Tax On Private Roads 💸 #cars24,Cars24,To rto me registration kese hoga,2025-09-07T17:53:47Z,0,Neutral,0.8222483992576599,Neutral
UgyhsWE4rKQNha5a9cB4AaABAg,GsN3N65IUSY,No Road Tax On Private Roads 💸 #cars24,Cars24,Mere hot wheels ki cars par tax lagne se bach gaya,2025-09-07T11:00:49Z,0,Neutral,0.7563002705574036,Neutral
UgwnCquamVwVlz6ZeGx4AaABAg,GsN3N65IUSY,No Road Tax On Private Roads 💸 #cars24,Cars24,Morning equipments and forklift pe bhi tax refund milega Kya,2025-09-08T12:32:45Z,0,Neutral,0.8293439745903015,Neutral
UgwRBd3rzpAyVT7dT3B4AaABAg,GsN3N65IUSY,No Road Tax On Private Roads 💸 #cars24,Cars24,Hamari gadi public roads pe chalebhi tobhi tax kya potholes ka dekya,2025-09-09T15:20:33Z,0,Neutral,0.5138434767723083,Neutral
UgwAEzfY8d9XNPYZvRF4AaABAg,GsN3N65IUSY,No Road Tax On Private Roads 💸 #cars24,Cars24,road tax to truck kkridne time hi pay krna pdta h na like cars. plz explain ye konsa tax ki baat ho rhi h,2025-09-10T15:52:45Z,0,Neutral,0.6322299838066101,Neutral
UgxfIOvuyvQ60A9ow6d4AaABAg,GsN3N65IUSY,No Road Tax On Private Roads 💸 #cars24,Cars24,Case ladne ke liye jitna Paisa or time laga...uska bharpai kon karega..? ?? Public ka mehnat ka tax wala paisa ...ya fir RTO ke karmchari apni pocket se...,2025-09-11T12:17:12Z,0,Neutral,0.722339928150177,Neutral
UgxOLDrR9k2MxVXQqWx4AaABAg,GsN3N65IUSY,No Road Tax On Private Roads 💸 #cars24,Cars24,What about registration ?,2025-09-07T11:52:32Z,0,Neutral,0.9190177917480469,Neutral
UgzIdfR5H4O-1KUC4ot4AaABAg,GsN3N65IUSY,No Road Tax On Private Roads 💸 #cars24,Cars24,excavator kabhi bhi road ka use nahi krti Kya us pr bhi road tax nahi lagega ? Please reply,2025-09-08T09:25:48Z,0,Neutral,0.7434970736503601,Neutral
Ugwj2AJ31w9skxmTqxR4AaABAg,GsN3N65IUSY,No Road Tax On Private Roads 💸 #cars24,Cars24,"Tractor who never seen road , will be applicable??",2025-09-11T03:25:11Z,0,Neutral,0.7669209241867065,Neutral
Ugx9AHzib1MP0optAyF4AaABAg,GsN3N65IUSY,No Road Tax On Private Roads 💸 #cars24,Cars24,Andhra has different RTO rules within state. If you have BH number series then they will impound the vehicle & ask to pay additional tax.,2025-09-09T14:57:02Z,0,Neutral,0.6842681169509888,Neutral
Ugylkkz6zdnTZWb_NiZ4AaABAg,GsN3N65IUSY,No Road Tax On Private Roads 💸 #cars24,Cars24,"In this case tax payers are at loss because the government spent legal fees from our pocket for nothing. The logistics company must have spent the same or more amount to fight this case over years and over courts.😢 The government should not leave the law vague and to private parties interpretation, and then run behind them. Same happens in income tax and GST also. Where the government doesn’t win in all cases and money is spent by defendants because the law was not clear",2025-09-07T12:38:47Z,0,Negative,0.8849710822105408,Negative
UgyJWIOdqlmhJpG1MwN4AaABAg,GsN3N65IUSY,No Road Tax On Private Roads 💸 #cars24,Cars24,"Aur agar ye truck kisi trailer pe rakh transport ho raha hai toh , tax lagega kya nahi, what i think transport pe chalan aayega (receipt) that i know but ye truck as a product tranport hoga na Am i right or is there something which i am missing or I'm wrong.. Please clear Thank you",2025-09-08T09:54:47Z,0,Neutral,0.7856965065002441,Neutral
UgzGQrxpvEQ6BaRi8Dp4AaABAg,GsN3N65IUSY,No Road Tax On Private Roads 💸 #cars24,Cars24,So as per this a farmer's tractor is also exempted from road tax because mostly they will use in there farms or land.is it like this?,2025-09-07T19:46:30Z,0,Neutral,0.8860809206962585,Neutral
UgyB0s4UAe4K9mJtkH94AaABAg,GsN3N65IUSY,No Road Tax On Private Roads 💸 #cars24,Cars24,Government should remove the road tax if it wants to collect toll tax. Otherwise remove toll tax. Why collect multiple times in different names.,2025-10-28T02:19:16Z,0,Neutral,0.5838193893432617,Neutral
UgyQNK0fw9XMGXo8Q1N4AaABAg,GsN3N65IUSY,No Road Tax On Private Roads 💸 #cars24,Cars24,22 Lakhs saved.. how much paid to lawyers? 😂,2025-09-10T17:30:06Z,0,Neutral,0.6381359696388245,Neutral
UgzLtv1YnRt3tdOrFJR4AaABAg,GsN3N65IUSY,No Road Tax On Private Roads 💸 #cars24,Cars24,Individual person road tax kese pay krta hai....🤔? ➡️by toll tax?,2025-09-07T19:30:10Z,0,Neutral,0.8768332004547119,Neutral
UgzsqZCDCeOfJOzhaLJ4AaABAg,GsN3N65IUSY,No Road Tax On Private Roads 💸 #cars24,Cars24,Toll tax bhi lenge road tax bhi lenge waah,2025-10-26T14:26:06Z,0,Neutral,0.7117344737052917,Neutral
UgzOar_IWdDze4URMLN4AaABAg,GsN3N65IUSY,No Road Tax On Private Roads 💸 #cars24,Cars24,*i own a Ducati & Kawasaki Litre Class racing motorcycle which I only use on track. I didn't have to pay any Road Tax !* 🥂,2025-09-07T09:58:38Z,1,Positive,0.8523941040039062,Positive
UgwmDqRd1Pn8c_TKa5R4AaABAg,GsN3N65IUSY,No Road Tax On Private Roads 💸 #cars24,Cars24,Matlab Helicopter k liye koye tax nehi lagega😅,2025-09-07T13:53:50Z,0,Neutral,0.7763397097587585,Neutral
Ugz6XrdXs4bPBqPf4ZZ4AaABAg,GsN3N65IUSY,No Road Tax On Private Roads 💸 #cars24,Cars24,Zaheel government hone se to tax lagayenge but good justice of supreme court,2025-09-11T18:03:24Z,0,Neutral,0.5237874984741211,Neutral
Ugzcj7W13Xl_DXLJTvd4AaABAg,GsN3N65IUSY,No Road Tax On Private Roads 💸 #cars24,Cars24,Now buy a car and drive it on your own lawn ( buy car according to the size of your lawn and if you don't have any lawn then forget buying a car) Now you can dodge road taxes💯,2025-09-08T13:50:37Z,0,Neutral,0.5543897151947021,Neutral
UgxWpOuH3LMl68BI5Vx4AaABAg,GsN3N65IUSY,No Road Tax On Private Roads 💸 #cars24,Cars24,"Ye kya baat hui..?? If I'm not commuting by metro, mai tax nhi dunga",2025-09-09T09:28:53Z,0,Neutral,0.6064339280128479,Neutral
UgxIvMhtqEoYyh7yuwN4AaABAg,GsN3N65IUSY,No Road Tax On Private Roads 💸 #cars24,Cars24,Matlab flying cars pe road tax nhi lagega 😃😃,2025-09-07T17:33:21Z,0,Neutral,0.7617506384849548,Neutral
UgxGwp0Vrin2q1vETup4AaABAg,GsN3N65IUSY,No Road Tax On Private Roads 💸 #cars24,Cars24,Why to register truck with govt? If you are using in private premises use it without number 😮‍💨,2025-10-12T14:32:53Z,0,Neutral,0.5329676866531372,Neutral
Ugyta4fM-kOo7twBoMl4AaABAg,GsN3N65IUSY,No Road Tax On Private Roads 💸 #cars24,Cars24,Mera ek doubt hai Jab truck purchase hua ho ga to without road Tax registration kase ho ga it's mean phela tax do then case kro,2025-09-12T02:10:32Z,0,Neutral,0.6644294857978821,Neutral
Ugw5yWlWKmX0FQEh7F54AaABAg,GsN3N65IUSY,No Road Tax On Private Roads 💸 #cars24,Cars24,Idiocracy of Government officials make people chase justice in courts,2025-09-09T08:13:40Z,0,Negative,0.7907382845878601,Negative
UgyXt-ivoVkpmDMGiGl4AaABAg,GsN3N65IUSY,No Road Tax On Private Roads 💸 #cars24,Cars24,Public roads bhi theek to karwaye government tax lene k baad bhi,2025-11-05T03:36:45Z,0,Neutral,0.6933577060699463,Neutral
UgwYt46zsSA8H9xAAgt4AaABAg,GsN3N65IUSY,No Road Tax On Private Roads 💸 #cars24,Cars24,Lawyer fee 20L 😅,2025-09-12T19:26:38Z,0,Neutral,0.7583236694335938,Neutral
Ugw-n2m4dido-_aGX394AaABAg,GsN3N65IUSY,No Road Tax On Private Roads 💸 #cars24,Cars24,So why are taking toll tax if one time tax given at the time of purchasing vehicle,2025-09-14T09:39:15Z,0,Neutral,0.7971041798591614,Neutral
Ugyme-8npUw0SZZ59qF4AaABAg,GsN3N65IUSY,No Road Tax On Private Roads 💸 #cars24,Cars24,Lifetime tax ke bina koi gaadi pass hi nahi hoti RTO se phir option hi kahan rehta hai private farm mein chalaoge ya roads par?,2025-10-27T11:25:50Z,0,Neutral,0.811363697052002,Neutral
UgzRworDjxuDwCy0xGJ4AaABAg,GsN3N65IUSY,No Road Tax On Private Roads 💸 #cars24,Cars24,So all the airline buses plying inside airports.. they don't pay any tax for them?,2025-09-08T19:09:26Z,0,Neutral,0.661382794380188,Neutral
UgydIoIxsxya0AGHq8R4AaABAg,GsN3N65IUSY,No Road Tax On Private Roads 💸 #cars24,Cars24,Simple logic of govt. If you are rich then you don't need to pay Tax. Taxes are only for poor & middle class.,2025-09-08T04:16:57Z,0,Neutral,0.6272284984588623,Neutral
Ugxj4BbXVFkHZNswBWx4AaABAg,GsN3N65IUSY,No Road Tax On Private Roads 💸 #cars24,Cars24,"then everyone living in major cities must get back their road tax. Public roads are not worth calling a road. So all are driving on raw land, not road.",2025-09-08T06:37:13Z,0,Negative,0.7870125770568848,Negative
UgyYkznS9HMae6lG3qt4AaABAg,GsN3N65IUSY,No Road Tax On Private Roads 💸 #cars24,Cars24,"Jis tarah se apni govt loot macha rahi hai, kal ko video game ke andar ke vehicles par bhi tax laga degi",2025-09-07T12:42:04Z,0,Negative,0.5525520443916321,Negative
Ugxnh8uU6zTIryplG_Z4AaABAg,GsN3N65IUSY,No Road Tax On Private Roads 💸 #cars24,Cars24,Tractor khareed lena chahiye uspe likho keval krishi karya hetu aur mast chalaao koi 10 year / 15 year rule nahi 😂,2025-09-07T10:42:10Z,0,Neutral,0.8102750778198242,Neutral
UgyQ_mdV58yLJVU0M394AaABAg,GsN3N65IUSY,No Road Tax On Private Roads 💸 #cars24,Cars24,"Can we build our own roads to skip tax, oh wait roads are already build with our tax still paying more tax 😂",2025-09-08T05:07:28Z,0,Neutral,0.5303384065628052,Neutral
Ugzd5h7neG4xIOd3Hyd4AaABAg,GsN3N65IUSY,No Road Tax On Private Roads 💸 #cars24,Cars24,Or road par gadha ho to tax refund milta h kya bro,2025-09-10T07:28:00Z,0,Neutral,0.8033567070960999,Neutral
UgzESxpCey5qUmRGyx14AaABAg,GsN3N65IUSY,No Road Tax On Private Roads 💸 #cars24,Cars24,Problem is even after supreme court verdict getting Money back from govt is a herculean task. This is india 😂,2025-09-07T12:19:53Z,0,Negative,0.6630653142929077,Negative
Ugw08Y724bGkSVBb8Sh4AaABAg,GsN3N65IUSY,No Road Tax On Private Roads 💸 #cars24,Cars24,Jab road tax de rhe to fir toll tax kyo ??,2025-09-16T17:54:29Z,0,Neutral,0.8535770773887634,Neutral
Ugxw9t7a77eb_4l0K3V4AaABAg,GsN3N65IUSY,No Road Tax On Private Roads 💸 #cars24,Cars24,Aur lawyers ki fees kitni thi? 75 lac,2025-09-08T14:24:31Z,0,Neutral,0.7673971056938171,Neutral
UgzG5_XEnEM8A5wtd2J4AaABAg,GsN3N65IUSY,No Road Tax On Private Roads 💸 #cars24,Cars24,"Good example , , , , , , powerfull people used law own benifits.. hame kiya , karna , maroo",2025-09-07T18:23:54Z,0,Positive,0.7879611253738403,Positive
UgxOJCEF2_r4itYcQHt4AaABAg,GsN3N65IUSY,No Road Tax On Private Roads 💸 #cars24,Cars24,Airport bus to taxi way,2025-09-10T15:55:26Z,0,Neutral,0.8765050172805786,Neutral
Ugy0QO3-v_ITLA4NDS14AaABAg,GsN3N65IUSY,No Road Tax On Private Roads 💸 #cars24,Cars24,So if someone buy land to build dirt track for private use and buy vehicle to only use in that area so person didn't have to pay tax ?,2025-09-11T05:49:14Z,0,Neutral,0.7525938749313354,Neutral
Ugw9f1cKGXPPK1Zfoex4AaABAg,GsN3N65IUSY,No Road Tax On Private Roads 💸 #cars24,Cars24,"So if i get a boy for track day only or a car for the same , i can skip the taxes in some sort of way ? 😅",2025-09-08T01:53:41Z,0,Neutral,0.8514702320098877,Neutral
UgyAgb6UJJ4fn9uf5BF4AaABAg,GsN3N65IUSY,No Road Tax On Private Roads 💸 #cars24,Cars24,So I bought a luxury car (in my dream) in my own privately owned farmhouse (also in my dream) and used only that place then I don't need to pay any of that tax?,2025-09-13T05:42:31Z,0,Neutral,0.7259843349456787,Neutral
Ugx81G3S9p-HlZzeI7V4AaABAg,GsN3N65IUSY,No Road Tax On Private Roads 💸 #cars24,Cars24,"By this law, toll fee is illegal",2025-09-08T13:39:56Z,0,Negative,0.6217972040176392,Negative
UgwtmldWTp7gMQbKQ5l4AaABAg,GsN3N65IUSY,No Road Tax On Private Roads 💸 #cars24,Cars24,"then incase i take 16 year old car from delhi, re-register in mumbai and just park it in parking , then no road tax???",2025-09-16T12:47:47Z,0,Neutral,0.8151138424873352,Neutral
UgxC0pAn3M97buYHXM54AaABAg,GsN3N65IUSY,No Road Tax On Private Roads 💸 #cars24,Cars24,Do army/MOD vehicles have also paid road taxes?,2025-09-07T15:17:17Z,0,Neutral,0.8961952328681946,Neutral
UgwJlYWY7PmGTN2fOzF4AaABAg,GsN3N65IUSY,No Road Tax On Private Roads 💸 #cars24,Cars24,Fir Toll tax kyon lete hai fir ye ?,2025-09-08T05:09:39Z,0,Neutral,0.8518437743186951,Neutral
UgwnpRPOh--hhmG0HaJ4AaABAg,GsN3N65IUSY,No Road Tax On Private Roads 💸 #cars24,Cars24,"So, a funny question. Suppose the vehicles inside big factories like Reliance township in jamnagar, mundra plant of adani, Tata plant of pune, the ones which require cars to travel from one end to another. They don't need to pay tax at all ? Not even municipality tax ?",2025-09-07T12:21:00Z,1,Neutral,0.769012987613678,Neutral
UgxrC1z8NV5frGPpQJl4AaABAg,GsN3N65IUSY,No Road Tax On Private Roads 💸 #cars24,Cars24,Road tax ke sath toll tax donon kyon dena?,2025-09-07T20:17:18Z,0,Neutral,0.7964212894439697,Neutral
UgwEoR3LdAwA9lC0pg54AaABAg,GsN3N65IUSY,No Road Tax On Private Roads 💸 #cars24,Cars24,So if I pay tax and don’t get any benefits then I can reclaim my tax money 🤯🤯 Mai bhi chala ek case karne I guess sabko karma chahaye,2025-09-10T03:30:55Z,0,Negative,0.5741655230522156,Negative
UgxYLzgOWy2vRZltQPZ4AaABAg,GsN3N65IUSY,No Road Tax On Private Roads 💸 #cars24,Cars24,Hum apni Car sirf aangan me hi chalayenge bina Tax me kharidne do,2025-09-08T16:58:23Z,0,Neutral,0.7543241381645203,Neutral
UgyC1BuGtxK59hB-SIV4AaABAg,GsN3N65IUSY,No Road Tax On Private Roads 💸 #cars24,Cars24,How and who will monitor that those truck never go on roads? Its logical and right policy to recover tax as these trucks will touch government/state road someday and no one is going to pay tax once they use public infrastructure.,2025-09-07T18:41:46Z,0,Neutral,0.6049752831459045,Neutral
Ugzqnu5rZ8-cYUYrhLl4AaABAg,GsN3N65IUSY,No Road Tax On Private Roads 💸 #cars24,Cars24,Jab road tax dete hai to toll tax Kyu?,2025-09-07T13:59:12Z,0,Neutral,0.8203916549682617,Neutral
UgwZCYqzI27wxotDUJB4AaABAg,GsN3N65IUSY,No Road Tax On Private Roads 💸 #cars24,Cars24,Aise me toh mere se kyu tax lete h inlog mai toh ghddo me chlta h road me thodi.. wr bhi use ni krta or jaha krta hu vo jagh toh private cafes or building hoti h😒 fir bhi mere se tax lete h hr chiz pe,2026-02-09T21:57:21Z,0,Neutral,0.5778266787528992,Neutral
Ugwgmi7KzUrjI9XLZax4AaABAg,GsN3N65IUSY,No Road Tax On Private Roads 💸 #cars24,Cars24,"Meri gaadi gaanv me chlti h jha par road hi mitti ki h , to road tax kyu lete ho .... Saal me 2 bar road par gya or tax diya 1 saal ka ???",2025-09-09T13:49:22Z,0,Neutral,0.7520169615745544,Neutral
UgwXZ4BWZEP68JrQNI54AaABAg,GsN3N65IUSY,No Road Tax On Private Roads 💸 #cars24,Cars24,Aur tax bharne ke baad bhi public road gaadi chalane layak tak na ho tab? Kya ministers ko gaali dena allowed hai kya?,2025-09-10T16:14:27Z,0,Neutral,0.6722649335861206,Neutral
Ugw2O6d3CoAVmkJqjHl4AaABAg,GsN3N65IUSY,No Road Tax On Private Roads 💸 #cars24,Cars24,"If road tax, road pe chalne k liye hai,then why are pe paying Toll tax, if we already paid lakhs of rupees as road tax,while buying our vehicles 🥲",2025-10-04T06:18:25Z,0,Negative,0.48887619376182556,Negative
Ugx3YT3dvdQyQjF6eb14AaABAg,GsN3N65IUSY,No Road Tax On Private Roads 💸 #cars24,Cars24,What tax are we talking about? Road tax?,2025-10-22T05:13:57Z,0,Neutral,0.7752480506896973,Neutral
UgzWZyYJ6mZGWPlObft4AaABAg,GsN3N65IUSY,No Road Tax On Private Roads 💸 #cars24,Cars24,Road tax lete hai toh Toll Tax kahe lete hai fir ?,2025-09-08T19:15:27Z,0,Neutral,0.8384995460510254,Neutral
UgzhhIGuBvFkmGu7Sid4AaABAg,GsN3N65IUSY,No Road Tax On Private Roads 💸 #cars24,Cars24,"How to create challans to the govt for bad public roads.? . . . . . . . Padke mazak laga na?? ... . . .thoda sochke dekho, aap khub hi mazak ban chuke ho... 28% gst + cess on car + 50% tax on fuel + road tax + toll tax + govt policy to make your car go bad by sudden jump of ethanol blended fuel without providing customers a choice for e10 or e20 + cutting-edge edge technologies for issuing tolls and challans so that money can be auto debited directly from your account. BUT aap ek refund mangne jaoge to supreme court jana padega... .",2025-09-08T20:43:24Z,0,Negative,0.7395980954170227,Negative
UgxvdGIlPOoO6x47nuN4AaABAg,GsN3N65IUSY,No Road Tax On Private Roads 💸 #cars24,Cars24,"Road tax deke bhi konsa teer maar liya, chala to gaddhon me hi rahe h",2025-09-07T14:10:10Z,0,Neutral,0.7136501669883728,Neutral
UgywoRxTSXBa4JKKluB4AaABAg,GsN3N65IUSY,No Road Tax On Private Roads 💸 #cars24,Cars24,Ese toh road tax hame bhi nhi dena chahiye kyuki road toh h hi nhi gadde me gaadi chalne ka konsa tax?,2025-09-07T09:51:14Z,0,Neutral,0.7620101571083069,Neutral
Ugw9Q7sTvuet8QgzP7p4AaABAg,GsN3N65IUSY,No Road Tax On Private Roads 💸 #cars24,Cars24,Arrey but Tax to gaadi kharidte waqt hi liya jata hai na (RTO tax) which is already included in the price while purchasing.. to baad mein decide kaise ho sakta hai tax pay karna hai ki nahi road pe chalegi ki nahi?? plz correct me!!,2025-09-07T13:08:57Z,0,Neutral,0.6050625443458557,Neutral
UgwIGlraNX-XYgbl5jh4AaABAg,GsN3N65IUSY,No Road Tax On Private Roads 💸 #cars24,Cars24,Koi illetratre babu ne tax notice issue Kiya hoga😂😂😂,2025-09-07T10:12:04Z,0,Neutral,0.6630867123603821,Neutral
UgyGjtgiJBYb3is3G3d4AaABAg,GsN3N65IUSY,No Road Tax On Private Roads 💸 #cars24,Cars24,DL 10 CL Honda City customer defame your services cars24 why car24 grab his money now no customer care of 24 listen him,2025-10-16T12:17:49Z,0,Negative,0.9163610339164734,Negative
Ugxj_ovPoQUNkXNljlh4AaABAg,GsN3N65IUSY,No Road Tax On Private Roads 💸 #cars24,Cars24,"It was the time when YSRCP Government came into the power and the CM YSR Jagan Mohan Reddy was the worst CM, he looted each and every available government treasuries, gave MOUs like pickle, sea food, road side vendors instead of some potential tender opportunities. His MLAs got caught several of them siding the ration rice which was allocated to the poor, tourism minister got caught for their scams. he always searched for the loop holes to get access of Lord Tirumala's Treasury, no shame, gave every freebies to the poor by looting from the middle class families instead of steady growth of the state's GDP.",2025-09-07T14:44:30Z,0,Negative,0.8715843558311462,Negative
UgzeuOM49JoMEf00RxV4AaABAg,GsN3N65IUSY,No Road Tax On Private Roads 💸 #cars24,Cars24,Road tax shouldn't exist in india 🤬🤬😑😑 cause there's no fakin road to begin with 😅😅,2025-09-09T06:12:47Z,0,Negative,0.9361400604248047,Negative
UgwCnltp9EqtHvy76Wh4AaABAg,GsN3N65IUSY,No Road Tax On Private Roads 💸 #cars24,Cars24,Todays government = Chor Hence proved.,2025-09-09T12:20:35Z,0,Negative,0.4908110201358795,Negative
UgytBSuOJ14aDmJWFFp4AaABAg,GsN3N65IUSY,No Road Tax On Private Roads 💸 #cars24,Cars24,"Simple si baat hai, paise wale log apni chotisi idea aur paiso ke dam par tax bacha lete hai, mota bhai jaise unke galat karmo ko sahi batane me kamiyab hote hai aur hamare jaise common logo ko har ek chij pr tax dene ke baad bhi gorv. Se bakwas service milti hai😅😂",2025-09-07T11:37:21Z,1,Neutral,0.742656409740448,Neutral
UgzYgPO5AXMSen9jS5x4AaABAg,GsN3N65IUSY,No Road Tax On Private Roads 💸 #cars24,Cars24,"With same logic, private sector salaried employees should not pay or pay lesser tax if not using facilities of public transportation, hospitals, government schools",2025-09-09T13:29:59Z,0,Neutral,0.5764200687408447,Neutral
UgyZZDfgQuzxTejnjpN4AaABAg,YnhAmScLQKM,No tax on EV cars: Haryana scraps registration tax on EVs | How you will benefit?,Business Standard,This should in all State no road tax for ev,2026-08-02T04:50:15Z,1,Neutral,0.7007613182067871,Neutral
UgxMzaNnZMamDwP30Td4AaABAg,YnhAmScLQKM,No tax on EV cars: Haryana scraps registration tax on EVs | How you will benefit?,Business Standard,"And we have karnataka, giving freebies while they have no money and then adding taxes like this to EV cars to trouble tax paying people to fund the freebies",2026-08-03T04:45:23Z,0,Negative,0.6886478662490845,Negative
UgzO84GnveCokWey6hh4AaABAg,YnhAmScLQKM,No tax on EV cars: Haryana scraps registration tax on EVs | How you will benefit?,Business Standard,Still not implemented ... haryana is a laggard on kind of policies... other states are way ahead,2026-08-01T02:27:57Z,0,Negative,0.857541024684906,Negative
Ugz33QMCTPs6cEyVoxZ4AaABAg,nuqvQXbOkb4,MORTH Advises Indian State Govts for Reduce EV Road Tax,Electric Vehicles India,Hope we get some nice tax sops,2019-07-20T06:09:36Z,0,Positive,0.836585283279419,Positive
UgyoGsdXwXV1iok-5NF4AaABAg,nuqvQXbOkb4,MORTH Advises Indian State Govts for Reduce EV Road Tax,Electric Vehicles India,Today I visit revolt showroom the sales/finance guy told me that you have to pay 8% road tax on bike is this correct??,2019-10-05T15:00:43Z,0,Neutral,0.7850448489189148,Neutral
UgyRSA6IeNx4Dka4oXF4AaABAg,ygMfNqVqeAk,EV Policy 2.0 🚗⚡ | No New 2W Registration | 4W EV Free Tax &amp; 50% Hybrid Benefits!,PRG VLOGS,EV POLICY LOGO KO PAGAL BANA RAHE HAI,2026-04-16T18:12:59Z,0,Neutral,0.7297645211219788,Neutral
Ugxf9vOcWaqIiQK7EU94AaABAg,MwhWHzLDo4Y,100% discount on road tax and registration fees of electric vehicles | Telangana,Indian National Congress,But in telangana government cut forrest is this true or false,2025-05-22T06:28:55Z,1,Neutral,0.6718042492866516,Neutral
UgwMuKd6YXYbaXYEDJR4AaABAg,pd3p6i_83WU,100% waiver on life tax and registration fee. #cars #automobile #electricvehicle #meher #ev,MEHER GEAR HEAD,Two wheeler lo apati nucho undi e scheme but kothaga 4 wheeler ki tisukocharu konchem research chesi chepu bro nijalu dachipetaku I mean nuv abadam chepadam ledu nijam dachi pedutunav,2024-11-22T18:12:17Z,0,Neutral,0.7881496548652649,Neutral
UgyFWvhYWKzYtHaQk8V4AaABAg,pd3p6i_83WU,100% waiver on life tax and registration fee. #cars #automobile #electricvehicle #meher #ev,MEHER GEAR HEAD,PM E Drive scheme,2024-12-17T16:29:29Z,0,Neutral,0.8470765948295593,Neutral
UgzbLdYaNhNvUXh8ixx4AaABAg,O2uREcepJAU,Simple way to save car registration tax?,Groww,There should be a concept of one nation one road tax for everyone.,2023-02-15T12:04:15Z,96,Neutral,0.6764422655105591,Neutral
UgyPak5MfN2S27kPGhF4AaABAg,O2uREcepJAU,Simple way to save car registration tax?,Groww,Karnataka does not allow bh registration for pvt company employees even if the company has offices in more than 4 offices... They only allow govt and bank employees to register under BH series Also car owner has to pay road tax annually from 3rd year onwards,2023-02-15T17:17:50Z,35,Negative,0.5758103728294373,Negative
Ugww3KCTWflCsQ1w8vB4AaABAg,O2uREcepJAU,Simple way to save car registration tax?,Groww,"We end up paying 25% more Tax than that proposed. Any clarification on that? eg. The Road Tax for Petrol vehicles whose Invoice Price before GST is below 10L is 8%. But when the Biannual Road Tax amount is calculated, they add another 25% on the amount. ( multiply by a factor of 1.25). What is this for? To factor in inflation?",2023-08-30T16:30:23Z,6,Neutral,0.5216255784034729,Neutral
Ugwcm1Adqm7Paa5H-X94AaABAg,O2uREcepJAU,Simple way to save car registration tax?,Groww,"State government have not started BH registration for old vehicles however, new vehicles are being registered",2023-02-19T11:13:25Z,1,Neutral,0.8861562013626099,Neutral
UgywcU17q1VhyrtZ_lN4AaABAg,O2uREcepJAU,Simple way to save car registration tax?,Groww,"If I want to change my regular number to BH number, will govt returned the amount I have already paid??",2023-02-19T17:32:09Z,0,Neutral,0.801033616065979,Neutral
Ugw41rlDCB_0xG5V_dF4AaABAg,O2uREcepJAU,Simple way to save car registration tax?,Groww,We are using UK number car in UP for more than 10 years and didn't pay any tax?,2023-11-22T06:39:52Z,0,Neutral,0.5874499678611755,Neutral
Ugz9Rzv8-Tr1eymitBx4AaABAg,O2uREcepJAU,Simple way to save car registration tax?,Groww,So will it be only for govt employees or for local people also???,2023-02-15T12:01:05Z,9,Neutral,0.9399220943450928,Neutral
Ugwfe3NwhRDBHTvp89B4AaABAg,O2uREcepJAU,Simple way to save car registration tax?,Groww,Every 2 years you have to pay road tax,2023-03-27T05:52:07Z,2,Neutral,0.6912257671356201,Neutral
Ugy3v8kCexW2heq2nzR4AaABAg,O2uREcepJAU,Simple way to save car registration tax?,Groww,Sirf govt employees। Baki ka क्या। और जरुरत क्या है। इस देश के नागरिक कहीं भी रह सकते हैं न। बस सकते हैं घूम सकते हैं तो ये नया चूल कैसा।,2023-09-13T20:22:48Z,0,Neutral,0.7066272497177124,Neutral
UgwJpL1o4hkRaTZ-pMh4AaABAg,O2uREcepJAU,Simple way to save car registration tax?,Groww,"Government every two years k baad Road tax change karegi aur aapko re registration and hiked Road tax dena padega, bahot hi zada expensive hojayegi car owning. Think wisely 🤔",2023-02-15T15:38:23Z,0,Neutral,0.607955276966095,Neutral
UgyhFcNwqKWYlnao5_V4AaABAg,SwPdPQYj_VE,Old Vehicle registration fees #vehicles #registration #gst,Sarkari Employees,"Kya bhari bharakam registration fee bhardene se sabhi gadion se nikalane wala dhuaan fress ho jayega, ya tax basulane ka ek tarkib dhundh gaya hai ?",2025-08-25T08:31:21Z,0,Neutral,0.7016634345054626,Neutral
UgxIaohBNxJP7i0Luoh4AaABAg,SwPdPQYj_VE,Old Vehicle registration fees #vehicles #registration #gst,Sarkari Employees,Is it applicable at the time of purchasing new vehicle or renewing after 20 years.,2025-08-25T03:43:57Z,0,Neutral,0.9158784747123718,Neutral
Ugzer4CcRW7_Ma7RAs94AaABAg,SwPdPQYj_VE,Old Vehicle registration fees #vehicles #registration #gst,Sarkari Employees,Pollution check ke naam pe bhi Paisa lete hai ye log ... Government ko ye free karna chahiye.. charo taraf se loota ja raha hai public ko,2025-11-13T05:51:08Z,5,Neutral,0.5724641680717468,Neutral
UgynKpl9rf11VmktUx94AaABAg,SwPdPQYj_VE,Old Vehicle registration fees #vehicles #registration #gst,Sarkari Employees,Tax pay karne ke baad gari dhua ke jagah par oxygen degi😂,2025-08-23T04:00:31Z,27,Neutral,0.6599250435829163,Neutral
Ugwh31a89oQnv70x3KZ4AaABAg,SwPdPQYj_VE,Old Vehicle registration fees #vehicles #registration #gst,Sarkari Employees,Ye C Kannon hone k karan public presan hai delhi or ncr k liye gadi ka alag rule.. koi fee payment mat karna Renewal nhi hogi bhai .. Mere pass fee receipt bhi hai 5485 ki or saf mana kr diya na paise refund kiye.. kisi ki video dekh kr paise barbaad na kre .. Hamare mehnat ki kamai ko apne najayaj baap ki kamai samjhte hai ye log,2025-12-16T12:46:34Z,0,Neutral,0.758247971534729,Neutral
UgwFb46UI8AR-Z2j_nJ4AaABAg,SwPdPQYj_VE,Old Vehicle registration fees #vehicles #registration #gst,Sarkari Employees,"THIS GOVT IS ONLY BEHIND THE PUBLIC FOR SNACHING THE MONEY TO BRING THE WHOLE COUNTRY PUBLIC ON ROAD WITH KATORA, 😂😂😂😂😂😂😂😂😂😂😂😂❤",2025-09-02T10:50:03Z,0,Neutral,0.49682605266571045,Neutral
Ugxqh8OQ2vf7VAD3FHd4AaABAg,SwPdPQYj_VE,Old Vehicle registration fees #vehicles #registration #gst,Sarkari Employees,ये tax 20साल से ज्यादा पुराने व्हीकल पर है please लोगों को गुमराह मत करें।,2025-08-24T16:45:59Z,1,Neutral,0.7918573617935181,Neutral
UgxS4AZ6I4KeZZIoReR4AaABAg,SwPdPQYj_VE,Old Vehicle registration fees #vehicles #registration #gst,Sarkari Employees,Bjp he to sans lene ka bhi tax chukana hoga,2025-08-24T07:30:51Z,5,Neutral,0.7326213121414185,Neutral
Ugxdq0Xc1BU8hKHSgGp4AaABAg,vbafZsSdAlU,Government Allowance Free Road Tax For Electric Vehicle,Siddharth Vehicle View 1,Haryana me kitna tax lag raha hai abhi ?,2025-10-28T09:00:15Z,0,Neutral,0.8733402490615845,Neutral
UgyLggio1dlezZIoX_B4AaABAg,vbafZsSdAlU,Government Allowance Free Road Tax For Electric Vehicle,Siddharth Vehicle View 1,Assam me q le rahe hai ev car registration fees?,2026-04-04T17:22:58Z,1,Neutral,0.8388900756835938,Neutral
UgznQjQ09_uaVFnXINV4AaABAg,vbafZsSdAlU,Government Allowance Free Road Tax For Electric Vehicle,Siddharth Vehicle View 1,"Itna loot macha rkhe hn ye bhrasht sada huaa system jisme ham rhte hain, koi option bhi nhi ye 2 3 sadi hui parties k alawa.. Mere 3 vote hue hn 2 NOTA ko gye hn.. aage bhi",2026-01-11T18:47:07Z,0,Neutral,0.5894503593444824,Neutral
UgxKP76WO6siPG8hKlR4AaABAg,yVZ7Rc4Qqa4,New Haryana EV Policy 2026! #cars24,Cars24,Delhi me ev me sabse zyada subsidy hai ❤,2026-08-08T03:30:45Z,25,Positive,0.5042687058448792,Positive
UgzmhsiyC646MkRi4Ah4AaABAg,yVZ7Rc4Qqa4,New Haryana EV Policy 2026! #cars24,Cars24,Vo sab to thik h par petrol pumps vale chargers chod k baki sab chargers k per unit price about 3-5 Rs increase ho chuke h...😏😏😏,2026-08-08T06:16:17Z,5,Neutral,0.759388267993927,Neutral
Ugykg3_4-y9FLWEivad4AaABAg,yVZ7Rc4Qqa4,New Haryana EV Policy 2026! #cars24,Cars24,Telangana has a similar policy too,2026-08-08T02:34:15Z,15,Neutral,0.8592622876167297,Neutral
UgxrnYqn5z0Lmsdi4Cd4AaABAg,yVZ7Rc4Qqa4,New Haryana EV Policy 2026! #cars24,Cars24,This is good step from government rather than central government pushing e20 early which is shit decision,2026-08-07T23:29:05Z,2,Negative,0.4968416690826416,Negative
UgxnYZH-C1Zk2cBZRNt4AaABAg,yVZ7Rc4Qqa4,New Haryana EV Policy 2026! #cars24,Cars24,Meanwhile us Karnataka folks are wiping our tears over taxes on EVs 😢😢,2026-08-07T19:41:32Z,32,Negative,0.789232075214386,Negative
Ugy71uCPAIotJH0MogV4AaABAg,yVZ7Rc4Qqa4,New Haryana EV Policy 2026! #cars24,Cars24,"Until fast-charging EVs are introduced that fill up in the same amount of time as a ICE car, and until there are charging stations as numerous as petrol pumps, EVs will not be adopted by the public.",2026-08-09T07:08:52Z,1,Neutral,0.6061838269233704,Neutral
Ugyz4hVCUyydaOwtIAN4AaABAg,yVZ7Rc4Qqa4,New Haryana EV Policy 2026! #cars24,Cars24,But what about charging because in flats all basement parking chargers removed by government order,2026-08-08T20:44:51Z,1,Neutral,0.6209107041358948,Neutral
UgwhVwKCcfUdTnOvSbR4AaABAg,yVZ7Rc4Qqa4,New Haryana EV Policy 2026! #cars24,Cars24,Par eak dikkat hai charger ko lagane ka bahut drama hai Haryana mai,2026-08-08T14:35:09Z,1,Neutral,0.7409524917602539,Neutral
UgySP71fDepR5JEZa9R4AaABAg,yVZ7Rc4Qqa4,New Haryana EV Policy 2026! #cars24,Cars24,Actually developing eb infra is very easy ev fast chargers should be installed along with petrol pump HP is doing this with HP echarge at some hp petrol pumps,2026-08-08T05:03:10Z,2,Positive,0.637748658657074,Positive
UgxPHlp-1R1Jl1cXGzB4AaABAg,yVZ7Rc4Qqa4,New Haryana EV Policy 2026! #cars24,Cars24,Why’s new in this policy? May states have been exempting road tax on EVs for long. Delhi too doesn’t have any tax,2026-08-10T04:48:22Z,1,Neutral,0.685967206954956,Neutral
UgyGGj2MWpWzTVE0TKl4AaABAg,yVZ7Rc4Qqa4,New Haryana EV Policy 2026! #cars24,Cars24,They should have extended the benefits to hybrids as well,2026-08-16T16:05:48Z,0,Neutral,0.7069688439369202,Neutral
Ugyjxg9wPk3gezQul9R4AaABAg,yVZ7Rc4Qqa4,New Haryana EV Policy 2026! #cars24,Cars24,Delhi me EV 2 wheelers ki subsidy 3 saal se pending hai buyers ki… refund aata bhi hai?,2026-08-08T03:56:11Z,0,Neutral,0.7826069593429565,Neutral
UgwLXXZEr2M86dYFBQx4AaABAg,yVZ7Rc4Qqa4,New Haryana EV Policy 2026! #cars24,Cars24,Good but 1st get us ev chargers there are very less of them I would not buy ev as my primary car,2026-08-11T11:50:39Z,0,Negative,0.5016645193099976,Negative
UgyWG8scnOtm3gYWTdl4AaABAg,yVZ7Rc4Qqa4,New Haryana EV Policy 2026! #cars24,Cars24,"Sir , main ek haryana registration , commercial vehicle e v Le Raha Hoon Haryana Sarkar road tax pe chhoot nahin. They Rahi, hai.",2026-08-20T16:05:56Z,0,Neutral,0.7598493695259094,Neutral
UgwIDzde-EFXqnIsxbt4AaABAg,yVZ7Rc4Qqa4,New Haryana EV Policy 2026! #cars24,Cars24,Ha bhai m haryana se hu or mere gher kpas wale petrol pump pr ev charger aa chuka h to ye info shi h,2026-08-07T17:01:24Z,1,Neutral,0.7977247834205627,Neutral
UgzrFXP_CmC2Ru1xSiJ4AaABAg,yVZ7Rc4Qqa4,New Haryana EV Policy 2026! #cars24,Cars24,What will be the cost if tata tiago. Ev top model after this in karnal now it cost 11.3 lakhs And from when will this ev scheme apply,2026-08-07T17:59:17Z,0,Neutral,0.7031652927398682,Neutral
UgylBRkJmlbug6frzCh4AaABAg,yVZ7Rc4Qqa4,New Haryana EV Policy 2026! #cars24,Cars24,Wese toh tax 40 percent hota hai car pe Aur jab tax revate ki baar aai toh bas 2 lakh ki saving Kya logic h yeh,2026-08-12T03:12:34Z,0,Neutral,0.7159838080406189,Neutral
UgyooQBUt34N38jS9C14AaABAg,yVZ7Rc4Qqa4,New Haryana EV Policy 2026! #cars24,Cars24,"Pehle infrastructure to banalo EV ko baad me puch karna, charging station to milte nhi 😅",2026-08-08T05:32:19Z,0,Neutral,0.8026087880134583,Neutral
UgynCXxfe1vMm_UwFg54AaABAg,yVZ7Rc4Qqa4,New Haryana EV Policy 2026! #cars24,Cars24,Mai haryana se hu and ev owner hu..ekdum bakwas service hai charging station ki..30 km ki range me 4 station or 4 hi khrab pde rehte hai..koi ni chlvata or na kisi ki koi responsibility hai thik krvane ki,2026-08-07T21:21:34Z,0,Neutral,0.7464861869812012,Neutral
UgwakkyCqYHpAcJwGW14AaABAg,yVZ7Rc4Qqa4,New Haryana EV Policy 2026! #cars24,Cars24,"bc announce to ho gya impliment abhi tk hua hi nhi , ham sala abhi tk wait krr rhe hai ev lene ke liye",2026-08-20T17:26:46Z,0,Neutral,0.847693920135498,Neutral
UgxMhdPnzg8RrwIE7nJ4AaABAg,yVZ7Rc4Qqa4,New Haryana EV Policy 2026! #cars24,Cars24,Just announcement h.... RTO to abhi bhi mna kr rhe h free registration k liye and full charge maang rhe h Faridabad me. Bol rhe h sarkar ne announce kiya h but unke pass koi official information nahi h and na hi aane ki ummid h abhi. Just a fraud being run by Haryana government.,2026-08-08T02:12:36Z,2,Neutral,0.5608364343643188,Neutral
UgxjPkJFyb8MfLDFC_54AaABAg,yVZ7Rc4Qqa4,New Haryana EV Policy 2026! #cars24,Cars24,EV se accha strong hybrid ko tax exempt karo,2026-08-08T04:17:06Z,2,Neutral,0.8427467942237854,Neutral
UgwU7eIR4SVW97VIOel4AaABAg,WNdE9QBA9BE,"Car registration fee up; more for EVs, hybrids",KOAT,"So childcare is ""free"" but we raise taxes on other things lmao",2026-02-08T03:14:29Z,9,Negative,0.5971261262893677,Negative
UgyGMDJCj7skCQSanil4AaABAg,WNdE9QBA9BE,"Car registration fee up; more for EVs, hybrids",KOAT,Good they don’t pay gas tax but are so heavy that they do way more wear,2026-02-10T17:17:07Z,3,Positive,0.41097939014434814,Positive
UgzjOvITsguQ4ojsXcR4AaABAg,WNdE9QBA9BE,"Car registration fee up; more for EVs, hybrids",KOAT,But yet again the taxpayers still paying and nothing's been done to the roads they're deteriorating.,2026-02-10T01:17:07Z,4,Negative,0.9170081615447998,Negative
UgyVPBad2jyz7p6YPcl4AaABAg,WNdE9QBA9BE,"Car registration fee up; more for EVs, hybrids",KOAT,We moved here from another state that had long wait times and high MDV fees and rude clerks .We like going to the MDV now and the clerks tell us that they hear that all day long from the other people who have moved from other states .The people that are complaining need some perspective . I have paid as much as 350 dollars before and now I only pay 50 here in NM. The lawmakers knew these facts before they changed the laws.,2026-02-08T13:54:08Z,1,Negative,0.6718254089355469,Negative
Ugwg_C6o7nZeDXMmeXV4AaABAg,WNdE9QBA9BE,"Car registration fee up; more for EVs, hybrids",KOAT,"That's a deal, for example in Illinois, the fee is $300 for EVs. Just give them time and it will get more and more expensive. All new taxes start small and then perpetually grow.",2026-02-11T18:17:26Z,0,Neutral,0.5490966439247131,Neutral
UgwvZUwB5zxz4wQM0Ih4AaABAg,WNdE9QBA9BE,"Car registration fee up; more for EVs, hybrids",KOAT,There is a high cost to the environment of our technological life. We have to raise taxes to protect the environment.,2026-02-11T01:06:08Z,1,Negative,0.5357250571250916,Negative
UgzS-gM3F0B7wT1ybUN4AaABAg,WNdE9QBA9BE,"Car registration fee up; more for EVs, hybrids",KOAT,"I knew they would have to charge EVs eventually when there was enough adoption, but there isn't enough adoption yet. I see a lot more EVs but I think they should still be exempt until at least 50% of cars being sold are hybrid or EV",2026-02-08T18:21:25Z,0,Neutral,0.6104528903961182,Neutral
Ugy_ja-MI2tkjcmJD0l4AaABAg,WNdE9QBA9BE,"Car registration fee up; more for EVs, hybrids",KOAT,"That's okay New Mexico, I'll gladly collect the $3,000 refund you're offering this tax year for buying an EV to compensate for the next 33 years of fees.",2026-02-23T21:35:38Z,0,Positive,0.5920124650001526,Positive
Ugxg5ao814KkCkLVdRt4AaABAg,i3XrHfqfxVo,Bike registration fee  #honda,আইনের গল্প,Churi kora byke...kor registration....taka or byke dite hobe,2025-09-03T20:10:09Z,0,Neutral,0.8991988301277161,Neutral
UgxrSwisB8aKHJJYopd4AaABAg,mfuGH6Z8GX0,EV &amp; Hybrid Registration Fees: Are they Fair?,Alex Sibila,"I like how you pick 25mpg econo box, our mini van gets 18 mpg and our small SUV gets around 17. Not everyone drives a brand new econo box.",2023-08-24T16:05:00Z,2,Positive,0.5940810441970825,Positive
Ugz7UlrJlZirL5kW7wZ4AaABAg,mfuGH6Z8GX0,EV &amp; Hybrid Registration Fees: Are they Fair?,Alex Sibila,Leave it to Ohio legislature to take advantage of a market that is now getting off to a great start.. environment friendly cars and trucks with the registration fees in Ohio announced at 200 dollars makes the purchase less friendly and Ohio legislatures look like vultures...Time for Voters to clean house in Ohio,2019-12-30T10:55:56Z,4,Negative,0.49054431915283203,Negative
Ugy6qbu8Xi2Q8QdEqox4AaABAg,mfuGH6Z8GX0,EV &amp; Hybrid Registration Fees: Are they Fair?,Alex Sibila,I just renewed my cars today.. I have a model 3 and a Leaf and slapped down nearly $500 for 1 year on both combined... that was $144 last year for both... I wish actually purchased multiple years for my registration when considering it in 2018,2020-06-08T22:15:59Z,1,Neutral,0.5873098373413086,Neutral
UgzXDQHaRhLWaQu0GAR4AaABAg,mfuGH6Z8GX0,EV &amp; Hybrid Registration Fees: Are they Fair?,Alex Sibila,I get 37 miles that's one gallon of gas but get charger for a full ev how is that fair with a plugin hybrid,2022-09-29T21:39:46Z,0,Negative,0.7445268630981445,Negative
UgxSZEds7ll3rvh9HxN4AaABAg,mfuGH6Z8GX0,EV &amp; Hybrid Registration Fees: Are they Fair?,Alex Sibila,The Ohio BMV charged me $162.95 to renew my registration for my Hybrid Prius C4 today. The BMV website says the Hybrid registration fee is $100. Is that additional to the regular registration cost?,2020-01-25T08:38:27Z,2,Neutral,0.7719605565071106,Neutral
UgwZexyF2WHZZIvhlzN4AaABAg,mfuGH6Z8GX0,EV &amp; Hybrid Registration Fees: Are they Fair?,Alex Sibila,There will be a time when those who own or drive a gasoline powered automobiles charged a fee or penalized for not owning an electric vehicle...The problem is they are losing Gasoline Tax money and are looking to put the squeeze on everyone to make up for it...Down the road its going to be those who buy Gasoline that gets the hammer doubling down...Why not require the Amish to pay a registration fee...Ever see the damage horse and buggies do to the roads ?,2020-01-01T11:33:47Z,2,Negative,0.7423558235168457,Negative
UgxtgwhsUVVxc0ORAXR4AaABAg,mfuGH6Z8GX0,EV &amp; Hybrid Registration Fees: Are they Fair?,Alex Sibila,As a PHEV owner that drives under 4000 miles a year 5his is an unfair tax,2024-08-13T01:03:52Z,0,Negative,0.6450315117835999,Negative
UgyXnoB-czYclatEWUp4AaABAg,mfuGH6Z8GX0,EV &amp; Hybrid Registration Fees: Are they Fair?,Alex Sibila,Everybody who uses roads should pay their share of the tax,2025-06-03T16:15:33Z,0,Neutral,0.6174771785736084,Neutral
UgxUtGkoh07EKW62fUd4AaABAg,mfuGH6Z8GX0,EV &amp; Hybrid Registration Fees: Are they Fair?,Alex Sibila,I should get my tax back I payed my fine,2022-09-29T21:43:34Z,0,Neutral,0.6330292820930481,Neutral
UgwM-M_RQtg3nuxhAVR4AaABAg,mfuGH6Z8GX0,EV &amp; Hybrid Registration Fees: Are they Fair?,Alex Sibila,We still pay for the tax on electricity and hybrid owners still buy gasoline. This makes zero sense as to none of the roads in my state get fixed. I say no tax fees are fair and you’re smoking crack if you think otherwise. We already pay plenty of taxes as it is. Don’t let them bs you with some false info about road maintenance.,2025-02-28T14:34:26Z,0,Negative,0.8500270247459412,Negative
Ugz7IwLfriPE1m4tifB4AaABAg,mfuGH6Z8GX0,EV &amp; Hybrid Registration Fees: Are they Fair?,Alex Sibila,NO NO NO.. I say just vote all legislation that voted for this crap out of office.. WHY? Buy electric cars or hybrids just to have to save gas however have to pay more registration.. AND don t give me that crap about maintain the road when our roads SUCK out the ass so come up with another excuse,2025-04-18T18:50:38Z,0,Negative,0.9284329414367676,Negative
UgwITCI4ByS601dy5Md4AaABAg,mfuGH6Z8GX0,EV &amp; Hybrid Registration Fees: Are they Fair?,Alex Sibila,"Sorry, the EV fee should be more as the EV do more damage to the road. EV should be paying a Milage Tax equal to the Gas Tax that other cars pay. Best way to do that is put GPS milage trackers on them to make sure every one pays their fair share.",2023-08-24T16:00:22Z,1,Negative,0.6128658056259155,Negative
Ugxl9syrVonfBmNh8_p4AaABAg,mfuGH6Z8GX0,EV &amp; Hybrid Registration Fees: Are they Fair?,Alex Sibila,Taxes are not about being fair and the people who buy the electric vehicles should be glad to pay extra to save the environment. If you can afford the electric vehicle you are one of the people with above average income. you can afford it. You're also the same people wanting to impose higher taxes on people who are not using electric vehicles.,2020-01-22T12:40:33Z,1,Neutral,0.46021556854248047,Neutral
UgxjOZ0gQ9T4ENyCyW54AaABAg,3fgko_M_m44,&#39;EV Manufacturing Hub In The Making&#39;: New EV Policy To Invite Up To 8000 Cars Annually,NDTV Profit,Proud that a Kannidaga in the Central government. ❤make india greatest.,2025-06-03T04:57:04Z,5,Positive,0.979518711566925,Positive
UgwCC2I77LzkSpzLWLV4AaABAg,3fgko_M_m44,&#39;EV Manufacturing Hub In The Making&#39;: New EV Policy To Invite Up To 8000 Cars Annually,NDTV Profit,"Anyone can make a car in India, not that difficult. What Govt must encourage is to build the components for EV vehicles like motors, lithium cells, BMS etc.",2025-06-03T17:55:15Z,0,Neutral,0.61310213804245,Neutral
UgweH84r9yMlRWUhdLd4AaABAg,3fgko_M_m44,&#39;EV Manufacturing Hub In The Making&#39;: New EV Policy To Invite Up To 8000 Cars Annually,NDTV Profit,I don't know what sought of policy it is.? Why you are keeping price limit of $35000? It means you don't want middle clase and poor to buy electric cars😂😂.,2025-06-05T01:21:06Z,0,Negative,0.8417941927909851,Negative
Ugw75NUjgF0ykFJkr-x4AaABAg,3fgko_M_m44,&#39;EV Manufacturing Hub In The Making&#39;: New EV Policy To Invite Up To 8000 Cars Annually,NDTV Profit,Is this new ev policy juat to appease trump??😂,2025-06-05T01:09:33Z,0,Negative,0.49298760294914246,Negative
UgxJWju3BWih-luq9fp4AaABAg,3fgko_M_m44,&#39;EV Manufacturing Hub In The Making&#39;: New EV Policy To Invite Up To 8000 Cars Annually,NDTV Profit,Pls tax is more ... Then promote green cars 😂😂😂,2025-06-03T06:17:41Z,0,Neutral,0.5978673100471497,Neutral
UgyDd74x4iXcfBff1bd4AaABAg,Q9PQza_-LH4,India&#39;s EV Policy Opens Doors To Global Carmakers; But Not Tesla!,NDTV Profit,Tesla can't operate w/o heavy subsidy. Good for us.,2025-06-02T11:40:41Z,1,Positive,0.7144385576248169,Positive
Ugz8g2Fsfk33lITq_tV4AaABAg,Q9PQza_-LH4,India&#39;s EV Policy Opens Doors To Global Carmakers; But Not Tesla!,NDTV Profit,Congratulations 👏.. why should this foreign entity bear this tax 73rr0r1$m by our government..,2025-06-02T10:15:59Z,0,Neutral,0.4385208487510681,Neutral
Ugzq7UBxynX6KoKe8Wh4AaABAg,Q9PQza_-LH4,India&#39;s EV Policy Opens Doors To Global Carmakers; But Not Tesla!,NDTV Profit,"No matter how many factories are set up in India, people will not benefit if the basic wage is not increased. 10% of Indians own 3/4 of the wealth in India, the rest are tax slaves.",2025-06-02T11:48:58Z,2,Negative,0.6397584676742554,Negative
Ugyw49vH_2ztEBXOTQh4AaABAg,GBYCT5sZA2Q,"India&#39;s New EV Policy: Minimum Investment At Rs 4150 Crore, Customs Duty Reduced To 15%",NDTV Profit,"India is still a difficult place to do business for foreigners. That is why most of the manufacturing that moved out of China went to Vietnam, Mexico and Thailand.",2024-03-22T19:27:54Z,1,Negative,0.606567919254303,Negative
UgxvqfYD4CbVD3yc5Pd4AaABAg,GBYCT5sZA2Q,"India&#39;s New EV Policy: Minimum Investment At Rs 4150 Crore, Customs Duty Reduced To 15%",NDTV Profit,Major Market in India is Electric Buses and Commercial Vehicles. Not Passenger cars. So Olectra shall be major beneficiary of this policy . Any comments.,2024-03-18T09:17:42Z,0,Neutral,0.8240982890129089,Neutral
UgzEk1_EPUYOpF9r1U54AaABAg,GBYCT5sZA2Q,"India&#39;s New EV Policy: Minimum Investment At Rs 4150 Crore, Customs Duty Reduced To 15%",NDTV Profit,"Bad move.. it should have been capped with max number of vehicle imports maximum 20K , and then if a company does NOT bring end to end manufacturing with supply chain then 200% fines of impor benefit should have been applied... this guy / no western / chinese business is trustworthy anyway",2024-03-15T18:25:24Z,0,Negative,0.832019031047821,Negative
UgzlY4oohA5ZH7HeATl4AaABAg,HrgVAVCSCDE,Finally !! This Pli scheme will make Very Affordable  &quot;ELECTRIC VEHICLE&quot; 🔥 Advance Battery,Bright ideas,PLI Scheme ka fayda agar Indian companies ke liye ho tho thik,2021-05-13T08:41:23Z,29,Neutral,0.7950442433357239,Neutral
Ugz-a60TrucwcO1okDp4AaABAg,HrgVAVCSCDE,Finally !! This Pli scheme will make Very Affordable  &quot;ELECTRIC VEHICLE&quot; 🔥 Advance Battery,Bright ideas,शरहनीय कदम इस pli ki प्रतीक्षा सभी कंपनी कर रही थी,2021-05-13T08:18:55Z,13,Neutral,0.8052249550819397,Neutral
UgxqyxbQVBIHqI-EtA94AaABAg,HrgVAVCSCDE,Finally !! This Pli scheme will make Very Affordable  &quot;ELECTRIC VEHICLE&quot; 🔥 Advance Battery,Bright ideas,Pli have its own fan base 😃😃😃😃,2021-05-13T11:03:05Z,2,Neutral,0.6116166114807129,Neutral
Ugwl6S8tOyhY9UWAPN14AaABAg,HrgVAVCSCDE,Finally !! This Pli scheme will make Very Affordable  &quot;ELECTRIC VEHICLE&quot; 🔥 Advance Battery,Bright ideas,The idea of subsidy is interesting and successfu We are in the way to become a manufacturing hub,2021-05-13T12:21:13Z,1,Positive,0.9184403419494629,Positive
UgwFeaHZMk6wh78fp4F4AaABAg,HrgVAVCSCDE,Finally !! This Pli scheme will make Very Affordable  &quot;ELECTRIC VEHICLE&quot; 🔥 Advance Battery,Bright ideas,EV mye bahot hi speedse ka hona chahiye and batteries manufacturing also.,2021-05-13T09:41:03Z,0,Neutral,0.8303182125091553,Neutral
UgxKX4pI2Ih8GTXoQN94AaABAg,HrgVAVCSCDE,Finally !! This Pli scheme will make Very Affordable  &quot;ELECTRIC VEHICLE&quot; 🔥 Advance Battery,Bright ideas,You made video of 4 minutes 12 seconds. But didn't tell the full form of PLI. I had to search it. Anyways...good content👍,2021-05-13T08:57:10Z,5,Neutral,0.5428977012634277,Neutral
UgwEZeU16swnseAc3gh4AaABAg,HrgVAVCSCDE,Finally !! This Pli scheme will make Very Affordable  &quot;ELECTRIC VEHICLE&quot; 🔥 Advance Battery,Bright ideas,Manufacturing locally EV is a bright idea.Mera Bharat Mahan.,2021-05-13T12:53:40Z,1,Positive,0.8357841968536377,Positive
Ugwy1u_vO6JWzfsHOLZ4AaABAg,HrgVAVCSCDE,Finally !! This Pli scheme will make Very Affordable  &quot;ELECTRIC VEHICLE&quot; 🔥 Advance Battery,Bright ideas,Is this PLI scheme will even be useful since the incentive given is small compared to production cost of Battery Manufacturing ?,2021-05-13T10:05:10Z,4,Negative,0.5800768733024597,Negative
UgzohjW1CaLt6thWT-14AaABAg,HrgVAVCSCDE,Finally !! This Pli scheme will make Very Affordable  &quot;ELECTRIC VEHICLE&quot; 🔥 Advance Battery,Bright ideas,"PLI for electric Vehicles will be manufactured in India, big boost for our country and jobs in India, Jai Hind!",2021-05-13T10:32:00Z,0,Positive,0.9756522178649902,Positive
Ugx0Eg6FHHnAk-WgJ0B4AaABAg,HrgVAVCSCDE,Finally !! This Pli scheme will make Very Affordable  &quot;ELECTRIC VEHICLE&quot; 🔥 Advance Battery,Bright ideas,PLI Boost Indian Economy 😘,2021-05-13T07:57:15Z,93,Positive,0.9460616707801819,Positive
UgyyOHKhJoy_m_5nsVx4AaABAg,HrgVAVCSCDE,Finally !! This Pli scheme will make Very Affordable  &quot;ELECTRIC VEHICLE&quot; 🔥 Advance Battery,Bright ideas,Charging station to ho pehele,2021-05-13T09:53:49Z,1,Neutral,0.8095022439956665,Neutral
UgybjM1Q95BXuNxED9N4AaABAg,HrgVAVCSCDE,Finally !! This Pli scheme will make Very Affordable  &quot;ELECTRIC VEHICLE&quot; 🔥 Advance Battery,Bright ideas,This decision to give Pli will boost EV production. Cheaper choice for consumer.. Jai hind,2021-05-13T11:22:24Z,0,Positive,0.9009712338447571,Positive
UgwU_r8NGCqzJL8AXsV4AaABAg,HrgVAVCSCDE,Finally !! This Pli scheme will make Very Affordable  &quot;ELECTRIC VEHICLE&quot; 🔥 Advance Battery,Bright ideas,Make in India,2021-05-15T06:12:09Z,1,Neutral,0.5353950262069702,Neutral
UgyssZ2OLiIYNGttpgt4AaABAg,HrgVAVCSCDE,Finally !! This Pli scheme will make Very Affordable  &quot;ELECTRIC VEHICLE&quot; 🔥 Advance Battery,Bright ideas,Pli- what is it?,2021-05-13T11:58:56Z,0,Neutral,0.8648874163627625,Neutral
UgzOkY43Jlq0Ppt8xWN4AaABAg,HrgVAVCSCDE,Finally !! This Pli scheme will make Very Affordable  &quot;ELECTRIC VEHICLE&quot; 🔥 Advance Battery,Bright ideas,Making of EVs in INDIA under the PLI Scheme a very good decision by the Government of INDIA so that in future we need not import EV bataries from China and save money and import Bill of Oil will be drastically be reduced. All people are requested to use ELECTRICAL VEHICLES ONLY. It is also requested to INSTALL EV RECHARGING STATIONS EVERY 5KMS in the cities and every 25KMS in the HIGHWAY ROADS PLEASE.,2021-05-13T10:28:04Z,1,Positive,0.6792413592338562,Positive
UgwF-cG1kHaCzC7UinF4AaABAg,HrgVAVCSCDE,Finally !! This Pli scheme will make Very Affordable  &quot;ELECTRIC VEHICLE&quot; 🔥 Advance Battery,Bright ideas,"Librandus will say no need of PLI, government should spend 18,000 crore on Oxygen",2021-05-13T08:43:17Z,2,Neutral,0.6590127944946289,Neutral
Ugy2KEM09NaIUKxP-b94AaABAg,HrgVAVCSCDE,Finally !! This Pli scheme will make Very Affordable  &quot;ELECTRIC VEHICLE&quot; 🔥 Advance Battery,Bright ideas,After in government took 10 years to propose and another 10 years to approve and another 10 years to actually start manufacturing.... That's India!! ❤️,2021-05-13T12:02:49Z,0,Positive,0.8793569207191467,Positive
UgyFa4SnPyO2Kmklqal4AaABAg,HrgVAVCSCDE,Finally !! This Pli scheme will make Very Affordable  &quot;ELECTRIC VEHICLE&quot; 🔥 Advance Battery,Bright ideas,Mujhe lagta hai indian gov ko 4 chizo par dhyan dena chahiye 1 electric vehicles ki cost kam ho 2 electric vehicles ki battery india mai hi bane 3 jo bhi electric vehicles bane unki range jyada ho means jyada km single charge mai chal sake 4 charging stations jyada se jyada ho Or ye sab to tabhi hoga jab ev cars bike or inki battery india mai hi jyada se jyada manufactur ho PLI ka sahi se use ho or huge investment aaye india mai Fir mujhe lagta hai ki sayad oil import mai 70% to 90% tak ki girawat aa jayegi 2030 tak,2021-05-13T10:44:10Z,0,Neutral,0.7879332900047302,Neutral
UgwmRz3QBWAiIUSvCjB4AaABAg,HrgVAVCSCDE,Finally !! This Pli scheme will make Very Affordable  &quot;ELECTRIC VEHICLE&quot; 🔥 Advance Battery,Bright ideas,As for a first important focus the Govt. should attempt to reduce the cost of EV 2Wheelers from where the mass movement towards EVs can be initiated. Anybody knowing Electric Motor & Controls kmowledge can vouch that a 1.5KW motor fitted 2Wheeler costing Rs. 1.25 lakh is too much even if considering the battery cost at the present rate. Apart from the 1.5KW motor & Battery what else can be there that invites such an enormous cost? A petrol/diesel engine is Internal Combustion Engine which is made with very critical parameters and alloys. what is there in an electric motor such as that? The costing of EVs are way out superficial and EVs will not be successfull unless it is priced realistic.,2021-05-13T12:12:17Z,0,Neutral,0.7373812794685364,Neutral
Ugz0M3dhGi4UUfyrpm14AaABAg,HrgVAVCSCDE,Finally !! This Pli scheme will make Very Affordable  &quot;ELECTRIC VEHICLE&quot; 🔥 Advance Battery,Bright ideas,PLI is good but government must facilitate Indian companies to make sure they get benefit of PLI instead of foreign corporations,2021-05-13T11:34:22Z,0,Positive,0.7033522725105286,Positive
UgzLDRwC4Yj_wcRRSs14AaABAg,HrgVAVCSCDE,Finally !! This Pli scheme will make Very Affordable  &quot;ELECTRIC VEHICLE&quot; 🔥 Advance Battery,Bright ideas,Indian Government. Not the Modi Government.,2021-05-13T09:52:37Z,1,Neutral,0.5183071494102478,Neutral
UgzPOCoXxylMbNxHR054AaABAg,HrgVAVCSCDE,Finally !! This Pli scheme will make Very Affordable  &quot;ELECTRIC VEHICLE&quot; 🔥 Advance Battery,Bright ideas,"Indian Govt is slow , little careless. Govt should have announced Incentives for firms to Manufacture storage Batteies - lithium or Alumunium 3 years back only . Electric Vehicle spread in India is crucial for stopping crude import oil. Govt must speed up Installation of Electric chargers in Public spaces . Central Govt must force states to PROCURE and BUY Electric Buses. Central Govt led by Nitin Gadkariji is pushing Battery SWAP CENTRES. SCRAP POLICY NEEDS TO BE IMPLENTED & EXECTUTED WITH SPIRIT & EFFORT. H- CNG FILLING STATIONS SHOULD START. AUTO MANUFACTURERS SHOULD BE GIVEN FREEDOM TO PRODUCE HYBRID VEHICLES - SOLAR & LITHIUM BATTERY POWERED. CHARGER PRICES NEEDS TO BE REDUCED. GOVT SHOULD SIMUTANEOSLY OFFER PLI SCHEME FOR FIRMS WHO CAN MANUFACTURE HIGH SPEED BULLET TRAINS IN INDIA",2021-05-13T08:11:50Z,2,Negative,0.5076991319656372,Negative
UgxS9ojPckIqPUyxZg94AaABAg,HrgVAVCSCDE,Finally !! This Pli scheme will make Very Affordable  &quot;ELECTRIC VEHICLE&quot; 🔥 Advance Battery,Bright ideas,Are yaro pli scheem bolke kittna black money jama kareeki modi,2021-05-13T15:16:16Z,0,Neutral,0.7921665906906128,Neutral
UgznIOXsWkYxWWYt61l4AaABAg,HrgVAVCSCDE,Finally !! This Pli scheme will make Very Affordable  &quot;ELECTRIC VEHICLE&quot; 🔥 Advance Battery,Bright ideas,Prime Minister Narendra Modi 1. Make in India 2. Made in India 3. Bullet train project 4. Bharat mala project 5. Sagar mala project 6. Dmic 7. Atmanirbhar Bharat 8. Road minister Nitin gadkari ji 😂 9. Good foreign policy 10. New education policy Sirf corona kaal me galti hone se unke kai saare achhe projects ko bhul nahi sakte. Pata nahi kyo fir bhi log modi ji ko pasand nahi karte. Jai hind.,2021-05-13T08:07:07Z,26,Neutral,0.5150386691093445,Neutral
UgxXd8QkodeHWtlQ8N14AaABAg,HrgVAVCSCDE,Finally !! This Pli scheme will make Very Affordable  &quot;ELECTRIC VEHICLE&quot; 🔥 Advance Battery,Bright ideas,Great action by modiji government,2021-05-13T13:43:28Z,0,Positive,0.9555788040161133,Positive
UgwC41Yq-foEzTq_7pF4AaABAg,HrgVAVCSCDE,Finally !! This Pli scheme will make Very Affordable  &quot;ELECTRIC VEHICLE&quot; 🔥 Advance Battery,Bright ideas,Make in india aatma nirbhar bahrat . Boycott chinese products,2021-05-13T17:27:09Z,0,Negative,0.6317691206932068,Negative
UgxbgwleG8jxSowLJu54AaABAg,HrgVAVCSCDE,Finally !! This Pli scheme will make Very Affordable  &quot;ELECTRIC VEHICLE&quot; 🔥 Advance Battery,Bright ideas,I Sometime think and understand that you are PR Maneger of Ruling Government. Your credentials are grim,2021-05-13T09:06:01Z,0,Negative,0.757244884967804,Negative
UgwtPrDL0fN_o3aM19p4AaABAg,HrgVAVCSCDE,Finally !! This Pli scheme will make Very Affordable  &quot;ELECTRIC VEHICLE&quot; 🔥 Advance Battery,Bright ideas,WHAT ABOUT PALGHAR LAST YR MANY CASES UNSOLVED. Don't beg for votes in 2024. India was saved 1st time bcos of god's grace not govt. Now do introspection. 135 cr people man ki baat you have to listen.,2021-05-13T09:44:19Z,0,Negative,0.5678055286407471,Negative
UgxfErvWb_K1GmK6L-t4AaABAg,p9ammOgP4g0,Ola Electric&#39;s Power Move with PLI Scheme,Alankar Gupta,"Alankar Bhai, the criteria to get PLI is very high, so no other 2 wheeler EV companies are getting benefit except OLA. Ather founder talked about this many times. Do make a video on that 😅",2024-03-09T07:18:38Z,1,Neutral,0.6314913034439087,Neutral
Ugxeo7Sd28quUBzRDXF4AaABAg,wNKBlDUrA-U,PLI Scheme Explained | All about Production Linked Incentive Scheme in Hindi : Objectives &amp; Working,5paisa,how to register for PLI scheme for drone?,2024-08-31T05:06:58Z,0,Neutral,0.913701057434082,Neutral
UgxC0tV1cDoWmgpiUWp4AaABAg,wNKBlDUrA-U,PLI Scheme Explained | All about Production Linked Incentive Scheme in Hindi : Objectives &amp; Working,5paisa,Yes please make a full video on the sectors and companies benifiting from PLI schemes,2024-02-07T14:16:30Z,4,Positive,0.5162348747253418,Positive
UgwTRekH6Y6cCjUq8mF4AaABAg,wNKBlDUrA-U,PLI Scheme Explained | All about Production Linked Incentive Scheme in Hindi : Objectives &amp; Working,5paisa,When are Leather and Toy manufacturers going to be added under PLI ?,2024-10-05T21:24:12Z,0,Neutral,0.9346444606781006,Neutral
UgzdkOg9PCcLVW5a-7d4AaABAg,wNKBlDUrA-U,PLI Scheme Explained | All about Production Linked Incentive Scheme in Hindi : Objectives &amp; Working,5paisa,"Hello Devanshi, How to apply in PLI scheme ?? tell me the website",2024-12-24T12:55:45Z,0,Neutral,0.8915741443634033,Neutral
UgzhZ64xEGOdzT8l0UF4AaABAg,RsRMUDet14U,PLI Scheme explained like never before! watch how India rewards companies for making more.,Pavneet Singh - UPSC ,Why west bengal govt stopped it,2025-09-20T02:23:34Z,0,Neutral,0.5654280781745911,Neutral
UgxNwMgjhttttpBKcf54AaABAg,uQ4RDUGUdmE,Government&#39;s PLI Scheme Explained,carandbike,Greatest Scheme for Automobile Sector and it's Beneficial,2021-09-24T19:30:04Z,1,Positive,0.9698514342308044,Positive
Ugwr9bEk_bZomgz_XUF4AaABAg,uQ4RDUGUdmE,Government&#39;s PLI Scheme Explained,carandbike,Does Toyota Camry benefits from this?,2021-09-24T11:17:43Z,1,Neutral,0.8902044296264648,Neutral
Ugw7-TVWH0J7eC_XXep4AaABAg,uQ4RDUGUdmE,Government&#39;s PLI Scheme Explained,carandbike,"What about the end users, where the actual sales come from........ GST has to reduce from 28% to 18% at least for bellow 10 Lakh Ex showroom cost for 4 wheelers & bellow 2.5 Lakh ex showroom cost for 2 wheelers. And 12% GST on CNG Vehicles like 5% EV'S. ....",2021-09-24T10:12:13Z,1,Neutral,0.5723836421966553,Neutral
UgzR9KD1WCObUbzPcLp4AaABAg,5pxfyuDfQqI,What is Tamil Nadu&#39;s new Electric Vehicle Policy?,The Hindu,Tamilnadu rocks in electric vehicle policy....,2019-09-22T17:23:54Z,19,Neutral,0.6882763504981995,Neutral
UgyHUAO79SZe9e3oent4AaABAg,5pxfyuDfQqI,What is Tamil Nadu&#39;s new Electric Vehicle Policy?,The Hindu,Cool hats of to the government of Tamil Nadu they are at least concerned bout the environment good move folks love from a Telugite 😊,2019-09-25T11:06:36Z,12,Positive,0.9577335119247437,Positive
UgyP5g_9nTiquqOpTu94AaABAg,5pxfyuDfQqI,What is Tamil Nadu&#39;s new Electric Vehicle Policy?,The Hindu,"I'm from Karnataka Bangalore and I'm Kannadiga and it's always a better policy brought by Tamil Nadu government, I don't know why we don't bring such changes !!!.. all our political leaders think about is authority and money !!!...",2019-09-25T17:33:27Z,12,Neutral,0.41043367981910706,Neutral
UgyNWbYJm0FNYQAe5Md4AaABAg,5pxfyuDfQqI,What is Tamil Nadu&#39;s new Electric Vehicle Policy?,The Hindu,UP government should learn something from them,2019-09-25T10:59:47Z,4,Neutral,0.6753606796264648,Neutral
Ugx_14Cj8rZGDi7KQ_d4AaABAg,5pxfyuDfQqI,What is Tamil Nadu&#39;s new Electric Vehicle Policy?,The Hindu,Can you make a video on how Odisha has decreased it's poverty and how it social landscape is changing? And the impact? Also how the education and health landscape of Government institutes is changing massively in Delhi? And it's impacts?,2019-09-22T09:31:48Z,4,Neutral,0.8804420828819275,Neutral
UgynechSIO15x1Fc7Ul4AaABAg,5pxfyuDfQqI,What is Tamil Nadu&#39;s new Electric Vehicle Policy?,The Hindu,I think there should be one comprehensive policy for whole nation,2019-09-23T14:04:47Z,2,Neutral,0.7508329153060913,Neutral
UgyXzuY6kYUWaGUmvkd4AaABAg,i299MB9gv04,"Made Simple: Maharashtra Electric Vehicle Policy, 2021 | Explained",Indie Journal,Thanks to Maharashtra Government ❤️🚩🚩🧡🧡,2021-07-16T14:15:52Z,3,Positive,0.9837247133255005,Positive
UgzJQEeYR0fydiWt8-Z4AaABAg,i299MB9gv04,"Made Simple: Maharashtra Electric Vehicle Policy, 2021 | Explained",Indie Journal,How to apply for electric vehicle subsidy?,2021-08-09T17:24:18Z,0,Neutral,0.882340669631958,Neutral
Ugwx3xdQ1CS_Mzlx2ZN4AaABAg,i299MB9gv04,"Made Simple: Maharashtra Electric Vehicle Policy, 2021 | Explained",Indie Journal,Maharashtra me bahot companions ne abhi tak ev subsidy update nahi ki hai kya kare? Plz is pr video banao.,2021-08-13T05:39:08Z,0,Neutral,0.7989243268966675,Neutral
Ugy0gp9TylWKRBWFaxp4AaABAg,i299MB9gv04,"Made Simple: Maharashtra Electric Vehicle Policy, 2021 | Explained",Indie Journal,I want to purchase a TATA nexon EV top-end model (XZ+ lux + dark Edition) with BH registration (Bharat) from RTO at pune. Can I still avail the new bird scheme (total 2.5 lakh subsidy) ? How to avail the government subsidy ? How much time is usually the waiting period of nexon delivery ?,2021-09-19T10:00:27Z,0,Neutral,0.8636878728866577,Neutral
UgzIz3v8oPiKIR_qYSN4AaABAg,i299MB9gv04,"Made Simple: Maharashtra Electric Vehicle Policy, 2021 | Explained",Indie Journal,"If I buy Tata Nexon EV xz+ LUX top end variant in Maharashtra, how much subsidy I will get.. Top model variant x showroom pune cost is 16,56000.",2021-07-24T12:45:28Z,0,Neutral,0.8540948629379272,Neutral
UgwcQv4EJs9YFS0zxBV4AaABAg,i299MB9gv04,"Made Simple: Maharashtra Electric Vehicle Policy, 2021 | Explained",Indie Journal,DEAR INDIE JOURNAL PLEASE HELP MAHARASHTRA EV POLICY IS ON PAPER ONLY NO INPLEMENTATION YET I HAVE BOOKED ON 24 JULY 2021 NEXON EV AND DEALER IS READY TO DELIVER CAR BUT DUE TO NO CLARITY FROM MH GOVT THEY ARE DELAYING.,2021-08-25T07:46:50Z,0,Negative,0.6403616666793823,Negative
UgyVGisejIgTkb_zTEF4AaABAg,i299MB9gv04,"Made Simple: Maharashtra Electric Vehicle Policy, 2021 | Explained",Indie Journal,"Hi, Recently ola launch 2 wheeler, costing 99,999/- can you help me to understand how much subsidy i will get while buying it in Maharashtra",2021-08-16T12:17:38Z,2,Neutral,0.8217424154281616,Neutral
UgxXhklgVMBfYSl01Zd4AaABAg,i299MB9gv04,"Made Simple: Maharashtra Electric Vehicle Policy, 2021 | Explained",Indie Journal,"Dear Ma'am, Is there any update from when the maharashtra state ev policy will come in effect? Plz update Thank you.",2021-07-22T05:07:51Z,0,Neutral,0.8917363882064819,Neutral
Ugwd3BfH3UW5H-ykDsl4AaABAg,8KvtsTMrvyc,Experts Discuss How Will Battery Swapping Policy Lead To More EV Adoption | Budget 2022 | CNBC-TV18,CNBC-TV18,Battery swapping won't work. Focus on electric charging stations. Tesla discarded working on battery swapping long back due to this.,2022-02-08T14:47:37Z,0,Negative,0.7980065941810608,Negative
UgxE4I7ZgCEkr_uYNUp4AaABAg,D-pOw-bGg-A,Big Battery Swapping Policy For EV Announced in Budget | FM Nirmala Sitharaman,Electric Vehicles India,Govt bus should also be electric and at every 50 km there should be a E-bus stand with swap facility,2022-02-01T08:36:15Z,14,Neutral,0.8571720719337463,Neutral
Ugx7WC-Dq0EZX3iBbNR4AaABAg,D-pOw-bGg-A,Big Battery Swapping Policy For EV Announced in Budget | FM Nirmala Sitharaman,Electric Vehicles India,Government should support start ups and entrepreneurs by giving interest free loans and space with infrastructure to small scale and medium industries like China and US did for industrial revolution.,2022-02-01T07:30:01Z,14,Positive,0.5089130401611328,Positive
Ugy2mpsI45MAZWRt4Mx4AaABAg,D-pOw-bGg-A,Big Battery Swapping Policy For EV Announced in Budget | FM Nirmala Sitharaman,Electric Vehicles India,Excellent policy 👍🏽👌🏽,2022-02-01T07:14:56Z,3,Positive,0.9706372022628784,Positive
UgzGJqDjGY1U6Az5fbF4AaABAg,D-pOw-bGg-A,Big Battery Swapping Policy For EV Announced in Budget | FM Nirmala Sitharaman,Electric Vehicles India,"All words as always.. battery swapping tech is a temporary stop gap method to full electrification Shows how lost she is...bolt EV has already set up more than 500+ charging points for EV charging at every shop, restaurant,etc in Bangalore..it took them just 3-4 months",2022-02-01T08:16:04Z,7,Negative,0.7071519494056702,Negative
UgyiDwB9GNF247sLpWd4AaABAg,D-pOw-bGg-A,Big Battery Swapping Policy For EV Announced in Budget | FM Nirmala Sitharaman,Electric Vehicles India,There must be strong support for ev manufacturers n customers to boost green economy n sustainable planet ❗hope customers will get huge subsidy for EVs,2022-02-01T12:38:17Z,2,Positive,0.8609099984169006,Positive
Ugz67179jq9BLUmlsz54AaABAg,D-pOw-bGg-A,Big Battery Swapping Policy For EV Announced in Budget | FM Nirmala Sitharaman,Electric Vehicles India,RACEnergy has also recently released a video of their battery swapping technology - it looks like a very advanced system,2022-02-17T04:41:03Z,0,Positive,0.9579901099205017,Positive
Ugzh5Wf2B7udNUTXBJ14AaABAg,D-pOw-bGg-A,Big Battery Swapping Policy For EV Announced in Budget | FM Nirmala Sitharaman,Electric Vehicles India,*Battery-swapping is much inferior to charging stations. I don't know who decided that silly direction. It will just end up being a useless waste. Charging stations are the better solution by far.*,2022-02-02T03:17:57Z,3,Negative,0.8727542161941528,Negative
UgxULlIyXvDf-MuE0KF4AaABAg,D-pOw-bGg-A,Big Battery Swapping Policy For EV Announced in Budget | FM Nirmala Sitharaman,Electric Vehicles India,no state subsidy in uttar pradesh,2022-02-01T07:26:37Z,1,Neutral,0.8012612462043762,Neutral
Ugya8JFxDxrlM1v5DzJ4AaABAg,D-pOw-bGg-A,Big Battery Swapping Policy For EV Announced in Budget | FM Nirmala Sitharaman,Electric Vehicles India,"Sounds like pandering to hero for thier upcoming bikes. I doubt it will be bounce that will be the standard. Battery swapping will end up being abandoned due to theft, poorly maintained and non stocked batteries in popular locations leading to swap anxiety. The issue is weight and reliability. If a battery is left in rain, dropped or overstressed it could fail stranding rider or damaging bike. There will be little cost advantage over petrol as profit in swapping will soon eat the subsidy. Cars are too big for swapping so as tech improves to solve cars, bikes will be fast to recharge",2022-02-05T08:55:22Z,1,Negative,0.6793918609619141,Negative
Ugyr6_KltIjKNkkS7JF4AaABAg,D-pOw-bGg-A,Big Battery Swapping Policy For EV Announced in Budget | FM Nirmala Sitharaman,Electric Vehicles India,Battery swapping is not solution & its not viable. Only fast changing networks are successful all over the world......,2022-02-01T12:34:50Z,2,Negative,0.7057231664657593,Negative
Ugw52zcYW1r-kdFSdhV4AaABAg,D-pOw-bGg-A,Big Battery Swapping Policy For EV Announced in Budget | FM Nirmala Sitharaman,Electric Vehicles India,"electric vehicles will take some action in our state, we request the West Bengal government.",2022-02-01T15:47:00Z,0,Neutral,0.8096567392349243,Neutral
UgxYFRVS8JpixrX88jx4AaABAg,D-pOw-bGg-A,Big Battery Swapping Policy For EV Announced in Budget | FM Nirmala Sitharaman,Electric Vehicles India,are there any changes in EV Subsidy's like increase or decrease,2022-02-01T09:04:21Z,0,Neutral,0.9437645673751831,Neutral
UgxjdrA9wK5s8MAUC854AaABAg,D-pOw-bGg-A,Big Battery Swapping Policy For EV Announced in Budget | FM Nirmala Sitharaman,Electric Vehicles India,worst state government ever.no policies,2022-02-01T07:26:53Z,0,Negative,0.9491220116615295,Negative
UgwJBSS9rKhmsE4TXAF4AaABAg,D-pOw-bGg-A,Big Battery Swapping Policy For EV Announced in Budget | FM Nirmala Sitharaman,Electric Vehicles India,This not at useful for taxpayers,2022-02-01T16:13:08Z,0,Negative,0.8419893980026245,Negative
Ugy7I_RNH48Pn-2GVWV4AaABAg,D-pOw-bGg-A,Big Battery Swapping Policy For EV Announced in Budget | FM Nirmala Sitharaman,Electric Vehicles India,"Battery swapping is a joke. this government is a joke and they clearly think that EV owners are a joke If they were even 1% serious about EVs, they would have pushed for more than just battery swapping",2022-02-02T03:37:24Z,0,Negative,0.9184721112251282,Negative
Ugww_X58hM7xjxQxOs14AaABAg,EfJIsOE1Cy8,"Delhi Set to Unveil EV Policy with Subsidies for Two-Wheelers, Three-Wheelers Next Month | News18",CNN-News18,Why Haryana not announcing its EV policy as Delhi is surrounded on 3 sides by Haryana. And lot of polluting petrol diesel vehicles enter from Haryana into Delhi.,2025-12-24T08:54:40Z,2,Negative,0.6121352910995483,Negative
Ugx-BnphS2fKrnAumNp4AaABAg,EfJIsOE1Cy8,"Delhi Set to Unveil EV Policy with Subsidies for Two-Wheelers, Three-Wheelers Next Month | News18",CNN-News18,"Everyone knows & understands it well that even when previous govt was passing policies, then it is the central govt party LG of Delhi who had always been delaying or passing back the refunds, reimbursements, cashback, subsidies & what not... At least I am literate & educated enough to see clearly through the blame games & politics... It's not that one party is to be only blamed, it's sadly been always true in indian dirty politics since independence across through decades but now it's even becoming worse...",2025-12-25T05:57:51Z,0,Negative,0.5425707101821899,Negative
Ugy7f1meyptoE-vMXIV4AaABAg,luqus3IC754,Is Delhi’s EV policy Swapping Petrol Cars for Electric Traffic Jams?,The Climate Brief by Rainmatter ,"Instead of regulating 2 wheelers, Delhi should make only ev car allowed from 2027, auto rickshaw policy is good but richshaws have to be limited too, plus electric buses should be added rapidly",2026-05-10T14:52:02Z,3,Neutral,0.7627325654029846,Neutral
UgzSv3F3mcopVzZt9jF4AaABAg,luqus3IC754,Is Delhi’s EV policy Swapping Petrol Cars for Electric Traffic Jams?,The Climate Brief by Rainmatter ,they just want to scrap vehicles so they can make money through GST. They are not interested in reducing pollution because if they were if they would npt be relaxing standards for power plants. Also no one wants to take action against polluting factories,2026-05-10T11:32:31Z,18,Negative,0.8279103636741638,Negative
Ugwp-2a_SEue2qN7-Ct4AaABAg,luqus3IC754,Is Delhi’s EV policy Swapping Petrol Cars for Electric Traffic Jams?,The Climate Brief by Rainmatter ,"""Direction is more important than Speed"" Totally hopeless situation with the govt., having so many thinktanks and visits abroad didn't open their eyes, nothing will.",2026-05-13T17:16:52Z,0,Negative,0.855745792388916,Negative
UgyJMF27cnBH6teEedJ4AaABAg,luqus3IC754,Is Delhi’s EV policy Swapping Petrol Cars for Electric Traffic Jams?,The Climate Brief by Rainmatter ,Delhi is a sunken ship imo. Focus somewhere else. Delhi wale log don't care. Their govt don't care. Those who care have no option other than to leave.,2026-05-11T12:17:37Z,0,Negative,0.8399229049682617,Negative
